{
	"credit": "Made with Blockbench",
	"texture_size": [32, 32],
	"textures": {
		"0": "./1",
		"1": "./2",
		"2": "./3",
		"particle": "./1"
	},
	"elements": [
		{
			"from": [7.2, -1.6, 7.2],
			"to": [8.8, 3.2, 8.56],
			"rotation": {"angle": 0, "axis": "y", "origin": [7.2, 0, 7.2]},
			"faces": {
				"north": {"uv": [5.5, 0, 5.90625, 1.1875], "texture": "#0"},
				"east": {"uv": [7, 3, 7.34375, 4.1875], "texture": "#0"},
				"south": {"uv": [5.5, 1.25, 5.90625, 2.4375], "texture": "#0"},
				"west": {"uv": [7, 4.25, 7.34375, 5.4375], "texture": "#0"},
				"up": {"uv": [6.90625, 8.34375, 6.5, 8], "texture": "#0"},
				"down": {"uv": [8.40625, 6.5, 8, 6.84375], "texture": "#0"}
			}
		},
		{
			"from": [8, 0.655, 1.08],
			"to": [8, 7.895, 11.48],
			"rotation": {"angle": 0, "axis": "y", "origin": [7.2, 1.575, 8.2]},
			"faces": {
				"north": {"uv": [0, 3.5625, 0, 0], "texture": "#0"},
				"east": {"uv": [5.34375, 3.5625, 2.75, 1.4375], "texture": "#0"},
				"south": {"uv": [0, 3.5625, 0, 0], "texture": "#0"},
				"west": {"uv": [2.75, 3.5625, 5.34375, 1.4375], "texture": "#0"},
				"up": {"uv": [0, 2.59375, 0, 0], "texture": "#0"},
				"down": {"uv": [0, 0, 0, 2.59375], "texture": "#0"}
			}
		},
		{
			"from": [8, -6.57, 1.08],
			"to": [8, 0.67, 11.48],
			"rotation": {"angle": 0, "axis": "y", "origin": [7.2, -0.25, 8.2]},
			"faces": {
				"north": {"uv": [0, 0, 0, 3.5625], "texture": "#0"},
				"east": {"uv": [5.34375, 1.4375, 2.75, 3.5625], "texture": "#0"},
				"south": {"uv": [0, 0, 0, 3.5625], "texture": "#0"},
				"west": {"uv": [2.75, 1.4375, 5.34375, 3.5625], "texture": "#0"},
				"up": {"uv": [0, 2.59375, 0, 0], "texture": "#0"},
				"down": {"uv": [0, 0, 0, 2.59375], "texture": "#0"}
			}
		},
		{
			"from": [7.9, 2.48, 5.48],
			"to": [7.9, 16.72, 12.28],
			"rotation": {"angle": 22.5, "axis": "x", "origin": [7.1, 8.8, 10.6]},
			"faces": {
				"north": {"uv": [0, 0, 0, 3.5625], "texture": "#0"},
				"east": {"uv": [3.4375, 3.75, 1.75, 7.3125], "texture": "#0"},
				"south": {"uv": [0, 0, 0, 3.5625], "texture": "#0"},
				"west": {"uv": [1.75, 3.75, 3.4375, 7.3125], "texture": "#0"},
				"up": {"uv": [0, 1.6875, 0, 0], "texture": "#0"},
				"down": {"uv": [0, 0, 0, 1.6875], "texture": "#0"}
			}
		},
		{
			"from": [8, -15.32, 5.48],
			"to": [8, -1.08, 12.28],
			"rotation": {"angle": -22.5, "axis": "x", "origin": [7.2, -7.4, 10.6]},
			"faces": {
				"north": {"uv": [0, 3.5625, 0, 0], "texture": "#0"},
				"east": {"uv": [3.4375, 7.3125, 1.75, 3.75], "texture": "#0"},
				"south": {"uv": [0, 3.5625, 0, 0], "texture": "#0"},
				"west": {"uv": [1.75, 7.3125, 3.4375, 3.75], "texture": "#0"},
				"up": {"uv": [0, 1.6875, 0, 0], "texture": "#0"},
				"down": {"uv": [0, 0, 0, 1.6875], "texture": "#0"}
			}
		},
		{
			"from": [7.201, 2.50602, 6.40435],
			"to": [8.799, 3.40402, 7.76235],
			"rotation": {"angle": -22.5, "axis": "x", "origin": [7.2, 4.80502, 6.40335]},
			"faces": {
				"north": {"uv": [8.75, 1.25, 9.15625, 1.5], "texture": "#0"},
				"east": {"uv": [9, 6.75, 9.34375, 7], "texture": "#0"},
				"south": {"uv": [8.75, 1.5, 9.15625, 1.75], "texture": "#0"},
				"west": {"uv": [7, 9, 7.34375, 9.25], "texture": "#0"},
				"up": {"uv": [7.40625, 8.34375, 7, 8], "texture": "#0"},
				"down": {"uv": [8.40625, 7, 8, 7.34375], "texture": "#0"}
			}
		},
		{
			"from": [7.202, 2.37156, 5.59089],
			"to": [8.798, 3.28756, 6.96689],
			"rotation": {"angle": -45, "axis": "x", "origin": [7.2, 4.68956, 5.58889]},
			"faces": {
				"north": {"uv": [9, 1, 9.40625, 1.21875], "texture": "#0"},
				"east": {"uv": [9, 8.25, 9.34375, 8.46875], "texture": "#0"},
				"south": {"uv": [4.5, 9, 4.90625, 9.21875], "texture": "#0"},
				"west": {"uv": [8.5, 9, 8.84375, 9.21875], "texture": "#0"},
				"up": {"uv": [8.40625, 7.84375, 8, 7.5], "texture": "#0"},
				"down": {"uv": [8.40625, 8, 8, 8.34375], "texture": "#0"}
			}
		},
		{
			"from": [7.203, 3.9707, 6.3296],
			"to": [8.797, 4.9647, 7.6836],
			"rotation": {"angle": -22.5, "axis": "x", "origin": [8, 4.4677, 7.1266]},
			"faces": {
				"north": {"uv": [8.75, 1.75, 9.15625, 2], "texture": "#0"},
				"east": {"uv": [9, 7, 9.34375, 7.25], "texture": "#0"},
				"south": {"uv": [8.75, 2, 9.15625, 2.25], "texture": "#0"},
				"west": {"uv": [9, 7.25, 9.34375, 7.5], "texture": "#0"},
				"up": {"uv": [8.65625, 5.34375, 8.25, 5], "texture": "#0"},
				"down": {"uv": [8.65625, 5.5, 8.25, 5.84375], "texture": "#0"}
			}
		},
		{
			"from": [7.201, -1.90402, 6.40435],
			"to": [8.799, -0.90602, 7.76235],
			"rotation": {"angle": 22.5, "axis": "x", "origin": [7.2, -3.30502, 6.40335]},
			"faces": {
				"north": {"uv": [8.75, 1.5, 9.15625, 1.25], "texture": "#0"},
				"east": {"uv": [9, 7, 9.34375, 6.75], "texture": "#0"},
				"south": {"uv": [8.75, 1.75, 9.15625, 1.5], "texture": "#0"},
				"west": {"uv": [7, 9.25, 7.34375, 9], "texture": "#0"},
				"up": {"uv": [8.40625, 7.34375, 8, 7], "texture": "#0"},
				"down": {"uv": [7.40625, 8, 7, 8.34375], "texture": "#0"}
			}
		},
		{
			"from": [7.202, -1.78756, 5.59089],
			"to": [8.798, -0.87156, 6.96689],
			"rotation": {"angle": 45, "axis": "x", "origin": [7.2, -3.18956, 5.58889]},
			"faces": {
				"north": {"uv": [9, 1.21875, 9.40625, 1], "texture": "#0"},
				"east": {"uv": [9, 8.46875, 9.34375, 8.25], "texture": "#0"},
				"south": {"uv": [4.5, 9.21875, 4.90625, 9], "texture": "#0"},
				"west": {"uv": [8.5, 9.21875, 8.84375, 9], "texture": "#0"},
				"up": {"uv": [8.40625, 8.34375, 8, 8], "texture": "#0"},
				"down": {"uv": [8.40625, 7.5, 8, 7.84375], "texture": "#0"}
			}
		},
		{
			"from": [7.203, -3.4647, 6.3296],
			"to": [8.797, -2.4707, 7.6836],
			"rotation": {"angle": 22.5, "axis": "x", "origin": [8, -2.9677, 7.1266]},
			"faces": {
				"north": {"uv": [8.75, 2, 9.15625, 1.75], "texture": "#0"},
				"east": {"uv": [9, 7.25, 9.34375, 7], "texture": "#0"},
				"south": {"uv": [8.75, 2.25, 9.15625, 2], "texture": "#0"},
				"west": {"uv": [9, 7.5, 9.34375, 7.25], "texture": "#0"},
				"up": {"uv": [8.65625, 5.84375, 8.25, 5.5], "texture": "#0"},
				"down": {"uv": [8.65625, 5, 8.25, 5.34375], "texture": "#0"}
			}
		},
		{
			"from": [7.2, 4.62349, 6.19616],
			"to": [8.8, 8.22349, 7.55616],
			"rotation": {"angle": 0, "axis": "y", "origin": [8, 5.12349, 6.99616]},
			"faces": {
				"north": {"uv": [7, 5.5, 7.40625, 6.40625], "texture": "#0"},
				"east": {"uv": [4.5, 7.5, 4.84375, 8.40625], "texture": "#0"},
				"south": {"uv": [7, 6.5, 7.40625, 7.40625], "texture": "#0"},
				"west": {"uv": [5, 7.5, 5.34375, 8.40625], "texture": "#0"},
				"up": {"uv": [8.65625, 6.34375, 8.25, 6], "texture": "#0"},
				"down": {"uv": [7.90625, 8.25, 7.5, 8.59375], "texture": "#0"}
			}
		},
		{
			"from": [7.14302, 7.90417, 6.36841],
			"to": [8.74302, 12.10417, 7.72841],
			"rotation": {"angle": 22.5, "axis": "x", "origin": [7.94302, 8.40417, 7.16841]},
			"faces": {
				"north": {"uv": [5.5, 2.5, 5.90625, 3.5625], "texture": "#0"},
				"east": {"uv": [7.84375, 0, 7.5, 1.0625], "texture": "#0"},
				"south": {"uv": [6, 0, 6.40625, 1.0625], "texture": "#0"},
				"west": {"uv": [7.5, 0, 7.84375, 1.0625], "texture": "#0"},
				"up": {"uv": [5.90625, 8.84375, 5.5, 8.5], "texture": "#0"},
				"down": {"uv": [6.90625, 8.5, 6.5, 8.84375], "texture": "#0"}
			}
		},
		{
			"from": [7.14302, -10.7, 6.6],
			"to": [8.74302, -6.5, 7.96],
			"rotation": {"angle": -22.5, "axis": "x", "origin": [7.94302, -7.59583, 7.16841]},
			"faces": {
				"north": {"uv": [5.5, 2.5, 5.90625, 3.5625], "rotation": 180, "texture": "#0"},
				"east": {"uv": [7.5, 0, 7.84375, 1.0625], "rotation": 180, "texture": "#0"},
				"south": {"uv": [6, 0, 6.40625, 1.0625], "rotation": 180, "texture": "#0"},
				"west": {"uv": [7.84375, 0, 7.5, 1.0625], "rotation": 180, "texture": "#0"},
				"up": {"uv": [6.90625, 8.5, 6.5, 8.84375], "rotation": 180, "texture": "#0"},
				"down": {"uv": [5.90625, 8.84375, 5.5, 8.5], "rotation": 180, "texture": "#0"}
			}
		},
		{
			"from": [7.04, 4.58349, 6.11616],
			"to": [8.96, 5.26349, 7.63616],
			"rotation": {"angle": 0, "axis": "y", "origin": [8, 4.92349, 6.99616]},
			"faces": {
				"north": {"uv": [9.25, 3.25, 9.625, 3.40625], "texture": "#0"},
				"east": {"uv": [3, 9.25, 3.375, 9.40625], "texture": "#0"},
				"south": {"uv": [9.25, 3.25, 9.625, 3.40625], "texture": "#0"},
				"west": {"uv": [9.25, 3.25, 9.625, 3.40625], "texture": "#0"},
				"up": {"uv": [8.46875, 0.375, 8, 0], "texture": "#0"},
				"down": {"uv": [8.46875, 0.5, 8, 0.875], "texture": "#0"}
			}
		},
		{
			"from": [7.04, 5.94349, 5.95616],
			"to": [8.96, 7.10349, 7.79616],
			"rotation": {"angle": 0, "axis": "y", "origin": [8, 6.52349, 6.99616]},
			"faces": {
				"north": {"uv": [8.5, 7.5, 8.96875, 7.78125], "texture": "#0"},
				"east": {"uv": [8.5, 7.5, 8.96875, 7.78125], "texture": "#0"},
				"south": {"uv": [8.5, 7.5, 8.96875, 7.78125], "texture": "#0"},
				"west": {"uv": [8.5, 8, 8.96875, 8.28125], "texture": "#0"},
				"up": {"uv": [6.96875, 3.46875, 6.5, 3], "texture": "#0"},
				"down": {"uv": [6.46875, 7.5, 6, 7.96875], "texture": "#0"}
			}
		},
		{
			"from": [6.94, -5.05651, 6.55616],
			"to": [6.94, -3.49651, 8.99616],
			"rotation": {"angle": 0, "axis": "y", "origin": [7.9, -4.27651, 7.89616]},
			"faces": {
				"north": {"uv": [0, 0, 0, 6.25], "texture": "#1"},
				"east": {"uv": [0, 0, 9.75, 6.25], "texture": "#1"},
				"south": {"uv": [0, 0, 0, 6.25], "texture": "#1"},
				"west": {"uv": [0, 8, 9.75, 14.25], "texture": "#1"},
				"up": {"uv": [0, 9.75, 0, 0], "texture": "#1"},
				"down": {"uv": [0, 0, 0, 9.75], "texture": "#1"}
			}
		},
		{
			"from": [6.94, 5.74349, 5.65616],
			"to": [6.94, 7.30349, 8.09616],
			"rotation": {"angle": 0, "axis": "y", "origin": [7.9, 6.52349, 6.99616]},
			"faces": {
				"north": {"uv": [0, 0, 0, 6.25], "texture": "#1"},
				"east": {"uv": [0, 0, 9.75, 6.25], "texture": "#1"},
				"south": {"uv": [0, 0, 0, 6.25], "texture": "#1"},
				"west": {"uv": [0, 8, 9.75, 14.25], "texture": "#1"},
				"up": {"uv": [0, 9.75, 0, 0], "texture": "#1"},
				"down": {"uv": [0, 0, 0, 9.75], "texture": "#1"}
			}
		},
		{
			"from": [9.06, 5.74349, 5.65616],
			"to": [9.06, 7.30349, 8.09616],
			"rotation": {"angle": 0, "axis": "y", "origin": [8.1, 6.52349, 6.99616]},
			"faces": {
				"north": {"uv": [0, 0, 0, 6.25], "texture": "#1"},
				"east": {"uv": [9.75, 8, 0, 14.25], "texture": "#1"},
				"south": {"uv": [0, 0, 0, 6.25], "texture": "#1"},
				"west": {"uv": [9.75, 0, 0, 6.25], "texture": "#1"},
				"up": {"uv": [0, 9.75, 0, 0], "texture": "#1"},
				"down": {"uv": [0, 0, 0, 9.75], "texture": "#1"}
			}
		},
		{
			"from": [9.06, -5.65651, 5.65616],
			"to": [9.06, -4.09651, 8.09616],
			"rotation": {"angle": 0, "axis": "y", "origin": [8.1, -4.87651, 6.99616]},
			"faces": {
				"north": {"uv": [0, 0, 0, 6.25], "texture": "#1"},
				"east": {"uv": [9.75, 14.25, 0, 8], "texture": "#1"},
				"south": {"uv": [0, 0, 0, 6.25], "texture": "#1"},
				"west": {"uv": [9.75, 0, 0, 6.25], "texture": "#1"},
				"up": {"uv": [0, 9.75, 0, 0], "texture": "#1"},
				"down": {"uv": [0, 0, 0, 9.75], "texture": "#1"}
			}
		},
		{
			"from": [6.94, -0.15651, 6.55616],
			"to": [6.94, 1.65349, 8.19616],
			"rotation": {"angle": 0, "axis": "y", "origin": [7.9, -0.37651, 7.99616]},
			"faces": {
				"north": {"uv": [0, 0, 0, 6.25], "texture": "#1"},
				"east": {"uv": [9.75, 14.25, 0, 8], "texture": "#1"},
				"south": {"uv": [0, 0, 0, 6.25], "texture": "#1"},
				"west": {"uv": [0, 14.25, 9.75, 8], "texture": "#1"},
				"up": {"uv": [0, 9.75, 0, 0], "texture": "#1"},
				"down": {"uv": [0, 0, 0, 9.75], "texture": "#1"}
			}
		},
		{
			"from": [9.06, -0.15651, 6.55616],
			"to": [9.06, 1.65349, 9.19616],
			"rotation": {"angle": 0, "axis": "y", "origin": [8.1, 0.62349, 7.99616]},
			"faces": {
				"north": {"uv": [0, 0, 0, 6.25], "texture": "#1"},
				"east": {"uv": [9.75, 14.25, 0, 8], "texture": "#1"},
				"south": {"uv": [0, 0, 0, 6.25], "texture": "#1"},
				"west": {"uv": [9.75, 14.25, 0, 8], "texture": "#1"},
				"up": {"uv": [0, 9.75, 0, 0], "texture": "#1"},
				"down": {"uv": [0, 0, 0, 9.75], "texture": "#1"}
			}
		},
		{
			"from": [7.04, 7.54349, 6.03616],
			"to": [8.88, 8.38349, 7.63616],
			"rotation": {"angle": 22.5, "axis": "x", "origin": [8, 7.88349, 6.99616]},
			"faces": {
				"north": {"uv": [5, 9, 5.40625, 9.21875], "texture": "#0"},
				"east": {"uv": [5, 9, 5.40625, 9.21875], "texture": "#0"},
				"south": {"uv": [5.5, 9, 5.90625, 9.21875], "texture": "#0"},
				"west": {"uv": [5.5, 9, 5.90625, 9.21875], "texture": "#0"},
				"up": {"uv": [7.96875, 7.15625, 7.5, 6.75], "texture": "#0"},
				"down": {"uv": [7.46875, 7.5, 7, 7.90625], "texture": "#0"}
			}
		},
		{
			"from": [7.04, -3.66349, 6.11616],
			"to": [8.96, -2.98349, 7.63616],
			"rotation": {"angle": 0, "axis": "y", "origin": [8, -3.32349, 6.99616]},
			"faces": {
				"north": {"uv": [9.25, 3.40625, 9.625, 3.25], "texture": "#0"},
				"east": {"uv": [3, 9.40625, 3.375, 9.25], "texture": "#0"},
				"south": {"uv": [9.25, 3.40625, 9.625, 3.25], "texture": "#0"},
				"west": {"uv": [9.25, 3.40625, 9.625, 3.25], "texture": "#0"},
				"up": {"uv": [8.46875, 0.875, 8, 0.5], "texture": "#0"},
				"down": {"uv": [8.46875, 0, 8, 0.375], "texture": "#0"}
			}
		},
		{
			"from": [7.04, -5.50349, 5.95616],
			"to": [8.96, -4.34349, 7.79616],
			"rotation": {"angle": 0, "axis": "y", "origin": [8, -4.92349, 6.99616]},
			"faces": {
				"north": {"uv": [8.5, 7.78125, 8.96875, 7.5], "texture": "#0"},
				"east": {"uv": [8.5, 7.78125, 8.96875, 7.5], "texture": "#0"},
				"south": {"uv": [8.5, 7.78125, 8.96875, 7.5], "texture": "#0"},
				"west": {"uv": [8.5, 8.28125, 8.96875, 8], "texture": "#0"},
				"up": {"uv": [6.46875, 7.96875, 6, 7.5], "texture": "#0"},
				"down": {"uv": [6.96875, 3, 6.5, 3.46875], "texture": "#0"}
			}
		},
		{
			"from": [7.04, -6.78349, 6.03616],
			"to": [8.88, -5.94349, 7.63616],
			"rotation": {"angle": -22.5, "axis": "x", "origin": [8, -6.28349, 6.99616]},
			"faces": {
				"north": {"uv": [5, 9.21875, 5.40625, 9], "texture": "#0"},
				"east": {"uv": [5, 9.21875, 5.40625, 9], "texture": "#0"},
				"south": {"uv": [5, 9.21875, 5.40625, 9], "texture": "#0"},
				"west": {"uv": [5.5, 9.21875, 5.90625, 9], "texture": "#0"},
				"up": {"uv": [7.46875, 7.90625, 7, 7.5], "texture": "#0"},
				"down": {"uv": [7.96875, 6.75, 7.5, 7.15625], "texture": "#0"}
			}
		},
		{
			"from": [7.46302, 11.24417, 7.54841],
			"to": [8.42302, 13.72417, 8.66841],
			"rotation": {"angle": -22.5, "axis": "x", "origin": [7.94302, 11.74417, 8.18841]},
			"faces": {
				"north": {"uv": [6, 8, 6.25, 8.625], "texture": "#0"},
				"east": {"uv": [3.5, 8, 3.78125, 8.625], "texture": "#0"},
				"south": {"uv": [6.25, 8, 6.5, 8.625], "texture": "#0"},
				"west": {"uv": [8, 4.25, 8.28125, 4.875], "texture": "#0"},
				"up": {"uv": [9.5, 2.53125, 9.25, 2.25], "texture": "#0"},
				"down": {"uv": [9.5, 2.75, 9.25, 3.03125], "texture": "#0"}
			}
		},
		{
			"from": [8.53698, 12.54417, 5.48841],
			"to": [8.53698, 13.74417, 10.12841],
			"rotation": {"angle": -22.5, "axis": "x", "origin": [8.53698, 13.02417, 7.54841]},
			"faces": {
				"north": {"uv": [0, 0, 0, 0.3125], "texture": "#0"},
				"east": {"uv": [8.65625, 2.75, 7.5, 3.0625], "texture": "#0"},
				"south": {"uv": [0, 0, 0, 0.3125], "texture": "#0"},
				"west": {"uv": [7.5, 2.75, 8.65625, 3.0625], "texture": "#0"},
				"up": {"uv": [0, 1.15625, 0, 0], "texture": "#0"},
				"down": {"uv": [0, 0, 0, 1.15625], "texture": "#0"}
			}
		},
		{
			"from": [7.30302, 12.54417, 5.48841],
			"to": [7.30302, 13.74417, 10.12841],
			"rotation": {"angle": -22.5, "axis": "x", "origin": [7.30302, 13.02417, 7.54841]},
			"faces": {
				"north": {"uv": [0, 0, 0, 0.3125], "texture": "#0"},
				"east": {"uv": [8.65625, 2.75, 7.5, 3.0625], "texture": "#0"},
				"south": {"uv": [0, 0, 0, 0.3125], "texture": "#0"},
				"west": {"uv": [7.5, 2.75, 8.65625, 3.0625], "texture": "#0"},
				"up": {"uv": [0, 1.15625, 0, 0], "texture": "#0"},
				"down": {"uv": [0, 0, 0, 1.15625], "texture": "#0"}
			}
		},
		{
			"from": [7.30302, 13.74417, 4.84841],
			"to": [8.50302, 13.74417, 10.36841],
			"rotation": {"angle": -22.5, "axis": "x", "origin": [7.78302, 13.74417, 7.54841]},
			"faces": {
				"north": {"uv": [0, 0, 0.3125, 0], "texture": "#0"},
				"east": {"uv": [0, 0, 1.375, 0], "texture": "#0"},
				"south": {"uv": [0, 0, 0.3125, 0], "texture": "#0"},
				"west": {"uv": [0, 0, 1.375, 0], "texture": "#0"},
				"up": {"uv": [7.3125, 1.375, 7, 0], "texture": "#0"},
				"down": {"uv": [7.3125, 1.375, 7, 0], "texture": "#0"}
			}
		},
		{
			"from": [7.30302, -12.04417, 4.84841],
			"to": [8.50302, -12.04417, 10.36841],
			"rotation": {"angle": 22.5, "axis": "x", "origin": [7.78302, -12.04417, 7.54841]},
			"faces": {
				"north": {"uv": [0, 0, 0.3125, 0], "texture": "#0"},
				"east": {"uv": [0, 0, 1.375, 0], "texture": "#0"},
				"south": {"uv": [0, 0, 0.3125, 0], "texture": "#0"},
				"west": {"uv": [0, 0, 1.375, 0], "texture": "#0"},
				"up": {"uv": [7.3125, 0, 7, 1.375], "texture": "#0"},
				"down": {"uv": [7.3125, 0, 7, 1.375], "texture": "#0"}
			}
		},
		{
			"from": [7.30302, -12.04417, 5.48841],
			"to": [7.30302, -10.84417, 10.12841],
			"rotation": {"angle": 22.5, "axis": "x", "origin": [7.30302, -11.32417, 7.54841]},
			"faces": {
				"north": {"uv": [0, 0.3125, 0, 0], "texture": "#0"},
				"east": {"uv": [8.65625, 3.0625, 7.5, 2.75], "texture": "#0"},
				"south": {"uv": [0, 0.3125, 0, 0], "texture": "#0"},
				"west": {"uv": [7.5, 3.0625, 8.65625, 2.75], "texture": "#0"},
				"up": {"uv": [0, 1.15625, 0, 0], "texture": "#0"},
				"down": {"uv": [0, 0, 0, 1.15625], "texture": "#0"}
			}
		},
		{
			"from": [8.53698, -12.04417, 5.48841],
			"to": [8.53698, -10.84417, 10.12841],
			"rotation": {"angle": 22.5, "axis": "x", "origin": [8.53698, -11.32417, 7.54841]},
			"faces": {
				"north": {"uv": [0, 0.3125, 0, 0], "texture": "#0"},
				"east": {"uv": [8.65625, 3.0625, 7.5, 2.75], "texture": "#0"},
				"south": {"uv": [0, 0.3125, 0, 0], "texture": "#0"},
				"west": {"uv": [7.5, 3.0625, 8.65625, 2.75], "texture": "#0"},
				"up": {"uv": [0, 1.15625, 0, 0], "texture": "#0"},
				"down": {"uv": [0, 0, 0, 1.15625], "texture": "#0"}
			}
		},
		{
			"from": [7.31698, 13.33539, 6.70936],
			"to": [8.43698, 14.69539, 6.70936],
			"rotation": {"angle": 0, "axis": "y", "origin": [7.95698, 13.83539, 7.18936]},
			"faces": {
				"north": {"uv": [4, 9, 4.28125, 9.34375], "texture": "#0"},
				"east": {"uv": [0, 0, 0, 0.34375], "texture": "#0"},
				"south": {"uv": [9, 4, 9.28125, 4.34375], "texture": "#0"},
				"west": {"uv": [0, 0, 0, 0.34375], "texture": "#0"},
				"up": {"uv": [0.28125, 0, 0, 0], "texture": "#0"},
				"down": {"uv": [0.28125, 0, 0, 0], "texture": "#0"}
			}
		},
		{
			"from": [7.36302, 13.43539, 6.69936],
			"to": [7.36302, 14.79539, 7.81936],
			"rotation": {"angle": 0, "axis": "y", "origin": [7.84302, 13.93539, 7.33936]},
			"faces": {
				"north": {"uv": [0, 0, 0, 0.34375], "texture": "#0"},
				"east": {"uv": [2, 9, 2.28125, 9.34375], "texture": "#0"},
				"south": {"uv": [0, 0, 0, 0.34375], "texture": "#0"},
				"west": {"uv": [2.5, 9, 2.78125, 9.34375], "texture": "#0"},
				"up": {"uv": [0, 0.28125, 0, 0], "texture": "#0"},
				"down": {"uv": [0, 0, 0, 0.28125], "texture": "#0"}
			}
		},
		{
			"from": [8.43698, 13.43539, 6.69936],
			"to": [8.43698, 14.79539, 7.81936],
			"rotation": {"angle": 0, "axis": "y", "origin": [7.95698, 13.93539, 7.33936]},
			"faces": {
				"north": {"uv": [0, 0, 0, 0.34375], "texture": "#0"},
				"east": {"uv": [2.5, 9, 2.78125, 9.34375], "texture": "#0"},
				"south": {"uv": [0, 0, 0, 0.34375], "texture": "#0"},
				"west": {"uv": [1.5, 9, 1.78125, 9.34375], "texture": "#0"},
				"up": {"uv": [0, 0.28125, 0, 0], "texture": "#0"},
				"down": {"uv": [0, 0, 0, 0.28125], "texture": "#0"}
			}
		},
		{
			"from": [8.83698, 8.33539, 6.39936],
			"to": [8.83698, 8.89539, 8.01936],
			"rotation": {"angle": 22.5, "axis": "x", "origin": [8.35698, 8.83539, 7.33936]},
			"faces": {
				"north": {"uv": [0, 0, 0, 0.34375], "texture": "#0"},
				"east": {"uv": [2.5, 9, 2.78125, 9.21562], "texture": "#0"},
				"south": {"uv": [0, 0, 0, 0.34375], "texture": "#0"},
				"west": {"uv": [1.5, 9, 1.78125, 9.34375], "texture": "#0"},
				"up": {"uv": [0, 0.28125, 0, 0], "texture": "#0"},
				"down": {"uv": [0, 0, 0, 0.28125], "texture": "#0"}
			}
		},
		{
			"from": [7.06302, 8.33539, 6.39936],
			"to": [7.06302, 8.89539, 8.01936],
			"rotation": {"angle": 22.5, "axis": "x", "origin": [7.54302, 8.83539, 7.33936]},
			"faces": {
				"north": {"uv": [0, 0, 0, 0.34375], "texture": "#0"},
				"east": {"uv": [1.78125, 9, 1.5, 9.34375], "texture": "#0"},
				"south": {"uv": [0, 0, 0, 0.34375], "texture": "#0"},
				"west": {"uv": [2.78125, 9, 2.5, 9.21562], "texture": "#0"},
				"up": {"uv": [0, 0.28125, 0, 0], "texture": "#0"},
				"down": {"uv": [0, 0, 0, 0.28125], "texture": "#0"}
			}
		},
		{
			"from": [7.06698, 8.53539, 6.45936],
			"to": [8.83698, 9.09539, 6.45936],
			"rotation": {"angle": 22.5, "axis": "x", "origin": [8.15698, 9.03539, 6.93936]},
			"faces": {
				"north": {"uv": [2.5, 9, 2.78125, 9.21562], "texture": "#0"},
				"east": {"uv": [0, 0, 0, 0.34375], "texture": "#0"},
				"south": {"uv": [1.5, 9, 1.78125, 9.34375], "texture": "#0"},
				"west": {"uv": [0, 0, 0, 0.34375], "texture": "#0"},
				"up": {"uv": [0, 0.28125, 0, 0], "rotation": 270, "texture": "#0"},
				"down": {"uv": [0, 0, 0, 0.28125], "rotation": 90, "texture": "#0"}
			}
		},
		{
			"from": [7.11698, 7.83539, 7.85936],
			"to": [8.73698, 8.39539, 7.85936],
			"rotation": {"angle": 22.5, "axis": "x", "origin": [8.05698, 8.33539, 8.33936]},
			"faces": {
				"north": {"uv": [2.5, 9, 2.78125, 9.21562], "texture": "#0"},
				"east": {"uv": [0, 0, 0, 0.34375], "texture": "#0"},
				"south": {"uv": [1.5, 9, 1.78125, 9.34375], "texture": "#0"},
				"west": {"uv": [0, 0, 0, 0.34375], "texture": "#0"},
				"up": {"uv": [0, 0.28125, 0, 0], "rotation": 270, "texture": "#0"},
				"down": {"uv": [0, 0, 0, 0.28125], "rotation": 90, "texture": "#0"}
			}
		},
		{
			"from": [7.06698, -7.49539, 6.45936],
			"to": [8.83698, -6.93539, 6.45936],
			"rotation": {"angle": -22.5, "axis": "x", "origin": [8.15698, -7.43539, 6.93936]},
			"faces": {
				"north": {"uv": [2.5, 9.21562, 2.78125, 9], "texture": "#0"},
				"east": {"uv": [0, 0.34375, 0, 0], "texture": "#0"},
				"south": {"uv": [1.5, 9.34375, 1.78125, 9], "texture": "#0"},
				"west": {"uv": [0, 0.34375, 0, 0], "texture": "#0"},
				"up": {"uv": [0, 0, 0, 0.28125], "rotation": 90, "texture": "#0"},
				"down": {"uv": [0, 0.28125, 0, 0], "rotation": 270, "texture": "#0"}
			}
		},
		{
			"from": [8.83698, -7.29539, 6.39936],
			"to": [8.83698, -6.73539, 8.01936],
			"rotation": {"angle": -22.5, "axis": "x", "origin": [8.35698, -7.23539, 7.33936]},
			"faces": {
				"north": {"uv": [0, 0.34375, 0, 0], "texture": "#0"},
				"east": {"uv": [2.5, 9.21562, 2.78125, 9], "texture": "#0"},
				"south": {"uv": [0, 0.34375, 0, 0], "texture": "#0"},
				"west": {"uv": [1.5, 9.34375, 1.78125, 9], "texture": "#0"},
				"up": {"uv": [0, 0.28125, 0, 0], "texture": "#0"},
				"down": {"uv": [0, 0, 0, 0.28125], "texture": "#0"}
			}
		},
		{
			"from": [7.06302, -7.29539, 6.39936],
			"to": [7.06302, -6.73539, 8.01936],
			"rotation": {"angle": -22.5, "axis": "x", "origin": [7.54302, -7.23539, 7.33936]},
			"faces": {
				"north": {"uv": [0, 0.34375, 0, 0], "texture": "#0"},
				"east": {"uv": [1.78125, 9.34375, 1.5, 9], "texture": "#0"},
				"south": {"uv": [0, 0.34375, 0, 0], "texture": "#0"},
				"west": {"uv": [2.78125, 9.21562, 2.5, 9], "texture": "#0"},
				"up": {"uv": [0, 0.28125, 0, 0], "texture": "#0"},
				"down": {"uv": [0, 0, 0, 0.28125], "texture": "#0"}
			}
		},
		{
			"from": [7.11698, -6.79539, 7.85936],
			"to": [8.73698, -6.23539, 7.85936],
			"rotation": {"angle": -22.5, "axis": "x", "origin": [8.05698, -6.73539, 8.33936]},
			"faces": {
				"north": {"uv": [2.5, 9.21562, 2.78125, 9], "texture": "#0"},
				"east": {"uv": [0, 0.34375, 0, 0], "texture": "#0"},
				"south": {"uv": [1.5, 9.34375, 1.78125, 9], "texture": "#0"},
				"west": {"uv": [0, 0.34375, 0, 0], "texture": "#0"},
				"up": {"uv": [0, 0, 0, 0.28125], "rotation": 90, "texture": "#0"},
				"down": {"uv": [0, 0.28125, 0, 0], "rotation": 270, "texture": "#0"}
			}
		},
		{
			"from": [7.31698, 13.58539, 7.80936],
			"to": [8.43698, 14.94539, 7.80936],
			"rotation": {"angle": 0, "axis": "y", "origin": [7.95698, 14.08539, 8.28936]},
			"faces": {
				"north": {"uv": [4, 9, 4.28125, 9.34375], "texture": "#0"},
				"east": {"uv": [0, 0, 0, 0.34375], "texture": "#0"},
				"south": {"uv": [4, 9, 4.28125, 9.34375], "texture": "#0"},
				"west": {"uv": [0, 0, 0, 0.34375], "texture": "#0"},
				"up": {"uv": [0.28125, 0, 0, 0], "texture": "#0"},
				"down": {"uv": [0.28125, 0, 0, 0], "texture": "#0"}
			}
		},
		{
			"from": [8.43698, -12.79539, 6.69936],
			"to": [8.43698, -11.43539, 7.81936],
			"rotation": {"angle": 0, "axis": "y", "origin": [7.95698, -11.93539, 7.33936]},
			"faces": {
				"north": {"uv": [0, 0.34375, 0, 0], "texture": "#0"},
				"east": {"uv": [2.5, 9.34375, 2.78125, 9], "texture": "#0"},
				"south": {"uv": [0, 0.34375, 0, 0], "texture": "#0"},
				"west": {"uv": [1.5, 9.34375, 1.78125, 9], "texture": "#0"},
				"up": {"uv": [0, 0.28125, 0, 0], "texture": "#0"},
				"down": {"uv": [0, 0, 0, 0.28125], "texture": "#0"}
			}
		},
		{
			"from": [7.31698, -12.69539, 6.70936],
			"to": [8.43698, -11.33539, 6.70936],
			"rotation": {"angle": 0, "axis": "y", "origin": [7.95698, -11.83539, 7.18936]},
			"faces": {
				"north": {"uv": [4, 9.34375, 4.28125, 9], "texture": "#0"},
				"east": {"uv": [0, 0.34375, 0, 0], "texture": "#0"},
				"south": {"uv": [9, 4.34375, 9.28125, 4], "texture": "#0"},
				"west": {"uv": [0, 0.34375, 0, 0], "texture": "#0"},
				"up": {"uv": [0.28125, 0, 0, 0], "texture": "#0"},
				"down": {"uv": [0.28125, 0, 0, 0], "texture": "#0"}
			}
		},
		{
			"from": [7.36302, -12.79539, 6.69936],
			"to": [7.36302, -11.43539, 7.81936],
			"rotation": {"angle": 0, "axis": "y", "origin": [7.84302, -11.93539, 7.33936]},
			"faces": {
				"north": {"uv": [0, 0.34375, 0, 0], "texture": "#0"},
				"east": {"uv": [2, 9.34375, 2.28125, 9], "texture": "#0"},
				"south": {"uv": [0, 0.34375, 0, 0], "texture": "#0"},
				"west": {"uv": [2.5, 9.34375, 2.78125, 9], "texture": "#0"},
				"up": {"uv": [0, 0.28125, 0, 0], "texture": "#0"},
				"down": {"uv": [0, 0, 0, 0.28125], "texture": "#0"}
			}
		},
		{
			"from": [7.31698, -12.94539, 7.80936],
			"to": [8.43698, -11.58539, 7.80936],
			"rotation": {"angle": 0, "axis": "y", "origin": [7.95698, -12.08539, 8.28936]},
			"faces": {
				"north": {"uv": [4, 9.34375, 4.28125, 9], "texture": "#0"},
				"east": {"uv": [0, 0.34375, 0, 0], "texture": "#0"},
				"south": {"uv": [4, 9.34375, 4.28125, 9], "texture": "#0"},
				"west": {"uv": [0, 0.34375, 0, 0], "texture": "#0"},
				"up": {"uv": [0.28125, 0, 0, 0], "texture": "#0"},
				"down": {"uv": [0.28125, 0, 0, 0], "texture": "#0"}
			}
		},
		{
			"from": [7.46302, -12.12417, 7.54841],
			"to": [8.42302, -9.64417, 8.66841],
			"rotation": {"angle": 22.5, "axis": "x", "origin": [7.94302, -10.14417, 8.18841]},
			"faces": {
				"north": {"uv": [6, 8.625, 6.25, 8], "texture": "#0"},
				"east": {"uv": [3.5, 8.625, 3.78125, 8], "texture": "#0"},
				"south": {"uv": [6.25, 8.625, 6.5, 8], "texture": "#0"},
				"west": {"uv": [8, 4.875, 8.28125, 4.25], "texture": "#0"},
				"up": {"uv": [9.5, 3.03125, 9.25, 2.75], "texture": "#0"},
				"down": {"uv": [9.5, 2.25, 9.25, 2.53125], "texture": "#0"}
			}
		},
		{
			"from": [7.2, -6.62349, 6.19616],
			"to": [8.8, -3.02349, 7.55616],
			"rotation": {"angle": 0, "axis": "y", "origin": [8, -3.52349, 6.99616]},
			"faces": {
				"north": {"uv": [7, 6.40625, 7.40625, 5.5], "texture": "#0"},
				"east": {"uv": [4.5, 8.40625, 4.84375, 7.5], "texture": "#0"},
				"south": {"uv": [7, 7.40625, 7.40625, 6.5], "texture": "#0"},
				"west": {"uv": [5, 8.40625, 5.34375, 7.5], "texture": "#0"},
				"up": {"uv": [7.90625, 8.59375, 7.5, 8.25], "texture": "#0"},
				"down": {"uv": [8.65625, 6, 8.25, 6.34375], "texture": "#0"}
			}
		},
		{
			"from": [8, -12, 12],
			"to": [8, 15, 14],
			"rotation": {"angle": 0, "axis": "y", "origin": [8, 12, 13]},
			"faces": {
				"north": {"uv": [0, 0, 0, 12], "texture": "#2"},
				"east": {"uv": [0, 0, 1, 12], "texture": "#2"},
				"south": {"uv": [0, 0, 0, 12], "texture": "#2"},
				"west": {"uv": [1, 0, 0, 12], "texture": "#2"},
				"up": {"uv": [0, 1, 0, 0], "texture": "#2"},
				"down": {"uv": [0, 0, 0, 1], "texture": "#2"}
			}
		},
		{
			"from": [8, 13.8, 12.3],
			"to": [8, 15.2, 13.7],
			"rotation": {"angle": 45, "axis": "x", "origin": [8, 14.5, 13]},
			"faces": {
				"north": {"uv": [0, 0, 0, 1], "texture": "#2"},
				"east": {"uv": [2, 0, 3, 1], "texture": "#2"},
				"south": {"uv": [0, 0, 0, 1], "texture": "#2"},
				"west": {"uv": [2, 0, 3, 1], "texture": "#2"},
				"up": {"uv": [0, 1, 0, 0], "texture": "#2"},
				"down": {"uv": [0, 0, 0, 1], "texture": "#2"}
			}
		},
		{
			"from": [8, -13.1, 12.3],
			"to": [8, -11.7, 13.7],
			"rotation": {"angle": -45, "axis": "x", "origin": [8, -12.4, 13]},
			"faces": {
				"north": {"uv": [0, 1, 0, 0], "texture": "#2"},
				"east": {"uv": [2, 1, 3, 0], "texture": "#2"},
				"south": {"uv": [0, 1, 0, 0], "texture": "#2"},
				"west": {"uv": [2, 1, 3, 0], "texture": "#2"},
				"up": {"uv": [0, 1, 0, 0], "texture": "#2"},
				"down": {"uv": [0, 0, 0, 1], "texture": "#2"}
			}
		}
	],
	"gui_light": "front",
	"display": {
		"thirdperson_righthand": {
			"rotation": [-0.46, -3.61, 177.14],
			"translation": [-0.75, -11, 1.75],
			"scale": [1.2, 1.26055, 1.29766]
		},
		"thirdperson_lefthand": {
			"rotation": [-10, -38, -79],
			"translation": [2.5, -4.5, 9.75],
			"scale": [1.31, 1.27, 1.24]
		},
		"firstperson_righthand": {
			"rotation": [-5, 0, -7],
			"translation": [5.5, 9.75, -0.25],
			"scale": [0.6, 0.92, 0.92]
		},
		"firstperson_lefthand": {
			"translation": [8.75, 12, -2.5],
			"scale": [0.79, 1.3, 0.94]
		},
		"ground": {
			"translation": [0, 19.5, -1.25]
		},
		"gui": {
			"rotation": [-90, -140, 90],
			"translation": [4.5, -2.5, 0],
			"scale": [0.63, 0.63, 0.63]
		},
		"head": {
			"rotation": [-2.6, 1.64, 1.03],
			"translation": [15.5, -3.75, -1.25],
			"scale": [1.2832, 1.73047, 1.58789]
		},
		"fixed": {
			"rotation": [-87.64, -52.21, 93.98],
			"translation": [-15.5, -13.25, -0.75],
			"scale": [2, 3.09766, 2.79883]
		}
	},
	"groups": [
		{
			"name": "group",
			"origin": [8, 8, 8],
			"color": 0,
			"children": [
				0,
				1,
				2,
				3,
				4,
				5,
				6,
				7,
				8,
				9,
				10,
				11,
				12,
				13,
				14,
				15,
				16,
				17,
				18,
				19,
				20,
				21,
				22,
				23,
				24,
				25,
				26,
				27,
				28,
				29,
				30,
				31,
				32,
				33,
				34,
				35,
				36,
				37,
				38,
				39,
				40,
				41,
				42,
				43,
				44,
				45,
				46,
				47,
				48,
				49,
				50,
				51,
				52,
				53
			]
		}
	]
}