{"textures":{"2":"modelengine:entity/satan","14":"block/stone/cube","4":"modelengine:entity/sayap","5":"modelengine:entity/satan_arm","6":"modelengine:entity/satan_torso"},"elements":[{"from":[7.7805243,6.3683786,8.1547575],"to":[8.207717,6.7955713,7.8972573],"faces":{"east":{"uv":[4.0,12.0,4.5,10.0],"tintindex":0,"rotation":0,"texture":"#14"},"south":{"uv":[6.0,8.0,8.0,6.0],"tintindex":0,"rotation":0,"texture":"#14"},"north":{"uv":[4.0,8.0,6.0,6.0],"tintindex":0,"rotation":0,"texture":"#14"},"west":{"uv":[10.0,6.0,10.5,4.0],"tintindex":0,"rotation":0,"texture":"#14"},"up":{"uv":[12.0,6.5,10.0,6.0],"tintindex":0,"rotation":0,"texture":"#14"},"down":{"uv":[8.0,10.0,6.0,10.5],"tintindex":0,"rotation":0,"texture":"#14"}},"rotation":{"origin":[7.999976,6.5902987,8.515257],"angle":45.0,"axis":"z"}},{"from":[6.6620884,6.848346,8.209625],"to":[9.063088,8.288946,9.170026],"faces":{"east":{"uv":[5.25,7.0,4.75,7.75],"tintindex":0,"rotation":0,"texture":"#5"},"south":{"uv":[6.71875,4.0,5.5,4.75],"tintindex":0,"rotation":0,"texture":"#5"},"north":{"uv":[5.71875,5.25,4.5,6.0],"tintindex":0,"rotation":0,"texture":"#5"},"west":{"uv":[4.75,7.0,4.25,7.75],"tintindex":0,"rotation":0,"texture":"#5"},"up":{"uv":[6.5,5.75,7.71875,5.25],"tintindex":0,"rotation":0,"texture":"#5"},"down":{"uv":[6.5,5.75,7.71875,6.25],"tintindex":0,"rotation":0,"texture":"#5"}},"rotation":{"origin":[7.8625884,7.5686464,8.689826],"angle":45.0,"axis":"z"}},{"from":[6.16733,8.164761,7.5784874],"to":[7.3738613,8.79291,9.473255],"faces":{"east":{"uv":[14.375,13.0,12.5,14.3125],"tintindex":0,"rotation":0,"texture":"#2"},"south":{"uv":[9.625,14.0,8.0,15.3125],"tintindex":0,"rotation":0,"texture":"#2"},"north":{"uv":[7.625,14.0,6.0,15.3125],"tintindex":0,"rotation":0,"texture":"#2"},"west":{"uv":[12.375,13.0,10.5,14.3125],"tintindex":0,"rotation":0,"texture":"#2"},"up":{"uv":[12.0,10.875,13.625,9.0],"tintindex":0,"rotation":0,"texture":"#2"},"down":{"uv":[12.0,11.0,13.625,12.875],"tintindex":0,"rotation":0,"texture":"#2"}},"rotation":{"origin":[6.8318357,8.970459,8.280871],"angle":22.5,"axis":"z"}},{"from":[7.699154,6.5361443,7.8972573],"to":[8.309429,7.756694,8.1547575],"faces":{"east":{"uv":[0.0,8.0,0.5,14.0],"tintindex":0,"rotation":0,"texture":"#14"},"south":{"uv":[4.0,0.0,7.0,6.0],"tintindex":0,"rotation":0,"texture":"#14"},"north":{"uv":[0.0,0.0,3.0,6.0],"tintindex":0,"rotation":0,"texture":"#14"},"west":{"uv":[8.0,0.0,8.5,6.0],"tintindex":0,"rotation":0,"texture":"#14"},"up":{"uv":[5.0,8.5,2.0,8.0],"tintindex":0,"rotation":0,"texture":"#14"},"down":{"uv":[9.0,8.0,6.0,8.5],"tintindex":0,"rotation":0,"texture":"#14"}}},{"from":[7.4175067,8.00484,7.207242],"to":[8.788981,9.210075,9.844501],"faces":{"east":{"uv":[11.875,10.5,9.0,12.125],"tintindex":0,"rotation":0,"texture":"#2"},"south":{"uv":[14.3125,5.0,12.5,6.625],"tintindex":0,"rotation":0,"texture":"#2"},"north":{"uv":[14.3125,0.0,12.5,1.625],"tintindex":0,"rotation":0,"texture":"#2"},"west":{"uv":[13.375,7.0,10.5,8.625],"tintindex":0,"rotation":0,"texture":"#2"},"up":{"uv":[10.5,2.875,12.3125,0.0],"tintindex":0,"rotation":0,"texture":"#2"},"down":{"uv":[3.5,10.5,5.3125,13.375],"tintindex":0,"rotation":0,"texture":"#2"}},"rotation":{"origin":[8.929099,8.795722,8.280871],"angle":-45.0,"axis":"z"}},{"from":[8.062801,6.1347685,7.8761806],"to":[9.887562,8.080559,9.49612],"faces":{"east":{"uv":[7.25,7.25,7.625,8.28125],"tintindex":0,"rotation":0,"texture":"#6"},"south":{"uv":[6.0,3.0,7.46875,4.03125],"tintindex":0,"rotation":0,"texture":"#6"},"north":{"uv":[2.75,6.0,4.21875,7.03125],"tintindex":0,"rotation":0,"texture":"#6"},"west":{"uv":[1.0,7.5,1.375,8.53125],"tintindex":0,"rotation":0,"texture":"#6"},"up":{"uv":[2.46875,7.375,1.0,7.0],"tintindex":0,"rotation":0,"texture":"#6"},"down":{"uv":[3.96875,7.25,2.5,7.625],"tintindex":0,"rotation":0,"texture":"#6"}}},{"from":[20.52815,-0.029278755,14.723326],"to":[26.181591,16.754372,14.899996],"faces":{"east":{"uv":[12.53125,4.75,16.0,9.0625],"tintindex":0,"rotation":0,"texture":"#4"},"south":{"uv":[5.09375,4.75,3.5,9.5],"tintindex":0,"rotation":0,"texture":"#4"},"north":{"uv":[3.5,4.75,5.09375,9.5],"tintindex":0,"rotation":0,"texture":"#4"},"west":{"uv":[9.546875,4.75,15.578125,9.0],"tintindex":0,"rotation":0,"texture":"#4"},"up":{"uv":[13.109375,4.75,15.484375,8.921875],"tintindex":0,"rotation":0,"texture":"#4"},"down":{"uv":[13.421875,4.75,17.0625,10.015625],"tintindex":0,"rotation":0,"texture":"#4"}},"rotation":{"origin":[20.73471,8.362547,15.179536],"angle":45.0,"axis":"y"}},{"from":[-5.634818,-0.029278755,11.703326],"to":[0.018621445,17.637722,11.879996],"faces":{"east":{"uv":[15.578125,4.75,9.546875,9.0],"tintindex":0,"rotation":0,"texture":"#4"},"south":{"uv":[3.5,4.75,5.09375,9.5],"tintindex":0,"rotation":0,"texture":"#4"},"north":{"uv":[5.09375,4.75,3.5,9.5],"tintindex":0,"rotation":0,"texture":"#4"},"west":{"uv":[16.0,4.75,12.53125,9.0625],"tintindex":0,"rotation":0,"texture":"#4"},"up":{"uv":[15.484375,4.75,13.109375,8.921875],"tintindex":0,"rotation":0,"texture":"#4"},"down":{"uv":[17.0625,4.75,13.421875,10.015625],"tintindex":0,"rotation":0,"texture":"#4"}},"rotation":{"origin":[-4.8243475,8.362547,12.159536],"angle":-45.0,"axis":"y"}},{"from":[14.853617,-0.029278755,14.738623],"to":[20.507057,16.754372,14.915293],"faces":{"east":{"uv":[16.0,4.75,14.015625,8.984375],"tintindex":0,"rotation":0,"texture":"#4"},"south":{"uv":[1.59375,4.75,0.0,9.5],"tintindex":0,"rotation":0,"texture":"#4"},"north":{"uv":[0.0,4.75,1.59375,9.5],"tintindex":0,"rotation":0,"texture":"#4"},"west":{"uv":[13.5625,4.921875,16.0,9.125],"tintindex":0,"rotation":0,"texture":"#4"},"up":{"uv":[16.0,4.75,10.484375,9.5],"tintindex":0,"rotation":0,"texture":"#4"},"down":{"uv":[10.125,4.75,16.0,9.5],"tintindex":0,"rotation":0,"texture":"#4"}}},{"from":[9.161381,8.00484,7.207242],"to":[10.532856,9.210075,9.844501],"faces":{"east":{"uv":[10.5,7.0,13.375,8.625],"tintindex":0,"rotation":0,"texture":"#2"},"south":{"uv":[12.5,5.0,14.3125,6.625],"tintindex":0,"rotation":0,"texture":"#2"},"north":{"uv":[12.5,0.0,14.3125,1.625],"tintindex":0,"rotation":0,"texture":"#2"},"west":{"uv":[9.0,10.5,11.875,12.125],"tintindex":0,"rotation":0,"texture":"#2"},"up":{"uv":[12.3125,2.875,10.5,0.0],"tintindex":0,"rotation":0,"texture":"#2"},"down":{"uv":[5.3125,10.5,3.5,13.375],"tintindex":0,"rotation":0,"texture":"#2"}},"rotation":{"origin":[9.021263,8.795722,8.280871],"angle":45.0,"axis":"z"}},{"from":[-1.5766935,-0.029278755,14.738623],"to":[4.076746,16.754372,14.915293],"faces":{"east":{"uv":[16.0,4.921875,13.5625,9.125],"tintindex":0,"rotation":0,"texture":"#4"},"south":{"uv":[0.0,4.75,1.59375,9.5],"tintindex":0,"rotation":0,"texture":"#4"},"north":{"uv":[1.59375,4.75,0.0,9.5],"tintindex":0,"rotation":0,"texture":"#4"},"west":{"uv":[14.015625,4.75,16.0,8.984375],"tintindex":0,"rotation":0,"texture":"#4"},"up":{"uv":[10.484375,4.75,16.0,9.5],"tintindex":0,"rotation":0,"texture":"#4"},"down":{"uv":[16.0,4.75,10.125,9.5],"tintindex":0,"rotation":0,"texture":"#4"}}},{"from":[7.7805243,6.292034,7.8972573],"to":[8.207717,6.7192264,8.1547575],"faces":{"east":{"uv":[8.0,6.0,8.5,8.0],"tintindex":0,"rotation":0,"texture":"#14"},"south":{"uv":[2.0,6.0,4.0,8.0],"tintindex":0,"rotation":0,"texture":"#14"},"north":{"uv":[0.0,6.0,2.0,8.0],"tintindex":0,"rotation":0,"texture":"#14"},"west":{"uv":[10.0,0.0,10.5,2.0],"tintindex":0,"rotation":0,"texture":"#14"},"up":{"uv":[4.0,10.5,2.0,10.0],"tintindex":0,"rotation":0,"texture":"#14"},"down":{"uv":[12.0,2.0,10.0,2.5],"tintindex":0,"rotation":0,"texture":"#14"}},"rotation":{"origin":[7.999976,6.4973063,8.0002575],"angle":-45.0,"axis":"z"}},{"from":[7.421998,-0.029278755,11.620263],"to":[16.255497,16.754372,11.796933],"faces":{"east":{"uv":[13.5,6.53125,16.0,11.28125],"tintindex":0,"rotation":0,"texture":"#4"},"south":{"uv":[2.5,0.0,0.0,4.75],"tintindex":0,"rotation":0,"texture":"#4"},"north":{"uv":[0.0,0.0,2.5,4.75],"tintindex":0,"rotation":0,"texture":"#4"},"west":{"uv":[13.5,0.984375,16.0,5.734375],"tintindex":0,"rotation":0,"texture":"#4"},"up":{"uv":[12.671875,3.703125,16.0,9.0],"tintindex":0,"rotation":0,"texture":"#4"},"down":{"uv":[13.5,5.1875,16.0,9.9375],"tintindex":0,"rotation":0,"texture":"#4"}},"rotation":{"origin":[11.838748,8.362547,11.708598],"angle":-45.0,"axis":"y"}},{"from":[7.6420884,6.848346,8.209625],"to":[10.043088,8.288946,9.170026],"faces":{"east":{"uv":[5.25,7.0,4.75,7.75],"tintindex":0,"rotation":0,"texture":"#5"},"south":{"uv":[6.71875,4.0,5.5,4.75],"tintindex":0,"rotation":0,"texture":"#5"},"north":{"uv":[5.71875,5.25,4.5,6.0],"tintindex":0,"rotation":0,"texture":"#5"},"west":{"uv":[4.75,7.0,4.25,7.75],"tintindex":0,"rotation":0,"texture":"#5"},"up":{"uv":[6.5,5.75,7.71875,5.25],"tintindex":0,"rotation":0,"texture":"#5"},"down":{"uv":[6.5,5.75,7.71875,6.25],"tintindex":0,"rotation":0,"texture":"#5"}},"rotation":{"origin":[8.842588,7.5686464,8.689826],"angle":45.0,"axis":"z"}},{"from":[1.5150318,-0.029278755,9.173517],"to":[10.348532,16.754372,9.350187],"faces":{"east":{"uv":[16.0,0.984375,13.5,5.734375],"tintindex":0,"rotation":0,"texture":"#4"},"south":{"uv":[0.0,0.0,2.5,4.75],"tintindex":0,"rotation":0,"texture":"#4"},"north":{"uv":[2.5,0.0,0.0,4.75],"tintindex":0,"rotation":0,"texture":"#4"},"west":{"uv":[16.0,6.53125,13.5,11.28125],"tintindex":0,"rotation":0,"texture":"#4"},"up":{"uv":[16.0,3.703125,12.671875,9.0],"tintindex":0,"rotation":0,"texture":"#4"},"down":{"uv":[16.0,5.1875,13.5,9.9375],"tintindex":0,"rotation":0,"texture":"#4"}},"rotation":{"origin":[9.465181,0.8540716,9.085182],"angle":45.0,"axis":"y"}},{"from":[6.1821814,5.245663,7.755151],"to":[11.768181,7.107663,9.617151],"faces":{"east":{"uv":[5.25,6.75,6.25,7.5],"tintindex":0,"rotation":0,"texture":"#6"},"south":{"uv":[5.5,5.5,8.5,6.25],"tintindex":0,"rotation":0,"texture":"#6"},"north":{"uv":[5.5,4.75,8.5,5.5],"tintindex":0,"rotation":0,"texture":"#6"},"west":{"uv":[0.0,7.0,1.0,7.75],"tintindex":0,"rotation":0,"texture":"#6"},"up":{"uv":[3.0,4.75,0.0,3.75],"tintindex":0,"rotation":0,"texture":"#6"},"down":{"uv":[6.0,3.75,3.0,4.75],"tintindex":0,"rotation":0,"texture":"#6"}}}],"display":{"gui":{"rotation":[30,225,0]}}}