{"textures":{"0":"forest_skills:mobs/dragontreefix1"},"elements":[{"from":[3.5,3.5,8.0],"to":[12.5,12.5,25.0],"faces":{"east":{"uv":[6.5,1.125,8.625,2.25],"tintindex":0,"rotation":0,"texture":"#0"},"south":{"uv":[9.3125,6.9375,10.4375,8.0625],"tintindex":0,"rotation":0,"texture":"#0"},"north":{"uv":[9.25,2.25,10.375,3.375],"tintindex":0,"rotation":0,"texture":"#0"},"west":{"uv":[6.5,4.375,8.625,5.5],"tintindex":0,"rotation":0,"texture":"#0"},"up":{"uv":[7.625,7.625,6.5,5.5],"tintindex":0,"rotation":0,"texture":"#0"},"down":{"uv":[7.75,2.25,6.625,4.375],"tintindex":0,"rotation":0,"texture":"#0"}}}],"display":{"gui":{"rotation":[30,225,0]}}}