{"textures":{"0":"forest_skills:mobs/dragontreefix1"},"elements":[{"from":[3.5,3.5,8.025],"to":[12.5,12.5,25.025],"faces":{"east":{"uv":[0.0,3.375,2.125,4.5],"tintindex":0,"rotation":0,"texture":"#0"},"south":{"uv":[3.375,8.8125,4.5,9.9375],"tintindex":0,"rotation":0,"texture":"#0"},"north":{"uv":[8.75,5.8125,9.875,6.9375],"tintindex":0,"rotation":0,"texture":"#0"},"west":{"uv":[4.375,1.125,6.5,2.25],"tintindex":0,"rotation":0,"texture":"#0"},"up":{"uv":[3.25,6.375,2.125,4.25],"tintindex":0,"rotation":0,"texture":"#0"},"down":{"uv":[5.5,2.25,4.375,4.375],"tintindex":0,"rotation":0,"texture":"#0"}}}],"display":{"gui":{"rotation":[30,225,0]}}}