{"textures":{"0":"forest_skills:mobs/dragontreefix1"},"elements":[{"from":[3.5,3.5,8.0],"to":[12.5,12.5,25.0],"faces":{"east":{"uv":[4.375,6.625,6.5,7.75],"tintindex":0,"rotation":0,"texture":"#0"},"south":{"uv":[1.125,9.5625,2.25,10.6875],"tintindex":0,"rotation":0,"texture":"#0"},"north":{"uv":[0.0,9.5625,1.125,10.6875],"tintindex":0,"rotation":0,"texture":"#0"},"west":{"uv":[7.5,0.0,9.625,1.125],"tintindex":0,"rotation":0,"texture":"#0"},"up":{"uv":[3.375,9.625,2.25,7.5],"tintindex":0,"rotation":0,"texture":"#0"},"down":{"uv":[8.75,5.5,7.625,7.625],"tintindex":0,"rotation":0,"texture":"#0"}}}],"display":{"gui":{"rotation":[30,225,0]}}}