{"textures":{"0":"forest_skills:mobs/dragontreefix1"},"elements":[{"from":[3.5,3.5,7.975],"to":[12.5,12.5,24.975],"faces":{"east":{"uv":[4.375,4.375,6.5,5.5],"tintindex":0,"rotation":0,"texture":"#0"},"south":{"uv":[5.625,8.9375,6.75,10.0625],"tintindex":0,"rotation":0,"texture":"#0"},"north":{"uv":[4.5,8.8125,5.625,9.9375],"tintindex":0,"rotation":0,"texture":"#0"},"west":{"uv":[0.0,4.5,2.125,5.625],"tintindex":0,"rotation":0,"texture":"#0"},"up":{"uv":[4.375,7.5,3.25,5.375],"tintindex":0,"rotation":0,"texture":"#0"},"down":{"uv":[6.625,2.25,5.5,4.375],"tintindex":0,"rotation":0,"texture":"#0"}}}],"display":{"gui":{"rotation":[30,225,0]}}}