{"textures":{"0":"forest_skills:mobs/dragontreefix1"},"elements":[{"from":[3.5,3.5,-9.0],"to":[12.5,12.5,8.0],"faces":{"east":{"uv":[0.0,2.25,2.125,3.375],"tintindex":0,"rotation":0,"texture":"#0"},"south":{"uv":[8.75,4.6875,9.875,5.8125],"tintindex":0,"rotation":0,"texture":"#0"},"north":{"uv":[8.0,8.6875,9.125,9.8125],"tintindex":0,"rotation":0,"texture":"#0"},"west":{"uv":[3.25,0.0,5.375,1.125],"tintindex":0,"rotation":0,"texture":"#0"},"up":{"uv":[4.375,3.25,3.25,1.125],"tintindex":0,"rotation":0,"texture":"#0"},"down":{"uv":[4.375,3.25,3.25,5.375],"tintindex":0,"rotation":0,"texture":"#0"}}}],"display":{"gui":{"rotation":[30,225,0]}}}