{"textures":{"0":"forest_skills:mobs/dragontreefix1"},"elements":[{"from":[3.5,3.5,8.025],"to":[12.5,12.5,25.025],"faces":{"east":{"uv":[5.375,0.0,7.5,1.125],"tintindex":0,"rotation":0,"texture":"#0"},"south":{"uv":[9.125,8.6875,10.25,9.8125],"tintindex":0,"rotation":0,"texture":"#0"},"north":{"uv":[6.75,8.9375,7.875,10.0625],"tintindex":0,"rotation":0,"texture":"#0"},"west":{"uv":[4.375,5.5,6.5,6.625],"tintindex":0,"rotation":0,"texture":"#0"},"up":{"uv":[1.125,7.75,0.0,5.625],"tintindex":0,"rotation":0,"texture":"#0"},"down":{"uv":[2.25,6.375,1.125,8.5],"tintindex":0,"rotation":0,"texture":"#0"}}}],"display":{"gui":{"rotation":[30,225,0]}}}