{
	"credit": "Made with Blockbench",
	"texture_size": [32, 32],
	"textures": {
		"0": "./main",
		"1": "./taring-tanduk",
		"particle": "./main"
	},
	"elements": [
		{
			"from": [9, 7, 16.5],
			"to": [11, 11, 17.5],
			"rotation": {"angle": 0, "axis": "y", "origin": [8, 1, 8]},
			"faces": {
				"north": {"uv": [8.25, 9, 8.75, 10.5], "texture": "#0"},
				"east": {"uv": [8.75, 9, 9.25, 10.5], "texture": "#0"},
				"south": {"uv": [9.25, 0, 9.75, 1.5], "texture": "#0"},
				"west": {"uv": [9.25, 9, 9.75, 10.5], "texture": "#0"},
				"up": {"uv": [11.25, 4, 10.75, 3.5], "texture": "#0"},
				"down": {"uv": [11.25, 4, 10.75, 4.5], "texture": "#0"}
			}
		},
		{
			"from": [11, 8, 17],
			"to": [25, 10, 17],
			"rotation": {"angle": 0, "axis": "y", "origin": [8, 1, 8]},
			"faces": {
				"north": {"uv": [5, 0, 8.5, 0.5], "texture": "#0"},
				"east": {"uv": [7.5, 10.75, 8, 11.25], "texture": "#0"},
				"south": {"uv": [5, 0.5, 8.5, 1], "texture": "#0"},
				"west": {"uv": [10.75, 10.25, 11.25, 10.75], "texture": "#0"},
				"up": {"uv": [8.5, 1.5, 5, 1], "texture": "#0"},
				"down": {"uv": [8.5, 1.5, 5, 2], "texture": "#0"}
			}
		},
		{
			"from": [11, 8, -1],
			"to": [25, 10, -1],
			"rotation": {"angle": 0, "axis": "y", "origin": [8, 1, 8]},
			"faces": {
				"north": {"uv": [8.5, 0.5, 5, 1], "texture": "#0"},
				"east": {"uv": [8, 10.75, 7.5, 11.25], "texture": "#0"},
				"south": {"uv": [8.5, 0, 5, 0.5], "texture": "#0"},
				"west": {"uv": [11.25, 10.25, 10.75, 10.75], "texture": "#0"},
				"up": {"uv": [8.5, 1, 5, 1.5], "texture": "#0"},
				"down": {"uv": [8.5, 2, 5, 1.5], "texture": "#0"}
			}
		},
		{
			"from": [25, 8, -1],
			"to": [25, 10, 17],
			"rotation": {"angle": 0, "axis": "y", "origin": [18, 9, -1]},
			"faces": {
				"north": {"uv": [11.25, 10.25, 10.75, 10.75], "texture": "#0"},
				"east": {"uv": [8.5, 0.5, 5, 1], "texture": "#0"},
				"south": {"uv": [8, 10.75, 7.5, 11.25], "texture": "#0"},
				"west": {"uv": [8.5, 0, 5, 0.5], "texture": "#0"},
				"up": {"uv": [8.5, 1, 5, 1.5], "rotation": 90, "texture": "#0"},
				"down": {"uv": [8.5, 2, 5, 1.5], "rotation": 270, "texture": "#0"}
			}
		},
		{
			"from": [9, 7, -1.5],
			"to": [11, 11, -0.5],
			"rotation": {"angle": 0, "axis": "y", "origin": [8, 1, 8]},
			"faces": {
				"north": {"uv": [9.75, 0, 9.25, 1.5], "texture": "#0"},
				"east": {"uv": [9.25, 9, 8.75, 10.5], "texture": "#0"},
				"south": {"uv": [8.75, 9, 8.25, 10.5], "texture": "#0"},
				"west": {"uv": [9.75, 9, 9.25, 10.5], "texture": "#0"},
				"up": {"uv": [11.25, 3.5, 10.75, 4], "texture": "#0"},
				"down": {"uv": [11.25, 4.5, 10.75, 4], "texture": "#0"}
			}
		},
		{
			"from": [8.43061, 11.27963, 12.6],
			"to": [12.43061, 17.27963, 16.6],
			"rotation": {"angle": 45, "axis": "z", "origin": [5.86726, 10.91563, 8]},
			"faces": {
				"north": {"uv": [4, 0, 6, 3], "texture": "#1"},
				"east": {"uv": [4, 3, 6, 6], "texture": "#1"},
				"south": {"uv": [0, 6, 2, 9], "texture": "#1"},
				"west": {"uv": [6, 0, 8, 3], "texture": "#1"},
				"up": {"uv": [4, 10, 2, 8], "texture": "#1"},
				"down": {"uv": [10, 2, 8, 4], "texture": "#1"}
			}
		},
		{
			"from": [6.6914, 17.89264, 13.6],
			"to": [8.6914, 21.89264, 15.6],
			"rotation": {"angle": 22.5, "axis": "z", "origin": [5.86726, 10.91563, 8]},
			"faces": {
				"north": {"uv": [0, 9, 1, 12], "texture": "#1"},
				"east": {"uv": [1, 9, 2, 12], "texture": "#1"},
				"south": {"uv": [9, 4, 10, 7], "texture": "#1"},
				"west": {"uv": [6, 9, 7, 12], "texture": "#1"},
				"up": {"uv": [11, 12, 10, 11], "texture": "#1"},
				"down": {"uv": [12, 10, 11, 11], "texture": "#1"}
			}
		},
		{
			"from": [8.43061, 11.27963, -0.6],
			"to": [12.43061, 17.27963, 3.4],
			"rotation": {"angle": 45, "axis": "z", "origin": [5.86726, 10.91563, 8]},
			"faces": {
				"north": {"uv": [2, 6, 0, 9], "texture": "#1"},
				"east": {"uv": [6, 3, 4, 6], "texture": "#1"},
				"south": {"uv": [6, 0, 4, 3], "texture": "#1"},
				"west": {"uv": [8, 0, 6, 3], "texture": "#1"},
				"up": {"uv": [4, 8, 2, 10], "texture": "#1"},
				"down": {"uv": [10, 4, 8, 2], "texture": "#1"}
			}
		},
		{
			"from": [6.6914, 17.89264, 0.4],
			"to": [8.6914, 21.89264, 2.4],
			"rotation": {"angle": 22.5, "axis": "z", "origin": [5.86726, 10.91563, 8]},
			"faces": {
				"north": {"uv": [10, 4, 9, 7], "texture": "#1"},
				"east": {"uv": [2, 9, 1, 12], "texture": "#1"},
				"south": {"uv": [1, 9, 0, 12], "texture": "#1"},
				"west": {"uv": [7, 9, 6, 12], "texture": "#1"},
				"up": {"uv": [11, 11, 10, 12], "texture": "#1"},
				"down": {"uv": [12, 11, 11, 10], "texture": "#1"}
			}
		},
		{
			"from": [2.07233, 2.71951, 12.4],
			"to": [4.07233, 4.71951, 16.4],
			"rotation": {"angle": 22.5, "axis": "z", "origin": [5.86726, 10.91563, 8]},
			"faces": {
				"north": {"uv": [2, 10, 4, 11], "texture": "#1"},
				"east": {"uv": [10, 2, 12, 3], "texture": "#1"},
				"south": {"uv": [10, 3, 12, 4], "texture": "#1"},
				"west": {"uv": [10, 4, 12, 5], "texture": "#1"},
				"up": {"uv": [4, 8, 2, 6], "texture": "#1"},
				"down": {"uv": [8, 3, 6, 5], "texture": "#1"}
			}
		},
		{
			"from": [3.07233, 2.71951, 9.4],
			"to": [5.07233, 4.71951, 11.4],
			"rotation": {"angle": 22.5, "axis": "z", "origin": [5.86726, 10.91563, 8]},
			"faces": {
				"north": {"uv": [7, 9, 8, 11], "texture": "#1"},
				"east": {"uv": [9, 7, 10, 9], "texture": "#1"},
				"south": {"uv": [9, 9, 10, 11], "texture": "#1"},
				"west": {"uv": [10, 0, 11, 2], "texture": "#1"},
				"up": {"uv": [4, 12, 3, 11], "texture": "#1"},
				"down": {"uv": [5, 11, 4, 12], "texture": "#1"}
			}
		},
		{
			"from": [3.07233, 2.71951, 4.4],
			"to": [5.07233, 4.71951, 6.4],
			"rotation": {"angle": 22.5, "axis": "z", "origin": [5.86726, 10.91563, 8]},
			"faces": {
				"north": {"uv": [7, 9, 8, 11], "texture": "#1"},
				"east": {"uv": [9, 7, 10, 9], "texture": "#1"},
				"south": {"uv": [9, 9, 10, 11], "texture": "#1"},
				"west": {"uv": [10, 0, 11, 2], "texture": "#1"},
				"up": {"uv": [4, 12, 3, 11], "texture": "#1"},
				"down": {"uv": [5, 11, 4, 12], "texture": "#1"}
			}
		},
		{
			"from": [2.07233, 4.71951, 12.4],
			"to": [4.07233, 6.71951, 14.4],
			"rotation": {"angle": 22.5, "axis": "z", "origin": [5.86726, 10.91563, 8]},
			"faces": {
				"north": {"uv": [7, 9, 8, 11], "texture": "#1"},
				"east": {"uv": [9, 7, 10, 9], "texture": "#1"},
				"south": {"uv": [9, 9, 10, 11], "texture": "#1"},
				"west": {"uv": [10, 0, 11, 2], "texture": "#1"},
				"up": {"uv": [4, 12, 3, 11], "texture": "#1"},
				"down": {"uv": [5, 11, 4, 12], "texture": "#1"}
			}
		},
		{
			"from": [2.07233, 4.71951, 14.4],
			"to": [4.07233, 8.71951, 16.4],
			"rotation": {"angle": 22.5, "axis": "z", "origin": [5.86726, 10.91563, 8]},
			"faces": {
				"north": {"uv": [7, 9, 8, 11], "texture": "#1"},
				"east": {"uv": [9, 7, 10, 9], "texture": "#1"},
				"south": {"uv": [9, 9, 10, 11], "texture": "#1"},
				"west": {"uv": [10, 0, 11, 2], "texture": "#1"},
				"up": {"uv": [4, 12, 3, 11], "texture": "#1"},
				"down": {"uv": [5, 11, 4, 12], "texture": "#1"}
			}
		},
		{
			"from": [2.0723, 2.71951, -0.4],
			"to": [4.0723, 4.71951, 3.6],
			"rotation": {"angle": 22.5, "axis": "z", "origin": [5.86726, 10.91563, 8]},
			"faces": {
				"north": {"uv": [10, 3, 12, 4], "texture": "#1"},
				"east": {"uv": [10, 4, 12, 5], "texture": "#1"},
				"south": {"uv": [2, 10, 4, 11], "texture": "#1"},
				"west": {"uv": [10, 2, 12, 3], "texture": "#1"},
				"up": {"uv": [4, 8, 2, 6], "rotation": 180, "texture": "#1"},
				"down": {"uv": [8, 3, 6, 5], "rotation": 180, "texture": "#1"}
			}
		},
		{
			"from": [2.0723, 4.71951, 1.6],
			"to": [4.0723, 6.71951, 3.6],
			"rotation": {"angle": 22.5, "axis": "z", "origin": [5.86726, 10.91563, 8]},
			"faces": {
				"north": {"uv": [9, 9, 10, 11], "texture": "#1"},
				"east": {"uv": [10, 0, 11, 2], "texture": "#1"},
				"south": {"uv": [7, 9, 8, 11], "texture": "#1"},
				"west": {"uv": [9, 7, 10, 9], "texture": "#1"},
				"up": {"uv": [4, 12, 3, 11], "rotation": 180, "texture": "#1"},
				"down": {"uv": [5, 11, 4, 12], "rotation": 180, "texture": "#1"}
			}
		},
		{
			"from": [2.0723, 4.71951, -0.4],
			"to": [4.0723, 8.71951, 1.6],
			"rotation": {"angle": 22.5, "axis": "z", "origin": [5.86726, 10.91563, 8]},
			"faces": {
				"north": {"uv": [9, 9, 10, 11], "texture": "#1"},
				"east": {"uv": [10, 0, 11, 2], "texture": "#1"},
				"south": {"uv": [7, 9, 8, 11], "texture": "#1"},
				"west": {"uv": [9, 7, 10, 9], "texture": "#1"},
				"up": {"uv": [4, 12, 3, 11], "rotation": 180, "texture": "#1"},
				"down": {"uv": [5, 11, 4, 12], "rotation": 180, "texture": "#1"}
			}
		},
		{
			"from": [7, 16, 2],
			"to": [9, 18, 14],
			"rotation": {"angle": 0, "axis": "y", "origin": [5.86726, 10.91563, 8]},
			"faces": {
				"north": {"uv": [9, 10.5, 9.5, 11], "texture": "#0"},
				"east": {"uv": [5, 7.5, 8, 8], "texture": "#0"},
				"south": {"uv": [10.5, 9.25, 11, 9.75], "texture": "#0"},
				"west": {"uv": [7.5, 5, 10.5, 5.5], "texture": "#0"},
				"up": {"uv": [5.5, 11, 5, 8], "texture": "#0"},
				"down": {"uv": [6, 8, 5.5, 11], "texture": "#0"}
			}
		},
		{
			"from": [7, 12, 0],
			"to": [9, 16, 16],
			"rotation": {"angle": 0, "axis": "y", "origin": [5.86726, 10.91563, 8]},
			"faces": {
				"north": {"uv": [2.5, 10, 3, 11], "texture": "#0"},
				"east": {"uv": [4, 3, 8, 4], "texture": "#0"},
				"south": {"uv": [10, 5.5, 10.5, 6.5], "texture": "#0"},
				"west": {"uv": [4, 4, 8, 5], "texture": "#0"},
				"up": {"uv": [2.5, 9, 2, 5], "texture": "#0"},
				"down": {"uv": [3, 5, 2.5, 9], "texture": "#0"}
			}
		},
		{
			"from": [7, 6, -2],
			"to": [9, 12, 18],
			"rotation": {"angle": 0, "axis": "y", "origin": [5.86726, 10.91563, 8]},
			"faces": {
				"north": {"uv": [9, 5.5, 9.5, 7], "texture": "#0"},
				"east": {"uv": [0, 0, 5, 1.5], "texture": "#0"},
				"south": {"uv": [9, 7.5, 9.5, 9], "texture": "#0"},
				"west": {"uv": [0, 1.5, 5, 3], "texture": "#0"},
				"up": {"uv": [0.5, 10, 0, 5], "texture": "#0"},
				"down": {"uv": [1, 5, 0.5, 10], "texture": "#0"}
			}
		},
		{
			"from": [7, 2, 0],
			"to": [9, 6, 16],
			"rotation": {"angle": 0, "axis": "y", "origin": [5.86726, 10.91563, 8]},
			"faces": {
				"north": {"uv": [1.5, 10, 2, 11], "texture": "#0"},
				"east": {"uv": [0, 3, 4, 4], "texture": "#0"},
				"south": {"uv": [2, 10, 2.5, 11], "texture": "#0"},
				"west": {"uv": [0, 4, 4, 5], "texture": "#0"},
				"up": {"uv": [1.5, 9, 1, 5], "texture": "#0"},
				"down": {"uv": [2, 5, 1.5, 9], "texture": "#0"}
			}
		},
		{
			"from": [7, 0, 2],
			"to": [9, 2, 14],
			"rotation": {"angle": 0, "axis": "y", "origin": [5.86726, 10.91563, 8]},
			"faces": {
				"north": {"uv": [9, 4.5, 9.5, 5], "texture": "#0"},
				"east": {"uv": [4, 7, 7, 7.5], "texture": "#0"},
				"south": {"uv": [10.5, 6, 11, 6.5], "texture": "#0"},
				"west": {"uv": [7, 7, 10, 7.5], "texture": "#0"},
				"up": {"uv": [4.5, 10.5, 4, 7.5], "texture": "#0"},
				"down": {"uv": [5, 7.5, 4.5, 10.5], "texture": "#0"}
			}
		},
		{
			"from": [7.21213, 6.49157, 6],
			"to": [9.21213, 10.49157, 10],
			"rotation": {"angle": -22.5, "axis": "z", "origin": [5.86726, 10.91563, 8]},
			"faces": {
				"north": {"uv": [10.25, 1.5, 10.75, 2.5], "texture": "#0"},
				"east": {"uv": [1, 9, 2, 10], "texture": "#0"},
				"south": {"uv": [10.25, 2.5, 10.75, 3.5], "texture": "#0"},
				"west": {"uv": [2, 9, 3, 10], "texture": "#0"},
				"up": {"uv": [10.75, 4.5, 10.25, 3.5], "texture": "#0"},
				"down": {"uv": [10.25, 10.25, 9.75, 11.25], "texture": "#0"}
			}
		}
	],
	"display": {
		"thirdperson_righthand": {
			"rotation": [-2, -90, -90],
			"translation": [0, 0.75, 1.5],
			"scale": [0.4, 0.4, 0.4]
		},
		"thirdperson_lefthand": {
			"rotation": [2, 90, 90],
			"translation": [0, 0.75, 1.5],
			"scale": [0.4, 0.4, 0.4]
		},
		"firstperson_righthand": {
			"rotation": [0, 35, 0],
			"translation": [-0.75, 4.25, 0],
			"scale": [0.4, 0.4, 0.4]
		},
		"firstperson_lefthand": {
			"rotation": [-180, -60, 180],
			"translation": [-0.75, 4.25, 0],
			"scale": [0.4, 0.4, 0.4]
		},
		"ground": {
			"translation": [0, 5.25, 0],
			"scale": [0.6, 0.6, 0.6]
		},
		"gui": {
			"rotation": [-154.82, 136, 179.22],
			"translation": [-2.25, -1.25, 0],
			"scale": [0.54922, 0.54922, 0.54922]
		},
		"head": {
			"rotation": [0, -90, 0],
			"translation": [0, -0.5, -7.5],
			"scale": [0.9, 0.9, 0.9]
		},
		"fixed": {
			"rotation": [0, -90, 0],
			"translation": [0, 0, -3.75]
		}
	},
	"groups": [
		{
			"name": "tali",
			"origin": [8, 1, 8],
			"color": 0,
			"children": [0, 1, 2, 3, 4]
		},
		{
			"name": "tanduk",
			"origin": [6.5, 16, 0.5],
			"color": 0,
			"children": [5, 6, 7, 8]
		},
		{
			"name": "taring",
			"origin": [7, 1, 4],
			"color": 0,
			"children": [9, 10, 11, 12, 13]
		},
		{
			"name": "taring1",
			"origin": [7, 1, 4],
			"color": 0,
			"children": [14, 15, 16]
		},
		{
			"name": "main",
			"origin": [4.78316, 7.6585, 8],
			"color": 0,
			"children": [17, 18, 19, 20, 21, 22]
		}
	]
}