{
	"credit": "Made with Blockbench",
	"texture_size": [32, 32],
	"textures": {
		"0": "./main",
		"1": "./taring-tanduk",
		"2": "./tanduk",
		"particle": "./main"
	},
	"elements": [
		{
			"from": [9, 7, 16.5],
			"to": [11, 11, 17.5],
			"rotation": {"angle": 0, "axis": "y", "origin": [8, 1, 8]},
			"faces": {
				"north": {"uv": [8.25, 9, 8.75, 10.5], "texture": "#0"},
				"east": {"uv": [8.75, 9, 9.25, 10.5], "texture": "#0"},
				"south": {"uv": [9.25, 0, 9.75, 1.5], "texture": "#0"},
				"west": {"uv": [9.25, 9, 9.75, 10.5], "texture": "#0"},
				"up": {"uv": [11.25, 4, 10.75, 3.5], "texture": "#0"},
				"down": {"uv": [11.25, 4, 10.75, 4.5], "texture": "#0"}
			}
		},
		{
			"from": [11, 8, 17],
			"to": [25, 10, 17],
			"rotation": {"angle": 0, "axis": "y", "origin": [8, 1, 8]},
			"faces": {
				"north": {"uv": [5, 0, 8.5, 0.5], "texture": "#0"},
				"east": {"uv": [7.5, 10.75, 8, 11.25], "texture": "#0"},
				"south": {"uv": [5, 0.5, 8.5, 1], "texture": "#0"},
				"west": {"uv": [10.75, 10.25, 11.25, 10.75], "texture": "#0"},
				"up": {"uv": [8.5, 1.5, 5, 1], "texture": "#0"},
				"down": {"uv": [8.5, 1.5, 5, 2], "texture": "#0"}
			}
		},
		{
			"from": [11, 8, -1],
			"to": [25, 10, -1],
			"rotation": {"angle": 0, "axis": "y", "origin": [8, 1, 8]},
			"faces": {
				"north": {"uv": [8.5, 0.5, 5, 1], "texture": "#0"},
				"east": {"uv": [8, 10.75, 7.5, 11.25], "texture": "#0"},
				"south": {"uv": [8.5, 0, 5, 0.5], "texture": "#0"},
				"west": {"uv": [11.25, 10.25, 10.75, 10.75], "texture": "#0"},
				"up": {"uv": [8.5, 1, 5, 1.5], "texture": "#0"},
				"down": {"uv": [8.5, 2, 5, 1.5], "texture": "#0"}
			}
		},
		{
			"from": [25, 8, -1],
			"to": [25, 10, 17],
			"rotation": {"angle": 0, "axis": "y", "origin": [18, 9, -1]},
			"faces": {
				"north": {"uv": [11.25, 10.25, 10.75, 10.75], "texture": "#0"},
				"east": {"uv": [8.5, 0.5, 5, 1], "texture": "#0"},
				"south": {"uv": [8, 10.75, 7.5, 11.25], "texture": "#0"},
				"west": {"uv": [8.5, 0, 5, 0.5], "texture": "#0"},
				"up": {"uv": [8.5, 1, 5, 1.5], "rotation": 90, "texture": "#0"},
				"down": {"uv": [8.5, 2, 5, 1.5], "rotation": 270, "texture": "#0"}
			}
		},
		{
			"from": [9, 7, -1.5],
			"to": [11, 11, -0.5],
			"rotation": {"angle": 0, "axis": "y", "origin": [8, 1, 8]},
			"faces": {
				"north": {"uv": [9.75, 0, 9.25, 1.5], "texture": "#0"},
				"east": {"uv": [9.25, 9, 8.75, 10.5], "texture": "#0"},
				"south": {"uv": [8.75, 9, 8.25, 10.5], "texture": "#0"},
				"west": {"uv": [9.75, 9, 9.25, 10.5], "texture": "#0"},
				"up": {"uv": [11.25, 3.5, 10.75, 4], "texture": "#0"},
				"down": {"uv": [11.25, 4.5, 10.75, 4], "texture": "#0"}
			}
		},
		{
			"from": [-0.92767, 3.71951, 10.4],
			"to": [3.07233, 5.71951, 14.4],
			"rotation": {"angle": 45, "axis": "z", "origin": [5.86726, 10.91563, 8]},
			"faces": {
				"north": {"uv": [2, 10, 4, 11], "texture": "#1"},
				"east": {"uv": [10, 2, 12, 3], "texture": "#1"},
				"south": {"uv": [10, 3, 12, 4], "texture": "#1"},
				"west": {"uv": [10, 4, 12, 5], "texture": "#1"},
				"up": {"uv": [4, 8, 2, 6], "texture": "#1"},
				"down": {"uv": [8, 3, 6, 5], "texture": "#1"}
			}
		},
		{
			"from": [-0.92767, 5.71951, 12.4],
			"to": [1.07233, 9.71951, 14.4],
			"rotation": {"angle": 45, "axis": "z", "origin": [5.86726, 10.91563, 8]},
			"faces": {
				"north": {"uv": [7, 9, 8, 11], "texture": "#1"},
				"east": {"uv": [9, 7, 10, 9], "texture": "#1"},
				"south": {"uv": [9, 9, 10, 11], "texture": "#1"},
				"west": {"uv": [10, 0, 11, 2], "texture": "#1"},
				"up": {"uv": [4, 12, 3, 11], "texture": "#1"},
				"down": {"uv": [5, 11, 4, 12], "texture": "#1"}
			}
		},
		{
			"from": [-0.92767, 5.71951, 1.6],
			"to": [1.07233, 9.71951, 3.6],
			"rotation": {"angle": 45, "axis": "z", "origin": [5.86726, 10.91563, 8]},
			"faces": {
				"north": {"uv": [10, 9, 9, 11], "texture": "#1"},
				"east": {"uv": [10, 7, 9, 9], "texture": "#1"},
				"south": {"uv": [8, 9, 7, 11], "texture": "#1"},
				"west": {"uv": [11, 0, 10, 2], "texture": "#1"},
				"up": {"uv": [4, 11, 3, 12], "texture": "#1"},
				"down": {"uv": [5, 12, 4, 11], "texture": "#1"}
			}
		},
		{
			"from": [-0.92767, 3.71951, 1.6],
			"to": [3.07233, 5.71951, 5.6],
			"rotation": {"angle": 45, "axis": "z", "origin": [5.86726, 10.91563, 8]},
			"faces": {
				"north": {"uv": [12, 3, 10, 4], "texture": "#1"},
				"east": {"uv": [12, 2, 10, 3], "texture": "#1"},
				"south": {"uv": [4, 10, 2, 11], "texture": "#1"},
				"west": {"uv": [12, 4, 10, 5], "texture": "#1"},
				"up": {"uv": [4, 6, 2, 8], "texture": "#1"},
				"down": {"uv": [8, 5, 6, 3], "texture": "#1"}
			}
		},
		{
			"from": [7, 16, 2],
			"to": [9, 18, 14],
			"rotation": {"angle": 0, "axis": "x", "origin": [5.86726, 10.91563, 8]},
			"faces": {
				"north": {"uv": [9, 10.5, 9.5, 11], "texture": "#0"},
				"east": {"uv": [5, 7.5, 8, 8], "texture": "#0"},
				"south": {"uv": [10.5, 9.25, 11, 9.75], "texture": "#0"},
				"west": {"uv": [7.5, 5, 10.5, 5.5], "texture": "#0"},
				"up": {"uv": [5.5, 11, 5, 8], "texture": "#0"},
				"down": {"uv": [6, 8, 5.5, 11], "texture": "#0"}
			}
		},
		{
			"from": [7, 12, 0],
			"to": [9, 16, 16],
			"rotation": {"angle": 0, "axis": "x", "origin": [5.86726, 10.91563, 8]},
			"faces": {
				"north": {"uv": [2.5, 10, 3, 11], "texture": "#0"},
				"east": {"uv": [4, 3, 8, 4], "texture": "#0"},
				"south": {"uv": [10, 5.5, 10.5, 6.5], "texture": "#0"},
				"west": {"uv": [4, 4, 8, 5], "texture": "#0"},
				"up": {"uv": [2.5, 9, 2, 5], "texture": "#0"},
				"down": {"uv": [3, 5, 2.5, 9], "texture": "#0"}
			}
		},
		{
			"from": [7, 6, -2],
			"to": [9, 12, 18],
			"rotation": {"angle": 0, "axis": "y", "origin": [5.86726, 10.91563, 8]},
			"faces": {
				"north": {"uv": [9, 5.5, 9.5, 7], "texture": "#0"},
				"east": {"uv": [0, 0, 5, 1.5], "texture": "#0"},
				"south": {"uv": [9, 7.5, 9.5, 9], "texture": "#0"},
				"west": {"uv": [0, 1.5, 5, 3], "texture": "#0"},
				"up": {"uv": [0.5, 10, 0, 5], "texture": "#0"},
				"down": {"uv": [1, 5, 0.5, 10], "texture": "#0"}
			}
		},
		{
			"from": [7, 2, 0],
			"to": [9, 6, 16],
			"rotation": {"angle": 0, "axis": "y", "origin": [5.86726, 10.91563, 8]},
			"faces": {
				"north": {"uv": [1.5, 10, 2, 11], "texture": "#0"},
				"east": {"uv": [0, 3, 4, 4], "texture": "#0"},
				"south": {"uv": [2, 10, 2.5, 11], "texture": "#0"},
				"west": {"uv": [0, 4, 4, 5], "texture": "#0"},
				"up": {"uv": [1.5, 9, 1, 5], "texture": "#0"},
				"down": {"uv": [2, 5, 1.5, 9], "texture": "#0"}
			}
		},
		{
			"from": [7, 0, 2],
			"to": [9, 2, 14],
			"rotation": {"angle": 0, "axis": "y", "origin": [5.86726, 10.91563, 8]},
			"faces": {
				"north": {"uv": [9, 4.5, 9.5, 5], "texture": "#0"},
				"east": {"uv": [4, 7, 7, 7.5], "texture": "#0"},
				"south": {"uv": [10.5, 6, 11, 6.5], "texture": "#0"},
				"west": {"uv": [7, 7, 10, 7.5], "texture": "#0"},
				"up": {"uv": [4.5, 10.5, 4, 7.5], "texture": "#0"},
				"down": {"uv": [5, 7.5, 4.5, 10.5], "texture": "#0"}
			}
		},
		{
			"from": [7.21213, 6.49157, 6],
			"to": [9.21213, 10.49157, 10],
			"rotation": {"angle": -22.5, "axis": "z", "origin": [5.86726, 10.91563, 8]},
			"faces": {
				"north": {"uv": [10.25, 1.5, 10.75, 2.5], "texture": "#0"},
				"east": {"uv": [1, 9, 2, 10], "texture": "#0"},
				"south": {"uv": [10.25, 2.5, 10.75, 3.5], "texture": "#0"},
				"west": {"uv": [2, 9, 3, 10], "texture": "#0"},
				"up": {"uv": [10.75, 4.5, 10.25, 3.5], "texture": "#0"},
				"down": {"uv": [10.25, 10.25, 9.75, 11.25], "texture": "#0"}
			}
		},
		{
			"from": [-1, 23, 2],
			"to": [1, 29, 4],
			"rotation": {"angle": -22.5, "axis": "z", "origin": [4, 11, 5]},
			"faces": {
				"north": {"uv": [11.5, 9, 12.5, 12], "texture": "#2"},
				"east": {"uv": [0, 12, 1, 15], "texture": "#2"},
				"south": {"uv": [12, 0, 13, 3], "texture": "#2"},
				"west": {"uv": [1, 12, 2, 15], "texture": "#2"},
				"up": {"uv": [13.5, 12, 12.5, 11], "texture": "#2"},
				"down": {"uv": [14, 0, 13, 1], "texture": "#2"}
			}
		},
		{
			"from": [8, 9, 1],
			"to": [14, 17, 5],
			"rotation": {"angle": 45, "axis": "z", "origin": [4, 11, 5]},
			"faces": {
				"north": {"uv": [0, 0, 3, 4], "texture": "#2"},
				"east": {"uv": [6, 4, 8, 8], "texture": "#2"},
				"south": {"uv": [3, 0, 6, 4], "texture": "#2"},
				"west": {"uv": [8, 0, 6, 4], "texture": "#2"},
				"up": {"uv": [4, 11, 2, 8], "rotation": 270, "texture": "#2"},
				"down": {"uv": [6, 8, 4, 11], "rotation": 90, "texture": "#2"}
			}
		},
		{
			"from": [3, 18.5, 1.8],
			"to": [7, 24.5, 4.3],
			"rotation": {"angle": 0, "axis": "z", "origin": [4, 11, 5]},
			"faces": {
				"north": {"uv": [8, 4, 10, 7], "texture": "#2"},
				"east": {"uv": [10, 9, 11.5, 12], "texture": "#2"},
				"south": {"uv": [6, 8, 8, 11], "texture": "#2"},
				"west": {"uv": [8, 10, 9.5, 13], "texture": "#2"},
				"up": {"uv": [6.5, 13, 5, 11], "rotation": 270, "texture": "#2"},
				"down": {"uv": [8, 11, 6.5, 13], "rotation": 90, "texture": "#2"}
			}
		},
		{
			"from": [-1, 23, 12],
			"to": [1, 29, 14],
			"rotation": {"angle": -22.5, "axis": "z", "origin": [4, 11, 15]},
			"faces": {
				"north": {"uv": [11.5, 9, 12.5, 12], "texture": "#2"},
				"east": {"uv": [0, 12, 1, 15], "texture": "#2"},
				"south": {"uv": [12, 0, 13, 3], "texture": "#2"},
				"west": {"uv": [1, 12, 2, 15], "texture": "#2"},
				"up": {"uv": [13.5, 12, 12.5, 11], "texture": "#2"},
				"down": {"uv": [14, 0, 13, 1], "texture": "#2"}
			}
		},
		{
			"from": [8, 9, 11],
			"to": [14, 17, 15],
			"rotation": {"angle": 45, "axis": "z", "origin": [4, 11, 15]},
			"faces": {
				"north": {"uv": [0, 0, 3, 4], "texture": "#2"},
				"east": {"uv": [6, 4, 8, 8], "texture": "#2"},
				"south": {"uv": [3, 0, 6, 4], "texture": "#2"},
				"west": {"uv": [8, 0, 6, 4], "texture": "#2"},
				"up": {"uv": [4, 11, 2, 8], "rotation": 270, "texture": "#2"},
				"down": {"uv": [6, 8, 4, 11], "rotation": 90, "texture": "#2"}
			}
		},
		{
			"from": [3, 18.5, 11.8],
			"to": [7, 24.5, 14.3],
			"rotation": {"angle": 0, "axis": "z", "origin": [4, 11, 15]},
			"faces": {
				"north": {"uv": [8, 4, 10, 7], "texture": "#2"},
				"east": {"uv": [10, 9, 11.5, 12], "texture": "#2"},
				"south": {"uv": [6, 8, 8, 11], "texture": "#2"},
				"west": {"uv": [8, 10, 9.5, 13], "texture": "#2"},
				"up": {"uv": [6.5, 13, 5, 11], "rotation": 270, "texture": "#2"},
				"down": {"uv": [8, 11, 6.5, 13], "rotation": 90, "texture": "#2"}
			}
		}
	],
	"display": {
		"thirdperson_righthand": {
			"rotation": [-2, -90, -90],
			"translation": [0, 0.75, 1.5],
			"scale": [0.4, 0.4, 0.4]
		},
		"thirdperson_lefthand": {
			"rotation": [2, 90, 90],
			"translation": [0, 0.75, 1.5],
			"scale": [0.4, 0.4, 0.4]
		},
		"firstperson_righthand": {
			"rotation": [0, 35, 0],
			"translation": [-0.75, 4.25, 0],
			"scale": [0.4, 0.4, 0.4]
		},
		"firstperson_lefthand": {
			"rotation": [-180, -60, 180],
			"translation": [-0.75, 4.25, 0],
			"scale": [0.4, 0.4, 0.4]
		},
		"ground": {
			"translation": [0, 5.25, 0],
			"scale": [0.6, 0.6, 0.6]
		},
		"gui": {
			"rotation": [-154.82, 128, 179.22],
			"translation": [-1.75, -2.75, 0],
			"scale": [0.5, 0.5, 0.5]
		},
		"head": {
			"rotation": [0, -90, 0],
			"translation": [0, -0.5, -7.5],
			"scale": [0.9, 0.9, 0.9]
		},
		"fixed": {
			"rotation": [0, -90, 0],
			"translation": [0, 0, -3.75]
		}
	},
	"groups": [
		{
			"name": "tali",
			"origin": [8, 1, 8],
			"color": 0,
			"children": [0, 1, 2, 3, 4]
		},
		{
			"name": "taring",
			"origin": [7, 1, 4],
			"color": 0,
			"children": [5, 6, 7, 8]
		},
		{
			"name": "main",
			"origin": [4.78316, 7.6585, 8],
			"color": 0,
			"children": [9, 10, 11, 12, 13, 14]
		},
		{
			"name": "tanduk",
			"origin": [0, 0, 0],
			"color": 0,
			"children": [15, 16, 17]
		},
		{
			"name": "tanduk",
			"origin": [0, 0, 0],
			"color": 0,
			"children": [18, 19, 20]
		}
	]
}