{
	"credit": "Made with Blockbench",
	"textures": {
		"1": "./texture"
	},
	"elements": [
		{
			"from": [3, 3, -1],
			"to": [7, 10, 1],
			"rotation": {"angle": 0, "axis": "y", "origin": [4, 0, -1]},
			"faces": {
				"north": {"uv": [5.5, 6.125, 6.5, 7.1875], "texture": "#1"},
				"east": {"uv": [7.1875, 3, 6.8125, 5], "texture": "#1"},
				"south": {"uv": [6.5, 3.3125, 7.1875, 4.9375], "texture": "#1"},
				"west": {"uv": [8, 5, 8.125, 7], "texture": "#1"},
				"up": {"uv": [12.125, 4.5, 11.125, 4], "texture": "#1"},
				"down": {"uv": [13.5, 3.1875, 12.5, 4.4375], "texture": "#1"}
			}
		},
		{
			"from": [-5, 5, -0.9],
			"to": [15, 25, 19.1],
			"rotation": {"angle": 0, "axis": "y", "origin": [4, 0, -1]},
			"faces": {
				"north": {"uv": [0.8125, 1.4375, 4.1875, 4.625], "texture": "#1"},
				"east": {"uv": [6, 1, 6.5, 5.5], "texture": "#1"},
				"south": {"uv": [1.125, 6.0625, 3.5, 8.0625], "texture": "#1"},
				"west": {"uv": [5, 6, 5.5, 10.5], "texture": "#1"},
				"up": {"uv": [10.0625, 0.375, 5, 0.0625], "texture": "#1"},
				"down": {"uv": [10, 0.5, 5, 1], "texture": "#1"}
			}
		},
		{
			"from": [5.4, 22.96, 7.8],
			"to": [13, 27.52, 12.36],
			"rotation": {"angle": 45, "axis": "z", "origin": [3.12, 7, 4]},
			"faces": {
				"north": {"uv": [5, 1.75, 5.1875, 2.125], "texture": "#1"},
				"east": {"uv": [7.5, 3, 8, 5.5], "texture": "#1"},
				"south": {"uv": [5, 1.75, 5.1875, 2.125], "texture": "#1"},
				"west": {"uv": [7.5, 5.5, 8, 8], "texture": "#1"},
				"up": {"uv": [9.5, 7.5, 8.5, 7], "texture": "#1"},
				"down": {"uv": [9.5, 7.5, 8.5, 8], "texture": "#1"}
			}
		},
		{
			"from": [-15.12, 9.28, 8.56],
			"to": [-10.56, 16.88, 12.6],
			"rotation": {"angle": -22.5, "axis": "z", "origin": [3.12, 7, 4]},
			"faces": {
				"north": {"uv": [5.3125, 1.75, 5.5, 2], "rotation": 90, "texture": "#1"},
				"east": {"uv": [9.5, 7.5, 8.5, 8], "rotation": 270, "texture": "#1"},
				"south": {"uv": [5.3125, 1.75, 5.5, 2], "rotation": 270, "texture": "#1"},
				"west": {"uv": [9.5, 7.5, 8.5, 7], "rotation": 270, "texture": "#1"},
				"up": {"uv": [7.5, 3, 8, 5.5], "rotation": 270, "texture": "#1"},
				"down": {"uv": [7.5, 5.5, 8, 8], "rotation": 270, "texture": "#1"}
			}
		},
		{
			"from": [-13.6, 11.56, 3.48],
			"to": [-9.04, 16.12, 12.08],
			"rotation": {"angle": 0, "axis": "x", "origin": [3.12, 7, 4]},
			"faces": {
				"north": {"uv": [8, 3.3125, 8.375, 3.5625], "rotation": 90, "texture": "#1"},
				"east": {"uv": [9.5, 7.5, 8.5, 7], "texture": "#1"},
				"south": {"uv": [7.5, 5.5, 8, 8], "rotation": 270, "texture": "#1"},
				"west": {"uv": [9.5, 7.5, 8.5, 7], "rotation": 180, "texture": "#1"},
				"up": {"uv": [5, 2.5, 5.1875, 2.375], "rotation": 270, "texture": "#1"},
				"down": {"uv": [5.3125, 1.75, 5.5, 2], "rotation": 270, "texture": "#1"}
			}
		},
		{
			"from": [-12.84, 10.28, -4.88],
			"to": [-9.8, 14.84, 1.2],
			"rotation": {"angle": 45, "axis": "x", "origin": [3.12, 7, 4]},
			"faces": {
				"north": {"uv": [8, 3.3125, 8.375, 3.5625], "rotation": 90, "texture": "#1"},
				"east": {"uv": [9.5, 7.5, 8.5, 8], "texture": "#1"},
				"south": {"uv": [7.5, 5.5, 8, 8], "rotation": 270, "texture": "#1"},
				"west": {"uv": [9.5, 7.5, 8.5, 7], "rotation": 180, "texture": "#1"},
				"up": {"uv": [5, 3.5, 6, 6], "rotation": 270, "texture": "#1"},
				"down": {"uv": [5.3125, 1.75, 5.5, 2], "rotation": 270, "texture": "#1"}
			}
		},
		{
			"from": [-11.32, 10.28, -9.96],
			"to": [-11.32, 16.6, -3.88],
			"rotation": {"angle": 45, "axis": "x", "origin": [3.12, 7, 4]},
			"faces": {
				"north": {"uv": [8, 3.3125, 8.375, 3.5625], "rotation": 90, "texture": "#1"},
				"east": {"uv": [9.375, 7.5, 8.5, 8], "texture": "#1"},
				"south": {"uv": [7.5, 5.5, 8, 8], "rotation": 270, "texture": "#1"},
				"west": {"uv": [9.375, 8, 8.5, 7.5], "rotation": 180, "texture": "#1"},
				"up": {"uv": [5, 3.5, 6, 6], "rotation": 270, "texture": "#1"},
				"down": {"uv": [5.3125, 1.75, 5.5, 2], "rotation": 270, "texture": "#1"}
			}
		},
		{
			"from": [-4, 22.96, 7.8],
			"to": [3.6, 27.52, 12.36],
			"rotation": {"angle": -45, "axis": "z", "origin": [5.88, 7, 4]},
			"faces": {
				"north": {"uv": [5.1875, 1.75, 5, 2.125], "texture": "#1"},
				"east": {"uv": [8, 5.5, 7.5, 8], "texture": "#1"},
				"south": {"uv": [6, 3.5, 5, 6], "texture": "#1"},
				"west": {"uv": [8, 3, 7.5, 5.5], "texture": "#1"},
				"up": {"uv": [8.5, 7.5, 9.5, 7], "texture": "#1"},
				"down": {"uv": [8.5, 7.5, 9.5, 8], "texture": "#1"}
			}
		},
		{
			"from": [19.56, 9.28, 8.56],
			"to": [24.12, 16.88, 12.6],
			"rotation": {"angle": 22.5, "axis": "z", "origin": [5.88, 7, 4]},
			"faces": {
				"north": {"uv": [5.3125, 2, 5.5, 1.75], "rotation": 90, "texture": "#1"},
				"east": {"uv": [9.5, 7, 8.5, 7.5], "rotation": 270, "texture": "#1"},
				"south": {"uv": [5, 6, 6, 3.5], "rotation": 270, "texture": "#1"},
				"west": {"uv": [9.5, 8, 8.5, 7.5], "rotation": 270, "texture": "#1"},
				"up": {"uv": [7.5, 5.5, 8, 3], "rotation": 270, "texture": "#1"},
				"down": {"uv": [7.5, 8, 8, 5.5], "rotation": 270, "texture": "#1"}
			}
		},
		{
			"from": [18.04, 11.56, 3.48],
			"to": [22.6, 16.12, 12.08],
			"rotation": {"angle": 0, "axis": "x", "origin": [5.88, 7, 4]},
			"faces": {
				"north": {"uv": [8, 3.5625, 8.375, 3.3125], "rotation": 90, "texture": "#1"},
				"east": {"uv": [8.5, 7.5, 9.5, 7], "rotation": 180, "texture": "#1"},
				"south": {"uv": [7.5, 8, 8, 5.5], "rotation": 270, "texture": "#1"},
				"west": {"uv": [8.5, 7.5, 9.5, 7], "texture": "#1"},
				"up": {"uv": [5, 2.375, 5.1875, 2.5], "rotation": 270, "texture": "#1"},
				"down": {"uv": [5.3125, 2, 5.5, 1.75], "rotation": 270, "texture": "#1"}
			}
		},
		{
			"from": [18.8, 10.28, -4.88],
			"to": [21.84, 14.84, 1.2],
			"rotation": {"angle": 45, "axis": "x", "origin": [5.88, 7, 4]},
			"faces": {
				"north": {"uv": [8, 3.5625, 8.375, 3.3125], "rotation": 90, "texture": "#1"},
				"east": {"uv": [8.5, 7.5, 9.5, 7], "rotation": 180, "texture": "#1"},
				"south": {"uv": [7.5, 8, 8, 5.5], "rotation": 270, "texture": "#1"},
				"west": {"uv": [8.5, 7.5, 9.5, 8], "texture": "#1"},
				"up": {"uv": [5, 6, 6, 3.5], "rotation": 270, "texture": "#1"},
				"down": {"uv": [5.3125, 2, 5.5, 1.75], "rotation": 270, "texture": "#1"}
			}
		},
		{
			"from": [20.32, 10.28, -9.96],
			"to": [20.32, 16.6, -3.88],
			"rotation": {"angle": 45, "axis": "x", "origin": [5.88, 7, 4]},
			"faces": {
				"north": {"uv": [8, 3.5625, 8.375, 3.3125], "rotation": 90, "texture": "#1"},
				"east": {"uv": [8.5, 8, 9.375, 7.5], "rotation": 180, "texture": "#1"},
				"south": {"uv": [7.5, 8, 8, 5.5], "rotation": 270, "texture": "#1"},
				"west": {"uv": [8.5, 7.5, 9.375, 8], "texture": "#1"},
				"up": {"uv": [5, 6, 6, 3.5], "rotation": 270, "texture": "#1"},
				"down": {"uv": [5.3125, 2, 5.5, 1.75], "rotation": 270, "texture": "#1"}
			}
		},
		{
			"from": [3, 12, -3],
			"to": [7, 19, -1],
			"rotation": {"angle": 0, "axis": "y", "origin": [4, 0, -1]},
			"faces": {
				"north": {"uv": [5, 1, 5.25, 1.625], "texture": "#1"},
				"east": {"uv": [7.5, 3, 8, 5.5], "texture": "#1"},
				"south": {"uv": [5, 3.5, 6, 6], "texture": "#1"},
				"west": {"uv": [7.5, 5.5, 8, 8], "texture": "#1"},
				"up": {"uv": [9.5, 7.5, 8.5, 7], "texture": "#1"},
				"down": {"uv": [9.5, 7.5, 8.5, 8], "texture": "#1"}
			}
		},
		{
			"from": [1, 20, 4],
			"to": [9, 27, 6],
			"rotation": {"angle": 0, "axis": "y", "origin": [4, 0, -1]},
			"faces": {
				"north": {"uv": [5, 1, 5.5, 1.5625], "texture": "#1"},
				"east": {"uv": [7.5, 3, 8, 5.5], "texture": "#1"},
				"south": {"uv": [5, 3.5, 6, 6], "texture": "#1"},
				"west": {"uv": [7.5, 5.5, 8, 8], "texture": "#1"},
				"up": {"uv": [9.5, 7.5, 8.5, 7], "texture": "#1"},
				"down": {"uv": [8.6875, 7.5, 8.5, 7.625], "texture": "#1"}
			}
		},
		{
			"from": [3, 12, -15.85],
			"to": [7, 15, -13.85],
			"rotation": {"angle": 45, "axis": "x", "origin": [4, 0, -1]},
			"faces": {
				"north": {"uv": [8.5, 1, 8.75, 1.125], "texture": "#1"},
				"east": {"uv": [2, 9, 2.5, 9.75], "texture": "#1"},
				"south": {"uv": [8.5, 1.75, 9.5, 2.5], "texture": "#1"},
				"west": {"uv": [2.5, 9, 3, 9.75], "texture": "#1"},
				"up": {"uv": [9.5, 8.5, 8.5, 8], "texture": "#1"},
				"down": {"uv": [9.5, 8.5, 8.5, 9], "texture": "#1"}
			}
		},
		{
			"from": [3, 12.1, -4.8],
			"to": [7, 15.1, -2.8],
			"rotation": {"angle": -45, "axis": "x", "origin": [4, 16, -1]},
			"faces": {
				"north": {"uv": [8.75, 3.125, 9.0625, 3.1875], "texture": "#1"},
				"east": {"uv": [3, 9, 3.5, 9.75], "texture": "#1"},
				"south": {"uv": [8.5, 3.25, 9.5, 4], "texture": "#1"},
				"west": {"uv": [3.5, 9, 4, 9.75], "texture": "#1"},
				"up": {"uv": [1, 9.5, 0, 9], "texture": "#1"},
				"down": {"uv": [2, 9, 1, 9.5], "texture": "#1"}
			}
		},
		{
			"from": [4, 3, -0.8],
			"to": [8, 11, 1.2],
			"rotation": {"angle": 45, "axis": "z", "origin": [4, 0, -1]},
			"faces": {
				"north": {"uv": [6.5, 3, 7.5, 5], "texture": "#1"},
				"east": {"uv": [5.5, 8, 5.1875, 10], "texture": "#1"},
				"south": {"uv": [6.375, 3, 7.375, 5], "texture": "#1"},
				"west": {"uv": [6, 8, 6.5, 10], "texture": "#1"},
				"up": {"uv": [9.5, 5.5, 8.5, 5], "texture": "#1"},
				"down": {"uv": [9.5, 5.5, 8.5, 6], "texture": "#1"}
			}
		},
		{
			"from": [3, 3, -0.8],
			"to": [7, 12, 1.2],
			"rotation": {"angle": -45, "axis": "z", "origin": [6, 0, -1]},
			"faces": {
				"north": {"uv": [7.5, 3, 6.5, 5], "texture": "#1"},
				"east": {"uv": [6.5, 8, 6, 10], "texture": "#1"},
				"south": {"uv": [6.0625, 3, 7.0625, 4.875], "texture": "#1"},
				"west": {"uv": [5.3125, 8, 5.5, 10], "texture": "#1"},
				"up": {"uv": [10.3125, 5.5625, 11.3125, 5.0625], "texture": "#1"},
				"down": {"uv": [10.25, 5.25, 11.25, 5.75], "texture": "#1"}
			}
		},
		{
			"from": [1, 2, -0.99],
			"to": [9, 5, 1.91],
			"rotation": {"angle": 0, "axis": "y", "origin": [-3, 0, -8]},
			"faces": {
				"north": {"uv": [0, 0, 3.4375, 0.875], "texture": "#1"},
				"east": {"uv": [0, 0, 2, 1.25], "texture": "#1"},
				"south": {"uv": [0, 0, 4.25, 1.4375], "texture": "#1"},
				"west": {"uv": [0, 0, 2, 1.6875], "texture": "#1"},
				"up": {"uv": [0, 0, 8, 2], "texture": "#1"},
				"down": {"uv": [0, 0, 3.5625, 0.9375], "texture": "#1"}
			}
		},
		{
			"from": [-12, 5, 0],
			"to": [-12, 16, 19],
			"rotation": {"angle": -22.5, "axis": "z", "origin": [16, 0, -8]},
			"faces": {
				"north": {"uv": [0, 0, 0, 6], "texture": "#1"},
				"east": {"uv": [1, 15, 0, 15.75], "texture": "#1"},
				"south": {"uv": [0, 0, 0, 6], "texture": "#1"},
				"west": {"uv": [1, 15, 0, 15.75], "texture": "#1"},
				"up": {"uv": [0, 15, 0, 0], "texture": "#1"},
				"down": {"uv": [0, 0, 0, 15], "texture": "#1"}
			}
		},
		{
			"from": [-10, 2, 0],
			"to": [-10, 13, 19],
			"rotation": {"angle": -22.5, "axis": "z", "origin": [16, 0, -8]},
			"faces": {
				"north": {"uv": [0, 0, 0, 6], "texture": "#1"},
				"east": {"uv": [1, 15, 0, 15.75], "texture": "#1"},
				"south": {"uv": [0, 0, 0, 6], "texture": "#1"},
				"west": {"uv": [1, 15, 0, 15.75], "texture": "#1"},
				"up": {"uv": [0, 15, 0, 0], "texture": "#1"},
				"down": {"uv": [0, 0, 0, 15], "texture": "#1"}
			}
		},
		{
			"from": [-9, -1, 0],
			"to": [-9, 10, 19],
			"rotation": {"angle": -22.5, "axis": "z", "origin": [16, 0, -8]},
			"faces": {
				"north": {"uv": [0, 0, 0, 6], "texture": "#1"},
				"east": {"uv": [1, 15, 0, 15.75], "texture": "#1"},
				"south": {"uv": [0, 0, 0, 6], "texture": "#1"},
				"west": {"uv": [1, 15, 0, 15.75], "texture": "#1"},
				"up": {"uv": [0, 15, 0, 0], "texture": "#1"},
				"down": {"uv": [0, 0, 0, 15], "texture": "#1"}
			}
		},
		{
			"from": [21, 3, -1],
			"to": [21, 14, 19],
			"rotation": {"angle": 22.5, "axis": "z", "origin": [0, 0, -8]},
			"faces": {
				"north": {"uv": [0, 0, 0, 6], "texture": "#1"},
				"east": {"uv": [0, 15, 1, 15.75], "texture": "#1"},
				"south": {"uv": [0, 0, 0, 6], "texture": "#1"},
				"west": {"uv": [0, 15, 1, 15.75], "texture": "#1"},
				"up": {"uv": [0, 15, 0, 0], "texture": "#1"},
				"down": {"uv": [0, 0, 0, 15], "texture": "#1"}
			}
		},
		{
			"from": [20, -1, -1],
			"to": [20, 10, 19],
			"rotation": {"angle": 22.5, "axis": "z", "origin": [0, 0, -8]},
			"faces": {
				"north": {"uv": [0, 0, 0, 6], "texture": "#1"},
				"east": {"uv": [0, 15, 1, 15.75], "texture": "#1"},
				"south": {"uv": [0, 0, 0, 6], "texture": "#1"},
				"west": {"uv": [0, 15, 1, 15.75], "texture": "#1"},
				"up": {"uv": [0, 15, 0, 0], "texture": "#1"},
				"down": {"uv": [0, 0, 0, 15], "texture": "#1"}
			}
		},
		{
			"from": [22, 6, -1],
			"to": [22, 17, 19],
			"rotation": {"angle": 22.5, "axis": "z", "origin": [0, 0, -8]},
			"faces": {
				"north": {"uv": [0, 0, 0, 6], "texture": "#1"},
				"east": {"uv": [0, 15, 1, 15.75], "texture": "#1"},
				"south": {"uv": [0, 0, 0, 6], "texture": "#1"},
				"west": {"uv": [0, 15, 1, 15.75], "texture": "#1"},
				"up": {"uv": [0, 15, 0, 0], "texture": "#1"},
				"down": {"uv": [0, 0, 0, 15], "texture": "#1"}
			}
		},
		{
			"from": [-9, 7, -1],
			"to": [-9, 18, 19],
			"rotation": {"angle": -22.5, "axis": "z", "origin": [16, 0, -8]},
			"faces": {
				"north": {"uv": [0, 0, 0, 6], "texture": "#1"},
				"east": {"uv": [1, 15, 0, 15.75], "texture": "#1"},
				"south": {"uv": [0, 0, 0, 6], "texture": "#1"},
				"west": {"uv": [1, 15, 0, 15.75], "texture": "#1"},
				"up": {"uv": [0, 15, 0, 0], "texture": "#1"},
				"down": {"uv": [0, 0, 0, 15], "texture": "#1"}
			}
		},
		{
			"from": [-5, 2, 26],
			"to": [15, 13, 26],
			"rotation": {"angle": -22.5, "axis": "x", "origin": [0, 0, -8]},
			"faces": {
				"north": {"uv": [0, 15, 1, 15.75], "texture": "#1"},
				"east": {"uv": [0, 0, 0, 6], "texture": "#1"},
				"south": {"uv": [0, 15, 1, 15.75], "texture": "#1"},
				"west": {"uv": [0, 0, 0, 6], "texture": "#1"},
				"up": {"uv": [0, 15, 0, 0], "rotation": 90, "texture": "#1"},
				"down": {"uv": [0, 15, 1.125, 15.6875], "rotation": 270, "texture": "#1"}
			}
		},
		{
			"from": [-5, -3, 24],
			"to": [15, 8, 24],
			"rotation": {"angle": -22.5, "axis": "x", "origin": [0, 0, -8]},
			"faces": {
				"north": {"uv": [0, 15, 1, 15.75], "texture": "#1"},
				"east": {"uv": [0, 0, 0, 6], "texture": "#1"},
				"south": {"uv": [0, 15, 1, 15.75], "texture": "#1"},
				"west": {"uv": [0, 0, 0, 6], "texture": "#1"},
				"up": {"uv": [0, 15, 0, 0], "rotation": 90, "texture": "#1"},
				"down": {"uv": [0, 0, 0, 15], "rotation": 270, "texture": "#1"}
			}
		},
		{
			"from": [-5, -8, 22],
			"to": [15, 3, 22],
			"rotation": {"angle": -22.5, "axis": "x", "origin": [0, 0, -8]},
			"faces": {
				"north": {"uv": [0, 15, 1, 15.75], "texture": "#1"},
				"east": {"uv": [0, 0, 0, 6], "texture": "#1"},
				"south": {"uv": [0, 15, 1, 15.75], "texture": "#1"},
				"west": {"uv": [0, 0, 0, 6], "texture": "#1"},
				"up": {"uv": [0, 15, 0, 0], "rotation": 90, "texture": "#1"},
				"down": {"uv": [0, 0, 0, 15], "rotation": 270, "texture": "#1"}
			}
		}
	],
	"display": {
		"thirdperson_righthand": {
			"rotation": [76.37, -25.63, -2.87],
			"translation": [1.5, -0.25, -1],
			"scale": [0.39844, 0.39844, 0.39844]
		},
		"thirdperson_lefthand": {
			"rotation": [76.37, -25.63, -2.87],
			"translation": [1.5, -0.25, -1],
			"scale": [0.39844, 0.39844, 0.39844]
		},
		"firstperson_righthand": {
			"rotation": [162.11, 52.75, -166.71],
			"translation": [1.5, 2.75, -1.5],
			"scale": [0.46875, 0.46875, 0.46875]
		},
		"firstperson_lefthand": {
			"rotation": [162.11, 52.75, -166.71],
			"translation": [1.5, 2.75, -1.5],
			"scale": [0.46875, 0.46875, 0.46875]
		},
		"gui": {
			"rotation": [-154.82, 47.29, 179.22],
			"translation": [-0.75, -2.75, 0],
			"scale": [0.4, 0.4, 0.4]
		},
		"head": {
			"translation": [2.25, -2.75, -0.75],
			"scale": [0.76875, 0.68867, 0.79219]
		}
	},
	"groups": [
		0,
		1,
		{
			"name": "Anduk",
			"origin": [7, 0, 7],
			"color": 0,
			"children": [2, 3, 4, 5, 6]
		},
		{
			"name": "Anduk",
			"origin": [7, 0, 7],
			"color": 0,
			"children": [7, 8, 9, 10, 11]
		},
		12,
		13,
		14,
		15,
		16,
		17,
		18,
		19,
		20,
		21,
		22,
		23,
		24,
		25,
		26,
		27,
		28
	]
}