{
	"credit": "Made with Blockbench",
	"texture_size": [32, 32],
	"textures": {
		"0": "./main",
		"particle": "./main"
	},
	"elements": [
		{
			"from": [2, 11, 1],
			"to": [12, 13, 2],
			"rotation": {"angle": 0, "axis": "y", "origin": [7, 11, 7]},
			"faces": {
				"north": {"uv": [0, 0, 5, 1.5], "texture": "#0"},
				"east": {"uv": [8, 3, 8.5, 4.5], "texture": "#0"},
				"south": {"uv": [0, 1.5, 5, 3], "texture": "#0"},
				"west": {"uv": [6, 8, 6.5, 9.5], "texture": "#0"},
				"up": {"uv": [11, 6.5, 6, 6], "texture": "#0"},
				"down": {"uv": [11, 6.5, 6, 7], "texture": "#0"}
			}
		},
		{
			"from": [5, -11, 13],
			"to": [7, 11, 13],
			"rotation": {"angle": 0, "axis": "y", "origin": [0, 11, 0]},
			"faces": {
				"north": {"uv": [0, 3, 1, 10], "texture": "#0"},
				"east": {"uv": [0, 0, 0, 7], "texture": "#0"},
				"south": {"uv": [1, 3, 2, 10], "texture": "#0"},
				"west": {"uv": [0, 0, 0, 7], "texture": "#0"},
				"up": {"uv": [1, 0, 0, 0], "texture": "#0"},
				"down": {"uv": [1, 0, 0, 0], "texture": "#0"}
			}
		},
		{
			"from": [9, -11, 13],
			"to": [11, 11, 13],
			"rotation": {"angle": 0, "axis": "y", "origin": [0, 11, 0]},
			"faces": {
				"north": {"uv": [2, 5, 3, 11], "texture": "#0"},
				"east": {"uv": [0, 0, 0, 6], "texture": "#0"},
				"south": {"uv": [3, 5, 4, 11], "texture": "#0"},
				"west": {"uv": [0, 0, 0, 6], "texture": "#0"},
				"up": {"uv": [1, 0, 0, 0], "texture": "#0"},
				"down": {"uv": [1, 0, 0, 0], "texture": "#0"}
			}
		},
		{
			"from": [1, 11, 1],
			"to": [2, 13, 13],
			"rotation": {"angle": 0, "axis": "y", "origin": [9, 27, 9]},
			"faces": {
				"north": {"uv": [7.5, 8, 8, 9], "texture": "#0"},
				"east": {"uv": [5, 0, 11, 1], "texture": "#0"},
				"south": {"uv": [8, 8, 8.5, 9], "texture": "#0"},
				"west": {"uv": [5, 1, 11, 2], "texture": "#0"},
				"up": {"uv": [5.5, 12, 5, 6], "texture": "#0"},
				"down": {"uv": [6, 6, 5.5, 12], "texture": "#0"}
			}
		},
		{
			"from": [12, 11, 1],
			"to": [13, 13, 13],
			"rotation": {"angle": 0, "axis": "y", "origin": [9, 27, 9]},
			"faces": {
				"north": {"uv": [6.5, 8, 7, 9], "texture": "#0"},
				"east": {"uv": [2, 3, 8, 4], "texture": "#0"},
				"south": {"uv": [7, 8, 7.5, 9], "texture": "#0"},
				"west": {"uv": [2, 4, 8, 5], "texture": "#0"},
				"up": {"uv": [4.5, 12, 4, 6], "texture": "#0"},
				"down": {"uv": [5, 6, 4.5, 12], "texture": "#0"}
			}
		},
		{
			"from": [2, 11, 12],
			"to": [12, 13, 13],
			"rotation": {"angle": 0, "axis": "y", "origin": [7, 11, 7]},
			"faces": {
				"north": {"uv": [5, 2, 10, 3], "texture": "#0"},
				"east": {"uv": [8.5, 3, 9, 4], "texture": "#0"},
				"south": {"uv": [4, 5, 9, 6], "texture": "#0"},
				"west": {"uv": [8.5, 4, 9, 5], "texture": "#0"},
				"up": {"uv": [11, 7.5, 6, 7], "texture": "#0"},
				"down": {"uv": [11, 7.5, 6, 8], "texture": "#0"}
			}
		}
	],
	"display": {
		"thirdperson_righthand": {
			"rotation": [62, 0, 0],
			"translation": [0, -0.75, 4.5],
			"scale": [0.46, 0.43, 0.45]
		},
		"thirdperson_lefthand": {
			"rotation": [66, 0, 0],
			"translation": [-6.5, -1.5, 12.5],
			"scale": [0.79, 0.81, 0.77039]
		},
		"ground": {
			"rotation": [-42, 0, 0],
			"translation": [0, 4, 0]
		},
		"gui": {
			"rotation": [20, 140, 0],
			"translation": [0, 3.5, 0],
			"scale": [0.5, 0.5, 0.5]
		},
		"head": {
			"translation": [1.25, -33.75, 1.25],
			"scale": [1.23, 1.19, 1.23]
		},
		"fixed": {
			"rotation": [-1.25, 0.5, 0],
			"translation": [0, 0.75, -8.75],
			"scale": [1.61, 1.58, 1.66]
		}
	},
	"groups": [
		{
			"name": "group",
			"origin": [8, 8, 8],
			"color": 0,
			"children": [0, 1, 2, 3, 4, 5]
		}
	]
}