{"textures":{"1":"modelengine:entity/fx_debris"},"elements":[{"from":[6.0,7.0,6.0],"to":[10.0,9.0,10.0],"faces":{"east":{"uv":[6.5,1.5,4.5,2.5],"tintindex":0,"rotation":0,"texture":"#1"},"south":{"uv":[6.5,0.0,4.5,1.0],"tintindex":0,"rotation":0,"texture":"#1"},"north":{"uv":[6.5,3.0,4.5,4.0],"tintindex":0,"rotation":0,"texture":"#1"},"west":{"uv":[6.5,4.5,4.5,5.5],"tintindex":0,"rotation":0,"texture":"#1"},"up":{"uv":[2.0,0.0,0.0,2.0],"tintindex":0,"rotation":0,"texture":"#1"},"down":{"uv":[2.0,4.5,0.0,2.5],"tintindex":0,"rotation":0,"texture":"#1"}}}],"display":{"gui":{"rotation":[30,225,0]}}}