{"textures":{"1":"modelengine:entity/fx_debris"},"elements":[{"from":[6.5,7.5,5.5],"to":[9.5,8.5,10.5],"faces":{"east":{"uv":[8.5,6.0,6.0,6.5],"tintindex":0,"rotation":0,"texture":"#1"},"south":{"uv":[7.5,7.0,6.0,7.5],"tintindex":0,"rotation":0,"texture":"#1"},"north":{"uv":[4.5,8.0,3.0,8.5],"tintindex":0,"rotation":0,"texture":"#1"},"west":{"uv":[9.5,0.0,7.0,0.5],"tintindex":0,"rotation":0,"texture":"#1"},"up":{"uv":[4.0,0.0,2.5,2.5],"tintindex":0,"rotation":0,"texture":"#1"},"down":{"uv":[4.0,5.5,2.5,3.0],"tintindex":0,"rotation":0,"texture":"#1"}}}],"display":{"gui":{"rotation":[30,225,0]}}}