{"textures":{"1":"modelengine:entity/fx_debris"},"elements":[{"from":[7.0,7.5,7.0],"to":[9.0,8.5,9.0],"faces":{"east":{"uv":[2.5,8.5,1.5,9.0],"tintindex":0,"rotation":0,"texture":"#1"},"south":{"uv":[1.0,8.5,0.0,9.0],"tintindex":0,"rotation":0,"texture":"#1"},"north":{"uv":[9.5,3.0,8.5,3.5],"tintindex":0,"rotation":0,"texture":"#1"},"west":{"uv":[9.5,4.0,8.5,4.5],"tintindex":0,"rotation":0,"texture":"#1"},"up":{"uv":[8.0,3.0,7.0,4.0],"tintindex":0,"rotation":0,"texture":"#1"},"down":{"uv":[8.0,5.5,7.0,4.5],"tintindex":0,"rotation":0,"texture":"#1"}}}],"display":{"gui":{"rotation":[30,225,0]}}}