{
	"credit": "Made with Blockbench",
	"texture_size": [32, 32],
	"textures": {
		"0": "./main",
		"particle": "./main"
	},
	"elements": [
		{
			"from": [4, -9.1, 3.7],
			"to": [8, -6.1, 9.7],
			"rotation": {"angle": -22.5, "axis": "x", "origin": [0, -9, 0]},
			"faces": {
				"north": {"uv": [0, 8.5, 2, 10], "texture": "#0"},
				"east": {"uv": [4, 0, 10.5, 1.5], "texture": "#0"},
				"south": {"uv": [2, 8.5, 4, 10], "texture": "#0"},
				"west": {"uv": [4, 1.5, 10.5, 3], "texture": "#0"},
				"up": {"uv": [2, 6.5, 0, 0], "texture": "#0"},
				"down": {"uv": [4, 0, 2, 6.5], "texture": "#0"}
			}
		},
		{
			"from": [4, -13, 9],
			"to": [8, -9.5, 15],
			"rotation": {"angle": -45, "axis": "x", "origin": [0, -9, 0]},
			"faces": {
				"north": {"uv": [0, 6.5, 3, 8.5], "texture": "#0"},
				"east": {"uv": [7, 3, 10, 5], "texture": "#0"},
				"south": {"uv": [7, 5, 10, 7], "texture": "#0"},
				"west": {"uv": [7, 7, 10, 9], "texture": "#0"},
				"up": {"uv": [7, 6, 4, 3], "texture": "#0"},
				"down": {"uv": [7, 6, 4, 9], "texture": "#0"}
			}
		},
		{
			"from": [4, -13, 15],
			"to": [4, -9.5, 21],
			"rotation": {"angle": -45, "axis": "x", "origin": [0, -9, 0]},
			"faces": {
				"north": {"uv": [0, 6.5, 3, 8.5], "texture": "#0"},
				"east": {"uv": [10, 8.5, 13, 10.5], "texture": "#0"},
				"south": {"uv": [11, 11.5, 14, 13.5], "texture": "#0"},
				"west": {"uv": [7.5, 9.5, 10.5, 11.5], "texture": "#0"},
				"up": {"uv": [16, 9, 13, 6], "texture": "#0"},
				"down": {"uv": [12, 12, 9, 15], "texture": "#0"}
			}
		},
		{
			"from": [8, -13, 15],
			"to": [8, -9.5, 21],
			"rotation": {"angle": -45, "axis": "x", "origin": [0, -9, 0]},
			"faces": {
				"north": {"uv": [0, 6.5, 3, 8.5], "texture": "#0"},
				"east": {"uv": [13, 0, 16, 2], "texture": "#0"},
				"south": {"uv": [11, 11.5, 14, 13.5], "texture": "#0"},
				"west": {"uv": [7.5, 9.5, 10.5, 11.5], "texture": "#0"},
				"up": {"uv": [16, 9, 13, 6], "texture": "#0"},
				"down": {"uv": [12, 12, 9, 15], "texture": "#0"}
			}
		},
		{
			"from": [4, -13, 15],
			"to": [8, -13, 21],
			"rotation": {"angle": -45, "axis": "x", "origin": [0, -9, 0]},
			"faces": {
				"north": {"uv": [0, 6.5, 3, 8.5], "texture": "#0"},
				"east": {"uv": [10, 8.5, 13, 10.5], "texture": "#0"},
				"south": {"uv": [11, 11.5, 14, 13.5], "texture": "#0"},
				"west": {"uv": [7.5, 9.5, 10.5, 11.5], "texture": "#0"},
				"up": {"uv": [16, 9, 13, 6], "texture": "#0"},
				"down": {"uv": [12, 12, 9, 15], "texture": "#0"}
			}
		},
		{
			"from": [4, -9.5, 15],
			"to": [8, -9.5, 21],
			"rotation": {"angle": -45, "axis": "x", "origin": [0, -9, 0]},
			"faces": {
				"north": {"uv": [0, 6.5, 3, 8.5], "texture": "#0"},
				"east": {"uv": [10, 8.5, 13, 10.5], "texture": "#0"},
				"south": {"uv": [11, 11.5, 14, 13.5], "texture": "#0"},
				"west": {"uv": [7.5, 9.5, 10.5, 11.5], "texture": "#0"},
				"up": {"uv": [16, 9, 13, 6], "texture": "#0"},
				"down": {"uv": [12, 12, 9, 15], "texture": "#0"}
			}
		}
	],
	"display": {
		"thirdperson_righthand": {
			"rotation": [94, 180, 0],
			"translation": [0, 2, 9],
			"scale": [0.46, 0.43, 0.45]
		},
		"thirdperson_lefthand": {
			"rotation": [91, 0, 0],
			"translation": [-8, -12.75, 5.5],
			"scale": [0.83, 0.83, 0.83]
		},
		"firstperson_righthand": {
			"translation": [0, 3, 0]
		},
		"firstperson_lefthand": {
			"translation": [0, 1.25, 0],
			"scale": [0, 0, 0]
		},
		"ground": {
			"translation": [1.75, 14.75, 5.75]
		},
		"gui": {
			"rotation": [-166.35, 60.02, -174.39],
			"translation": [-1, 10.5, 0]
		},
		"head": {
			"translation": [2.75, -44.25, 7.25],
			"scale": [1.17969, 1.08789, 1]
		},
		"fixed": {
			"rotation": [-180, 6.25, -180],
			"translation": [-5, 41.25, -13.25],
			"scale": [3, 3, 3]
		}
	},
	"groups": [
		{
			"name": "group",
			"origin": [8, 8, 8],
			"color": 0,
			"children": [0, 1, 2, 3, 4, 5]
		}
	]
}