{"textures":{"2":"modelengine:entity/pasted2","3":"modelengine:entity/pasted3"},"elements":[{"from":[8.15,6.3951283,13.208524],"to":[8.85,7.3951283,14.708524],"faces":{"east":{"uv":[9.6625,7.9875,7.6625,4.9875],"tintindex":0,"rotation":270,"texture":"#2"},"south":{"uv":[6.25,5.0,7.65,7.0],"tintindex":0,"rotation":0,"texture":"#2"},"north":{"uv":[6.25,5.0,7.65,7.0],"tintindex":0,"rotation":180,"texture":"#2"},"west":{"uv":[9.625,8.0,7.625,5.0],"tintindex":0,"rotation":90,"texture":"#2"},"up":{"uv":[11.025,8.0,9.625,5.0],"tintindex":0,"rotation":180,"texture":"#2"},"down":{"uv":[11.025,8.0,9.625,5.0],"tintindex":0,"rotation":0,"texture":"#2"}},"rotation":{"origin":[7.95,6.3951283,14.208524],"angle":22.5,"axis":"x"}},{"from":[7.95,5.095129,13.873524],"to":[9.05,7.095129,14.923524],"faces":{"east":{"uv":[4.0,7.1,0.0,5.0],"tintindex":0,"rotation":270,"texture":"#2"},"south":{"uv":[4.0,5.0,6.2,9.0],"tintindex":0,"rotation":0,"texture":"#2"},"north":{"uv":[4.0,5.0,6.2,9.0],"tintindex":0,"rotation":180,"texture":"#2"},"west":{"uv":[4.0,7.1,0.0,5.0],"tintindex":0,"rotation":90,"texture":"#2"},"up":{"uv":[2.2,9.225,0.0,7.125],"tintindex":0,"rotation":180,"texture":"#2"},"down":{"uv":[2.2,9.225,0.0,7.125],"tintindex":0,"rotation":0,"texture":"#2"}},"rotation":{"origin":[8.0,5.095129,14.908524],"angle":22.5,"axis":"x"}},{"from":[8.05,5.4451275,14.208524],"to":[8.95,5.9951286,15.358524],"faces":{"east":{"uv":[4.0,7.1,0.0,5.0],"tintindex":0,"rotation":180,"texture":"#2"},"south":{"uv":[0.0,7.125,2.2,9.225],"tintindex":0,"rotation":0,"texture":"#2"},"north":{"uv":[0.0,7.125,2.2,9.225],"tintindex":0,"rotation":0,"texture":"#2"},"west":{"uv":[4.0,7.1,0.0,5.0],"tintindex":0,"rotation":180,"texture":"#2"},"up":{"uv":[6.2,9.0,4.0,5.0],"tintindex":0,"rotation":180,"texture":"#2"},"down":{"uv":[6.2,9.0,4.0,5.0],"tintindex":0,"rotation":180,"texture":"#2"}}},{"from":[7.95,5.095129,15.008524],"to":[9.05,7.095129,16.058525],"faces":{"east":{"uv":[5.75,4.975,1.7875,2.875],"tintindex":0,"rotation":270,"texture":"#2"},"south":{"uv":[9.2875,0.0,11.45,4.0],"tintindex":0,"rotation":0,"texture":"#2"},"north":{"uv":[9.275,0.0,11.45,4.0],"tintindex":0,"rotation":180,"texture":"#2"},"west":{"uv":[5.75,4.975,1.775,2.875],"tintindex":0,"rotation":90,"texture":"#2"},"up":{"uv":[3.95,2.85,1.775,0.7625],"tintindex":0,"rotation":180,"texture":"#2"},"down":{"uv":[3.95,2.85,1.775,0.7625],"tintindex":0,"rotation":0,"texture":"#2"}},"rotation":{"origin":[8.0,5.095129,16.058525],"angle":22.5,"axis":"x"}},{"from":[8.05,5.9451275,18.258524],"to":[8.95,6.845129,20.758524],"faces":{"east":{"uv":[1.7,5.0,0.0,0.0],"tintindex":0,"rotation":270,"texture":"#2"},"south":{"uv":[0.0,1.625,1.675,3.325],"tintindex":0,"rotation":0,"texture":"#2"},"north":{"uv":[0.0,0.0,1.8,1.7],"tintindex":0,"rotation":180,"texture":"#2"},"west":{"uv":[1.75,5.0,0.125,0.0],"tintindex":0,"rotation":90,"texture":"#2"},"up":{"uv":[1.675,5.0,0.0,0.0],"tintindex":0,"rotation":180,"texture":"#2"},"down":{"uv":[1.675,5.0,0.0,0.0],"tintindex":0,"rotation":0,"texture":"#2"}}},{"from":[8.5,3.5201283,-1.116476],"to":[8.5,9.520128,16.033524],"faces":{"east":{"uv":[4.5625,16.0,0.3125,2.92188],"tintindex":0,"rotation":270,"texture":"#3"},"west":{"uv":[0.375,16.0,4.5625,2.9375],"tintindex":0,"rotation":90,"texture":"#3"}}},{"from":[8.0,5.920128,20.083523],"to":[9.0,6.8701286,20.783524],"faces":{"east":{"uv":[9.2625,1.4875,7.3625,0.0875],"tintindex":0,"rotation":270,"texture":"#2"},"south":{"uv":[7.3625,0.0,9.35,2.0875],"tintindex":0,"rotation":0,"texture":"#2"},"north":{"uv":[7.25,0.0,9.25,1.9],"tintindex":0,"rotation":180,"texture":"#2"},"west":{"uv":[9.25,1.4875,7.25,0.0],"tintindex":0,"rotation":90,"texture":"#2"},"up":{"uv":[9.25,1.5,7.25,0.0],"tintindex":0,"rotation":180,"texture":"#2"},"down":{"uv":[9.25,1.5,7.25,0.1],"tintindex":0,"rotation":0,"texture":"#2"}}},{"from":[8.6,3.5201283,-1.116476],"to":[8.6,9.520128,16.033524],"faces":{"east":{"uv":[4.5625,16.0,0.3125,2.92188],"tintindex":0,"rotation":270,"texture":"#3"},"west":{"uv":[0.375,16.0,4.5625,2.9375],"tintindex":0,"rotation":90,"texture":"#3"}}},{"from":[8.0,5.8951283,16.383524],"to":[9.0,6.8951283,19.508524],"faces":{"east":{"uv":[16.0,16.0,14.0,8.0],"tintindex":0,"rotation":270,"texture":"#2"},"south":{"uv":[0.0,0.0,1.75,2.0],"tintindex":0,"rotation":0,"texture":"#2"},"north":{"uv":[14.25,8.125,16.0,10.125],"tintindex":0,"rotation":180,"texture":"#2"},"west":{"uv":[16.0,16.0,14.0,8.0],"tintindex":0,"rotation":90,"texture":"#2"},"up":{"uv":[16.0,16.0,14.0,8.0],"tintindex":0,"rotation":180,"texture":"#2"},"down":{"uv":[16.0,16.0,14.0,8.0],"tintindex":0,"rotation":0,"texture":"#2"}}},{"from":[8.5,5.3951283,20.608524],"to":[8.5,7.3951283,22.833523],"faces":{"east":{"uv":[4.0,16.0,0.0,11.0],"tintindex":0,"rotation":270,"texture":"#2"},"west":{"uv":[4.0,16.0,0.0,11.0],"tintindex":0,"rotation":90,"texture":"#2"}}}],"display":{"gui":{"rotation":[30,225,0]}}}