{"textures":{"2":"modelengine:entity/pasted2","3":"modelengine:entity/pasted3"},"elements":[{"from":[8.0,6.39513,18.108524],"to":[8.0,8.39513,20.333523],"faces":{"east":{"uv":[4.0,16.0,0.0,11.0],"tintindex":0,"rotation":270,"texture":"#2"},"west":{"uv":[4.0,16.0,0.0,11.0],"tintindex":0,"rotation":90,"texture":"#2"}}},{"from":[7.5,6.89513,13.883524],"to":[8.5,7.89513,17.008524],"faces":{"east":{"uv":[16.0,16.0,14.0,8.0],"tintindex":0,"rotation":270,"texture":"#2"},"south":{"uv":[0.0,0.0,1.75,2.0],"tintindex":0,"rotation":0,"texture":"#2"},"north":{"uv":[14.25,8.125,16.0,10.125],"tintindex":0,"rotation":180,"texture":"#2"},"west":{"uv":[16.0,16.0,14.0,8.0],"tintindex":0,"rotation":90,"texture":"#2"},"up":{"uv":[16.0,16.0,14.0,8.0],"tintindex":0,"rotation":180,"texture":"#2"},"down":{"uv":[16.0,16.0,14.0,8.0],"tintindex":0,"rotation":0,"texture":"#2"}}},{"from":[7.5,6.9201317,17.583523],"to":[8.5,7.8701286,18.283524],"faces":{"east":{"uv":[9.2625,1.4875,7.3625,0.0875],"tintindex":0,"rotation":270,"texture":"#2"},"south":{"uv":[7.3625,0.0,9.35,2.0875],"tintindex":0,"rotation":0,"texture":"#2"},"north":{"uv":[7.25,0.0,9.25,1.9],"tintindex":0,"rotation":180,"texture":"#2"},"west":{"uv":[9.25,1.4875,7.25,0.0],"tintindex":0,"rotation":90,"texture":"#2"},"up":{"uv":[9.25,1.5,7.25,0.0],"tintindex":0,"rotation":180,"texture":"#2"},"down":{"uv":[9.25,1.5,7.25,0.1],"tintindex":0,"rotation":0,"texture":"#2"}}},{"from":[8.0,4.52013,-3.616476],"to":[8.0,10.52013,13.533524],"faces":{"east":{"uv":[4.5625,16.0,0.3125,2.92188],"tintindex":0,"rotation":270,"texture":"#3"},"west":{"uv":[0.375,16.0,4.5625,2.9375],"tintindex":0,"rotation":90,"texture":"#3"}}},{"from":[7.65,7.39513,10.708524],"to":[8.35,8.39513,12.208524],"faces":{"east":{"uv":[9.6625,7.9875,7.6625,4.9875],"tintindex":0,"rotation":270,"texture":"#2"},"south":{"uv":[6.25,5.0,7.65,7.0],"tintindex":0,"rotation":0,"texture":"#2"},"north":{"uv":[6.25,5.0,7.65,7.0],"tintindex":0,"rotation":180,"texture":"#2"},"west":{"uv":[9.625,8.0,7.625,5.0],"tintindex":0,"rotation":90,"texture":"#2"},"up":{"uv":[11.025,8.0,9.625,5.0],"tintindex":0,"rotation":180,"texture":"#2"},"down":{"uv":[11.025,8.0,9.625,5.0],"tintindex":0,"rotation":0,"texture":"#2"}},"rotation":{"origin":[7.45,7.39513,11.708524],"angle":22.5,"axis":"x"}},{"from":[8.1,4.52013,-3.616476],"to":[8.1,10.52013,13.533524],"faces":{"east":{"uv":[4.5625,16.0,0.3125,2.92188],"tintindex":0,"rotation":270,"texture":"#3"},"west":{"uv":[0.375,16.0,4.5625,2.9375],"tintindex":0,"rotation":90,"texture":"#3"}}},{"from":[7.45,6.095131,12.508524],"to":[8.55,8.095131,13.558524],"faces":{"east":{"uv":[5.75,4.975,1.7875,2.875],"tintindex":0,"rotation":270,"texture":"#2"},"south":{"uv":[9.2875,0.0,11.45,4.0],"tintindex":0,"rotation":0,"texture":"#2"},"north":{"uv":[9.275,0.0,11.45,4.0],"tintindex":0,"rotation":180,"texture":"#2"},"west":{"uv":[5.75,4.975,1.775,2.875],"tintindex":0,"rotation":90,"texture":"#2"},"up":{"uv":[3.95,2.85,1.775,0.7625],"tintindex":0,"rotation":180,"texture":"#2"},"down":{"uv":[3.95,2.85,1.775,0.7625],"tintindex":0,"rotation":0,"texture":"#2"}},"rotation":{"origin":[7.5,6.095131,13.558524],"angle":22.5,"axis":"x"}},{"from":[7.55,6.4451294,11.708524],"to":[8.45,6.9951286,12.858524],"faces":{"east":{"uv":[4.0,7.1,0.0,5.0],"tintindex":0,"rotation":180,"texture":"#2"},"south":{"uv":[0.0,7.125,2.2,9.225],"tintindex":0,"rotation":0,"texture":"#2"},"north":{"uv":[0.0,7.125,2.2,9.225],"tintindex":0,"rotation":0,"texture":"#2"},"west":{"uv":[4.0,7.1,0.0,5.0],"tintindex":0,"rotation":180,"texture":"#2"},"up":{"uv":[6.2,9.0,4.0,5.0],"tintindex":0,"rotation":180,"texture":"#2"},"down":{"uv":[6.2,9.0,4.0,5.0],"tintindex":0,"rotation":180,"texture":"#2"}}},{"from":[7.45,6.095131,11.373524],"to":[8.55,8.095131,12.423524],"faces":{"east":{"uv":[4.0,7.1,0.0,5.0],"tintindex":0,"rotation":270,"texture":"#2"},"south":{"uv":[4.0,5.0,6.2,9.0],"tintindex":0,"rotation":0,"texture":"#2"},"north":{"uv":[4.0,5.0,6.2,9.0],"tintindex":0,"rotation":180,"texture":"#2"},"west":{"uv":[4.0,7.1,0.0,5.0],"tintindex":0,"rotation":90,"texture":"#2"},"up":{"uv":[2.2,9.225,0.0,7.125],"tintindex":0,"rotation":180,"texture":"#2"},"down":{"uv":[2.2,9.225,0.0,7.125],"tintindex":0,"rotation":0,"texture":"#2"}},"rotation":{"origin":[7.5,6.095131,12.408524],"angle":22.5,"axis":"x"}},{"from":[7.55,6.9451294,15.758524],"to":[8.45,7.845131,18.258524],"faces":{"east":{"uv":[1.7,5.0,0.0,0.0],"tintindex":0,"rotation":270,"texture":"#2"},"south":{"uv":[0.0,1.625,1.675,3.325],"tintindex":0,"rotation":0,"texture":"#2"},"north":{"uv":[0.0,0.0,1.8,1.7],"tintindex":0,"rotation":180,"texture":"#2"},"west":{"uv":[1.75,5.0,0.125,0.0],"tintindex":0,"rotation":90,"texture":"#2"},"up":{"uv":[1.675,5.0,0.0,0.0],"tintindex":0,"rotation":180,"texture":"#2"},"down":{"uv":[1.675,5.0,0.0,0.0],"tintindex":0,"rotation":0,"texture":"#2"}}}],"display":{"gui":{"rotation":[30,225,0]}}}