{"textures":{"2":"modelengine:entity/pasted2","3":"modelengine:entity/pasted3"},"elements":[{"from":[7.95,4.595129,11.873524],"to":[9.05,6.595129,12.923524],"faces":{"east":{"uv":[4.0,7.1,0.0,5.0],"tintindex":0,"rotation":270,"texture":"#2"},"south":{"uv":[4.0,5.0,6.2,9.0],"tintindex":0,"rotation":0,"texture":"#2"},"north":{"uv":[4.0,5.0,6.2,9.0],"tintindex":0,"rotation":180,"texture":"#2"},"west":{"uv":[4.0,7.1,0.0,5.0],"tintindex":0,"rotation":90,"texture":"#2"},"up":{"uv":[2.2,9.225,0.0,7.125],"tintindex":0,"rotation":180,"texture":"#2"},"down":{"uv":[2.2,9.225,0.0,7.125],"tintindex":0,"rotation":0,"texture":"#2"}},"rotation":{"origin":[8.0,4.595129,12.908524],"angle":22.5,"axis":"x"}},{"from":[8.6,3.0201283,-3.116476],"to":[8.6,9.020128,14.033524],"faces":{"east":{"uv":[4.5625,16.0,0.3125,2.92188],"tintindex":0,"rotation":270,"texture":"#3"},"west":{"uv":[0.375,16.0,4.5625,2.9375],"tintindex":0,"rotation":90,"texture":"#3"}}},{"from":[7.95,4.595129,13.008524],"to":[9.05,6.595129,14.058524],"faces":{"east":{"uv":[5.75,4.975,1.7875,2.875],"tintindex":0,"rotation":270,"texture":"#2"},"south":{"uv":[9.2875,0.0,11.45,4.0],"tintindex":0,"rotation":0,"texture":"#2"},"north":{"uv":[9.275,0.0,11.45,4.0],"tintindex":0,"rotation":180,"texture":"#2"},"west":{"uv":[5.75,4.975,1.775,2.875],"tintindex":0,"rotation":90,"texture":"#2"},"up":{"uv":[3.95,2.85,1.775,0.7625],"tintindex":0,"rotation":180,"texture":"#2"},"down":{"uv":[3.95,2.85,1.775,0.7625],"tintindex":0,"rotation":0,"texture":"#2"}},"rotation":{"origin":[8.0,4.595129,14.058524],"angle":22.5,"axis":"x"}},{"from":[8.05,4.9451275,12.208524],"to":[8.95,5.4951286,13.358524],"faces":{"east":{"uv":[4.0,7.1,0.0,5.0],"tintindex":0,"rotation":180,"texture":"#2"},"south":{"uv":[0.0,7.125,2.2,9.225],"tintindex":0,"rotation":0,"texture":"#2"},"north":{"uv":[0.0,7.125,2.2,9.225],"tintindex":0,"rotation":0,"texture":"#2"},"west":{"uv":[4.0,7.1,0.0,5.0],"tintindex":0,"rotation":180,"texture":"#2"},"up":{"uv":[6.2,9.0,4.0,5.0],"tintindex":0,"rotation":180,"texture":"#2"},"down":{"uv":[6.2,9.0,4.0,5.0],"tintindex":0,"rotation":180,"texture":"#2"}}},{"from":[8.0,5.3951283,14.383524],"to":[9.0,6.3951283,17.508524],"faces":{"east":{"uv":[16.0,16.0,14.0,8.0],"tintindex":0,"rotation":270,"texture":"#2"},"south":{"uv":[0.0,0.0,1.75,2.0],"tintindex":0,"rotation":0,"texture":"#2"},"north":{"uv":[14.25,8.125,16.0,10.125],"tintindex":0,"rotation":180,"texture":"#2"},"west":{"uv":[16.0,16.0,14.0,8.0],"tintindex":0,"rotation":90,"texture":"#2"},"up":{"uv":[16.0,16.0,14.0,8.0],"tintindex":0,"rotation":180,"texture":"#2"},"down":{"uv":[16.0,16.0,14.0,8.0],"tintindex":0,"rotation":0,"texture":"#2"}}},{"from":[8.15,5.8951283,11.208524],"to":[8.85,6.8951283,12.708524],"faces":{"east":{"uv":[9.6625,7.9875,7.6625,4.9875],"tintindex":0,"rotation":270,"texture":"#2"},"south":{"uv":[6.25,5.0,7.65,7.0],"tintindex":0,"rotation":0,"texture":"#2"},"north":{"uv":[6.25,5.0,7.65,7.0],"tintindex":0,"rotation":180,"texture":"#2"},"west":{"uv":[9.625,8.0,7.625,5.0],"tintindex":0,"rotation":90,"texture":"#2"},"up":{"uv":[11.025,8.0,9.625,5.0],"tintindex":0,"rotation":180,"texture":"#2"},"down":{"uv":[11.025,8.0,9.625,5.0],"tintindex":0,"rotation":0,"texture":"#2"}},"rotation":{"origin":[7.95,5.8951283,12.208524],"angle":22.5,"axis":"x"}},{"from":[8.0,5.420128,18.083523],"to":[9.0,6.3701286,18.783524],"faces":{"east":{"uv":[9.2625,1.4875,7.3625,0.0875],"tintindex":0,"rotation":270,"texture":"#2"},"south":{"uv":[7.3625,0.0,9.35,2.0875],"tintindex":0,"rotation":0,"texture":"#2"},"north":{"uv":[7.25,0.0,9.25,1.9],"tintindex":0,"rotation":180,"texture":"#2"},"west":{"uv":[9.25,1.4875,7.25,0.0],"tintindex":0,"rotation":90,"texture":"#2"},"up":{"uv":[9.25,1.5,7.25,0.0],"tintindex":0,"rotation":180,"texture":"#2"},"down":{"uv":[9.25,1.5,7.25,0.1],"tintindex":0,"rotation":0,"texture":"#2"}}},{"from":[8.5,3.0201283,-3.116476],"to":[8.5,9.020128,14.033524],"faces":{"east":{"uv":[4.5625,16.0,0.3125,2.92188],"tintindex":0,"rotation":270,"texture":"#3"},"west":{"uv":[0.375,16.0,4.5625,2.9375],"tintindex":0,"rotation":90,"texture":"#3"}}},{"from":[8.05,5.4451275,16.258524],"to":[8.95,6.345129,18.758524],"faces":{"east":{"uv":[1.7,5.0,0.0,0.0],"tintindex":0,"rotation":270,"texture":"#2"},"south":{"uv":[0.0,1.625,1.675,3.325],"tintindex":0,"rotation":0,"texture":"#2"},"north":{"uv":[0.0,0.0,1.8,1.7],"tintindex":0,"rotation":180,"texture":"#2"},"west":{"uv":[1.75,5.0,0.125,0.0],"tintindex":0,"rotation":90,"texture":"#2"},"up":{"uv":[1.675,5.0,0.0,0.0],"tintindex":0,"rotation":180,"texture":"#2"},"down":{"uv":[1.675,5.0,0.0,0.0],"tintindex":0,"rotation":0,"texture":"#2"}}},{"from":[8.5,4.8951283,18.608524],"to":[8.5,6.8951283,20.833523],"faces":{"east":{"uv":[4.0,16.0,0.0,11.0],"tintindex":0,"rotation":270,"texture":"#2"},"west":{"uv":[4.0,16.0,0.0,11.0],"tintindex":0,"rotation":90,"texture":"#2"}}}],"display":{"gui":{"rotation":[30,225,0]}}}