{
	"credit": "Made with Blockbench",
	"texture_size": [32, 32],
	"textures": {
		"0": "./goathorn",
		"1": "./damonglasses",
		"particle": "./goathorn"
	},
	"elements": [
		{
			"from": [-2, 2, 5],
			"to": [2, 8, 15],
			"rotation": {"angle": -22.5, "axis": "x", "origin": [-2, 0, -1]},
			"faces": {
				"north": {"uv": [0, 6, 2, 9], "texture": "#0"},
				"east": {"uv": [5, 3, 0, 6], "texture": "#0"},
				"south": {"uv": [0, 6, 2, 9], "texture": "#0"},
				"west": {"uv": [0, 3, 5, 6], "texture": "#0"},
				"up": {"uv": [7, 5, 5, 0], "texture": "#0"},
				"down": {"uv": [7, 0, 5, 5], "texture": "#0"}
			}
		},
		{
			"from": [-1.8, 8.8, 11],
			"to": [1.7, 12.8, 15],
			"rotation": {"angle": 0, "axis": "y", "origin": [-2, 0, -1]},
			"faces": {
				"north": {"uv": [0, 9, 1.75, 11.25], "texture": "#0"},
				"east": {"uv": [9, 2.5, 7, 4.5], "texture": "#0"},
				"south": {"uv": [9, 0.25, 10.75, 2.25], "texture": "#0"},
				"west": {"uv": [7, 2.5, 9, 4.5], "texture": "#0"},
				"up": {"uv": [3.75, 11, 2, 9], "texture": "#0"},
				"down": {"uv": [10.75, 2.5, 9, 4.5], "texture": "#0"}
			}
		},
		{
			"from": [-1.75, 15.03087, 9.67529],
			"to": [1.65, 19.03087, 13.67529],
			"rotation": {"angle": 22.5, "axis": "x", "origin": [-2.05, 2.53087, -3.32471]},
			"faces": {
				"north": {"uv": [9, 4.5, 10.75, 6.5], "texture": "#0"},
				"east": {"uv": [9, 7, 7, 9], "texture": "#0"},
				"south": {"uv": [9, 6.5, 10.75, 8.5], "texture": "#0"},
				"west": {"uv": [7, 7, 9, 9], "texture": "#0"},
				"up": {"uv": [8.75, 11, 7, 9], "texture": "#0"},
				"down": {"uv": [10.75, 8.5, 9, 10.5], "texture": "#0"}
			}
		},
		{
			"from": [-1.75, 9.56103, 11.06466],
			"to": [1.75, 13.56103, 13.06466],
			"rotation": {"angle": 22.5, "axis": "x", "origin": [-1.75, 0.26103, 0.06466]},
			"faces": {
				"north": {"uv": [4, 10, 5.75, 12], "texture": "#0"},
				"east": {"uv": [5, 8, 4, 10], "texture": "#0"},
				"south": {"uv": [9, 10.5, 10.75, 12.5], "texture": "#0"},
				"west": {"uv": [4, 8, 5, 10], "texture": "#0"},
				"up": {"uv": [10.75, 11.5, 9, 10.5], "texture": "#0"},
				"down": {"uv": [12.75, 5, 11, 6], "texture": "#0"}
			}
		},
		{
			"from": [-1.75, 9.42339, 9.15663],
			"to": [1.75, 11.42339, 11.15663],
			"rotation": {"angle": 22.5, "axis": "x", "origin": [-2.25, 0.42339, 0.45663]},
			"faces": {
				"north": {"uv": [13, 3, 11, 4], "texture": "#0"},
				"east": {"uv": [13, 3, 11, 4], "texture": "#0"},
				"south": {"uv": [13, 3, 11, 4], "texture": "#0"},
				"west": {"uv": [13, 3, 11, 4], "texture": "#0"},
				"up": {"uv": [13, 3, 11, 4], "texture": "#0"},
				"down": {"uv": [13, 3, 11, 4], "texture": "#0"}
			}
		},
		{
			"from": [14, 2, 5],
			"to": [18, 8, 15],
			"rotation": {"angle": -22.5, "axis": "x", "origin": [14, 0, -1]},
			"faces": {
				"north": {"uv": [0, 6, 2, 9], "texture": "#0"},
				"east": {"uv": [5, 3, 0, 6], "texture": "#0"},
				"south": {"uv": [0, 6, 2, 9], "texture": "#0"},
				"west": {"uv": [0, 3, 5, 6], "texture": "#0"},
				"up": {"uv": [5, 5, 7, 0], "texture": "#0"},
				"down": {"uv": [5, 0, 7, 5], "texture": "#0"}
			}
		},
		{
			"from": [14.2, 8.8, 11],
			"to": [17.7, 12.8, 15],
			"rotation": {"angle": 0, "axis": "y", "origin": [14, 0, -1]},
			"faces": {
				"north": {"uv": [0, 9, 1.75, 11.25], "texture": "#0"},
				"east": {"uv": [9, 2.5, 7, 4.5], "texture": "#0"},
				"south": {"uv": [9, 0.25, 10.75, 2.25], "texture": "#0"},
				"west": {"uv": [7, 2.5, 9, 4.5], "texture": "#0"},
				"up": {"uv": [2, 11, 3.75, 9], "texture": "#0"},
				"down": {"uv": [10.75, 2.5, 9, 4.5], "texture": "#0"}
			}
		},
		{
			"from": [14.25, 15.03087, 9.67529],
			"to": [17.65, 19.03087, 13.67529],
			"rotation": {"angle": 22.5, "axis": "x", "origin": [13.95, 2.53087, -3.32471]},
			"faces": {
				"north": {"uv": [9, 4.5, 10.75, 6.5], "texture": "#0"},
				"east": {"uv": [9, 7, 7, 9], "texture": "#0"},
				"south": {"uv": [9, 6.5, 10.75, 8.5], "texture": "#0"},
				"west": {"uv": [9, 7, 7, 9], "texture": "#0"},
				"up": {"uv": [8.75, 11, 7, 9], "texture": "#0"},
				"down": {"uv": [10.75, 8.5, 9, 10.5], "texture": "#0"}
			}
		},
		{
			"from": [14.25, 9.56103, 11.06466],
			"to": [17.75, 13.56103, 13.06466],
			"rotation": {"angle": 22.5, "axis": "x", "origin": [14.25, 0.26103, 0.06466]},
			"faces": {
				"north": {"uv": [4, 10, 5.75, 12], "texture": "#0"},
				"east": {"uv": [5, 8, 4, 10], "texture": "#0"},
				"south": {"uv": [9, 10.5, 10.75, 12.5], "texture": "#0"},
				"west": {"uv": [4, 8, 5, 10], "texture": "#0"},
				"up": {"uv": [10.75, 11.5, 9, 10.5], "texture": "#0"},
				"down": {"uv": [12.75, 5, 11, 6], "texture": "#0"}
			}
		},
		{
			"from": [14.25, 9.42339, 9.15663],
			"to": [17.75, 11.42339, 11.15663],
			"rotation": {"angle": 22.5, "axis": "x", "origin": [13.75, 0.42339, 0.45663]},
			"faces": {
				"north": {"uv": [13, 3, 11, 4], "texture": "#0"},
				"east": {"uv": [13, 3, 11, 4], "texture": "#0"},
				"south": {"uv": [13, 3, 11, 4], "texture": "#0"},
				"west": {"uv": [13, 3, 11, 4], "texture": "#0"},
				"up": {"uv": [13, 3, 11, 4], "texture": "#0"},
				"down": {"uv": [13, 3, 11, 4], "texture": "#0"}
			}
		},
		{
			"from": [-2, 4, -9],
			"to": [0, 12, -7],
			"rotation": {"angle": 22.5, "axis": "x", "origin": [0, -9, -9]},
			"faces": {
				"north": {"uv": [10, 8, 11, 12], "texture": "#1"},
				"east": {"uv": [0, 11, 1, 15], "texture": "#1"},
				"south": {"uv": [11, 0, 12, 4], "texture": "#1"},
				"west": {"uv": [1, 11, 2, 15], "texture": "#1"},
				"up": {"uv": [10, 16, 9, 15], "texture": "#1"},
				"down": {"uv": [16, 1, 15, 2], "texture": "#1"}
			}
		},
		{
			"from": [4, 4, -9],
			"to": [6, 12, -7],
			"rotation": {"angle": 22.5, "axis": "x", "origin": [0, -9, -9]},
			"faces": {
				"north": {"uv": [2, 11, 3, 15], "texture": "#1"},
				"east": {"uv": [3, 11, 4, 15], "texture": "#1"},
				"south": {"uv": [4, 11, 5, 15], "texture": "#1"},
				"west": {"uv": [5, 11, 6, 15], "texture": "#1"},
				"up": {"uv": [16, 3, 15, 2], "texture": "#1"},
				"down": {"uv": [4, 15, 3, 16], "texture": "#1"}
			}
		},
		{
			"from": [10, 4, -9],
			"to": [12, 12, -7],
			"rotation": {"angle": 22.5, "axis": "x", "origin": [0, -9, -9]},
			"faces": {
				"north": {"uv": [6, 11, 7, 15], "texture": "#1"},
				"east": {"uv": [7, 11, 8, 15], "texture": "#1"},
				"south": {"uv": [8, 11, 9, 15], "texture": "#1"},
				"west": {"uv": [11, 8, 12, 12], "texture": "#1"},
				"up": {"uv": [5, 16, 4, 15], "texture": "#1"},
				"down": {"uv": [6, 15, 5, 16], "texture": "#1"}
			}
		},
		{
			"from": [16, 4, -9],
			"to": [18, 12, -7],
			"rotation": {"angle": 22.5, "axis": "x", "origin": [0, -9, -9]},
			"faces": {
				"north": {"uv": [9, 11, 10, 15], "texture": "#1"},
				"east": {"uv": [12, 0, 13, 4], "texture": "#1"},
				"south": {"uv": [12, 4, 13, 8], "texture": "#1"},
				"west": {"uv": [12, 8, 13, 12], "texture": "#1"},
				"up": {"uv": [7, 16, 6, 15], "texture": "#1"},
				"down": {"uv": [8, 15, 7, 16], "texture": "#1"}
			}
		},
		{
			"from": [6, 5, -9],
			"to": [10, 11, -7],
			"rotation": {"angle": 22.5, "axis": "x", "origin": [0, -9, -9]},
			"faces": {
				"north": {"uv": [0, 8, 2, 11], "texture": "#1"},
				"east": {"uv": [10, 13, 11, 16], "texture": "#1"},
				"south": {"uv": [2, 8, 4, 11], "texture": "#1"},
				"west": {"uv": [11, 13, 12, 16], "texture": "#1"},
				"up": {"uv": [11, 4, 9, 3], "texture": "#1"},
				"down": {"uv": [14, 14, 12, 15], "texture": "#1"}
			}
		},
		{
			"from": [-1, 5, -7],
			"to": [-1, 11, -3],
			"rotation": {"angle": 22.5, "axis": "x", "origin": [0, -9, -9]},
			"faces": {
				"north": {"uv": [6, 8, 8, 11], "texture": "#1"},
				"east": {"uv": [8, 8, 6, 11], "texture": "#1"},
				"south": {"uv": [6, 8, 8, 11], "texture": "#1"},
				"west": {"uv": [6, 8, 8, 11], "texture": "#1"},
				"up": {"uv": [6, 8, 8, 11], "texture": "#1"},
				"down": {"uv": [6, 8, 8, 11], "texture": "#1"}
			}
		},
		{
			"from": [17, 5, -7],
			"to": [17, 11, -3],
			"rotation": {"angle": 22.5, "axis": "x", "origin": [0, -9, -9]},
			"faces": {
				"north": {"uv": [6, 8, 8, 11], "texture": "#1"},
				"east": {"uv": [8, 8, 6, 11], "texture": "#1"},
				"south": {"uv": [6, 8, 8, 11], "texture": "#1"},
				"west": {"uv": [6, 8, 8, 11], "texture": "#1"},
				"up": {"uv": [6, 8, 8, 11], "texture": "#1"},
				"down": {"uv": [6, 8, 8, 11], "texture": "#1"}
			}
		},
		{
			"from": [-1, 5, -3],
			"to": [-1, 9, 9],
			"rotation": {"angle": 22.5, "axis": "x", "origin": [0, -9, -9]},
			"faces": {
				"north": {"uv": [0, 6, 6, 8], "texture": "#1"},
				"east": {"uv": [6, 6, 0, 8], "texture": "#1"},
				"south": {"uv": [0, 6, 6, 8], "texture": "#1"},
				"west": {"uv": [0, 6, 6, 8], "texture": "#1"},
				"up": {"uv": [0, 6, 6, 8], "texture": "#1"},
				"down": {"uv": [0, 6, 6, 8], "texture": "#1"}
			}
		},
		{
			"from": [17, 5, -3],
			"to": [17, 9, 9],
			"rotation": {"angle": 22.5, "axis": "x", "origin": [0, -9, -9]},
			"faces": {
				"north": {"uv": [0, 6, 6, 8], "texture": "#1"},
				"east": {"uv": [6, 6, 0, 8], "texture": "#1"},
				"south": {"uv": [0, 6, 6, 8], "texture": "#1"},
				"west": {"uv": [0, 6, 6, 8], "texture": "#1"},
				"up": {"uv": [0, 6, 6, 8], "texture": "#1"},
				"down": {"uv": [0, 6, 6, 8], "texture": "#1"}
			}
		},
		{
			"from": [-1, -3, 13],
			"to": [-1, 1, 17],
			"rotation": {"angle": 0, "axis": "y", "origin": [0, -9, -9]},
			"faces": {
				"north": {"uv": [12, 12, 14, 14], "texture": "#1"},
				"east": {"uv": [14, 12, 12, 14], "texture": "#1"},
				"south": {"uv": [12, 12, 14, 14], "texture": "#1"},
				"west": {"uv": [12, 12, 14, 14], "texture": "#1"},
				"up": {"uv": [12, 12, 14, 14], "texture": "#1"},
				"down": {"uv": [12, 12, 14, 14], "texture": "#1"}
			}
		},
		{
			"from": [17, -3, 13],
			"to": [17, 1, 17],
			"rotation": {"angle": 0, "axis": "y", "origin": [0, -9, -9]},
			"faces": {
				"north": {"uv": [12, 12, 14, 14], "texture": "#1"},
				"east": {"uv": [14, 12, 12, 14], "texture": "#1"},
				"south": {"uv": [12, 12, 14, 14], "texture": "#1"},
				"west": {"uv": [12, 12, 14, 14], "texture": "#1"},
				"up": {"uv": [12, 12, 14, 14], "texture": "#1"},
				"down": {"uv": [12, 12, 14, 14], "texture": "#1"}
			}
		},
		{
			"from": [-1, -3, 17],
			"to": [17, 1, 17],
			"rotation": {"angle": 0, "axis": "y", "origin": [0, -9, -9]},
			"faces": {
				"north": {"uv": [9, 2, 0, 4], "texture": "#1"},
				"east": {"uv": [0, 2, 9, 4], "texture": "#1"},
				"south": {"uv": [0, 2, 9, 4], "texture": "#1"},
				"west": {"uv": [0, 2, 9, 4], "texture": "#1"},
				"up": {"uv": [0, 2, 9, 4], "texture": "#1"},
				"down": {"uv": [0, 2, 9, 4], "texture": "#1"}
			}
		},
		{
			"from": [0, 6, -8],
			"to": [4, 10, -6],
			"rotation": {"angle": 22.5, "axis": "x", "origin": [0, -9, -9]},
			"faces": {
				"north": {"uv": [13, 4, 15, 6], "texture": "#1"},
				"east": {"uv": [14, 12, 15, 14], "texture": "#1"},
				"south": {"uv": [13, 6, 15, 8], "texture": "#1"},
				"west": {"uv": [14, 14, 15, 16], "texture": "#1"},
				"up": {"uv": [2, 16, 0, 15], "texture": "#1"},
				"down": {"uv": [16, 0, 14, 1], "texture": "#1"}
			}
		},
		{
			"from": [12, 6, -8],
			"to": [16, 10, -6],
			"rotation": {"angle": 22.5, "axis": "x", "origin": [0, -9, -9]},
			"faces": {
				"north": {"uv": [13, 8, 15, 10], "texture": "#1"},
				"east": {"uv": [15, 1, 16, 3], "texture": "#1"},
				"south": {"uv": [13, 10, 15, 12], "texture": "#1"},
				"west": {"uv": [2, 14, 3, 16], "texture": "#1"},
				"up": {"uv": [5, 16, 3, 15], "texture": "#1"},
				"down": {"uv": [16, 3, 14, 4], "texture": "#1"}
			}
		},
		{
			"from": [0, 4, -9],
			"to": [4, 6, -7],
			"rotation": {"angle": 22.5, "axis": "x", "origin": [0, -9, -9]},
			"faces": {
				"north": {"uv": [7, 16, 9, 15], "texture": "#1"},
				"east": {"uv": [8, 15, 9, 16], "texture": "#1"},
				"south": {"uv": [5, 15, 7, 16], "texture": "#1"},
				"west": {"uv": [9, 15, 10, 16], "texture": "#1"},
				"up": {"uv": [16, 7, 14, 6], "texture": "#1"},
				"down": {"uv": [16, 6, 14, 7], "texture": "#1"}
			}
		},
		{
			"from": [12, 4, -9],
			"to": [16, 6, -7],
			"rotation": {"angle": 22.5, "axis": "x", "origin": [0, -9, -9]},
			"faces": {
				"north": {"uv": [7, 15, 9, 16], "texture": "#1"},
				"east": {"uv": [12, 15, 13, 16], "texture": "#1"},
				"south": {"uv": [14, 7, 16, 8], "texture": "#1"},
				"west": {"uv": [13, 15, 14, 16], "texture": "#1"},
				"up": {"uv": [16, 7, 14, 6], "texture": "#1"},
				"down": {"uv": [16, 6, 14, 7], "texture": "#1"}
			}
		},
		{
			"from": [0, 10, -9],
			"to": [4, 12, -7],
			"rotation": {"angle": 22.5, "axis": "x", "origin": [0, -9, -9]},
			"faces": {
				"north": {"uv": [14, 10, 16, 11], "texture": "#1"},
				"east": {"uv": [14, 15, 15, 16], "texture": "#1"},
				"south": {"uv": [14, 11, 16, 12], "texture": "#1"},
				"west": {"uv": [15, 15, 16, 16], "texture": "#1"},
				"up": {"uv": [14, 16, 12, 15], "texture": "#1"},
				"down": {"uv": [16, 12, 14, 13], "texture": "#1"}
			}
		},
		{
			"from": [12, 10, -9],
			"to": [16, 12, -7],
			"rotation": {"angle": 22.5, "axis": "x", "origin": [0, -9, -9]},
			"faces": {
				"north": {"uv": [14, 12, 16, 13], "texture": "#1"},
				"east": {"uv": [15, 15, 16, 16], "texture": "#1"},
				"south": {"uv": [14, 13, 16, 14], "texture": "#1"},
				"west": {"uv": [0, 15, 1, 16], "texture": "#1"},
				"up": {"uv": [16, 15, 14, 14], "texture": "#1"},
				"down": {"uv": [16, 13, 14, 12], "texture": "#1"}
			}
		}
	],
	"display": {
		"thirdperson_righthand": {
			"scale": [0.5, 0.5, 0.5]
		},
		"thirdperson_lefthand": {
			"scale": [0.5, 0.5, 0.5]
		},
		"firstperson_righthand": {
			"translation": [-2, 3.75, 0],
			"scale": [0.5, 0.5, 0.5]
		},
		"firstperson_lefthand": {
			"translation": [-2, 3.75, 0],
			"scale": [0.5, 0.5, 0.5]
		},
		"ground": {
			"translation": [0, 0, -1],
			"scale": [0.5, 0.5, 0.5]
		},
		"gui": {
			"rotation": [-148.08, 43.69, 169.79],
			"translation": [0, 0.5, 0],
			"scale": [0.45, 0.45, 0.45]
		},
		"head": {
			"rotation": [-8.88, -0.95, 0.49],
			"translation": [0, 6.5, -0.5],
			"scale": [0.85, 0.85, 0.85]
		},
		"fixed": {
			"translation": [0, 5, -9.75]
		}
	},
	"groups": [
		{
			"name": "group",
			"origin": [-0.3, 0.12339, 0.45663],
			"color": 0,
			"children": [
				0,
				1,
				2,
				3,
				4,
				{
					"name": "group",
					"origin": [-0.3, 0.12339, 0.45663],
					"color": 0,
					"children": [5, 6, 7, 8, 9]
				}
			]
		},
		{
			"name": "group",
			"origin": [0, 0, 0],
			"color": 0,
			"children": [10, 11, 12, 13, 14, 15, 16, 17, 18, 19, 20, 21, 22, 23, 24, 25, 26, 27]
		}
	]
}