{"textures":{"2":"modelengine:entity/pasted2","3":"modelengine:entity/pasted3"},"elements":[{"from":[7.45,6.6333995,12.987704],"to":[8.55,8.6334,14.037704],"faces":{"east":{"uv":[1.7875,2.875,5.75,4.975],"tintindex":0,"rotation":90,"texture":"#2"},"south":{"uv":[9.2875,0.0,11.45,4.0],"tintindex":0,"rotation":0,"texture":"#2"},"north":{"uv":[9.275,0.0,11.45,4.0],"tintindex":0,"rotation":180,"texture":"#2"},"west":{"uv":[1.775,2.875,5.75,4.975],"tintindex":0,"rotation":270,"texture":"#2"},"up":{"uv":[1.775,0.7625,3.95,2.85],"tintindex":0,"rotation":0,"texture":"#2"},"down":{"uv":[1.775,0.7625,3.95,2.85],"tintindex":0,"rotation":180,"texture":"#2"}},"rotation":{"origin":[7.5,6.6333995,14.037704],"angle":22.5,"axis":"x"}},{"from":[7.45,6.6333995,11.852704],"to":[8.55,8.6334,12.902704],"faces":{"east":{"uv":[0.0,5.0,4.0,7.1],"tintindex":0,"rotation":90,"texture":"#2"},"south":{"uv":[4.0,5.0,6.2,9.0],"tintindex":0,"rotation":0,"texture":"#2"},"north":{"uv":[4.0,5.0,6.2,9.0],"tintindex":0,"rotation":180,"texture":"#2"},"west":{"uv":[0.0,5.0,4.0,7.1],"tintindex":0,"rotation":270,"texture":"#2"},"up":{"uv":[0.0,7.125,2.2,9.225],"tintindex":0,"rotation":0,"texture":"#2"},"down":{"uv":[0.0,7.125,2.2,9.225],"tintindex":0,"rotation":180,"texture":"#2"}},"rotation":{"origin":[7.5,6.6333995,12.887704],"angle":22.5,"axis":"x"}},{"from":[7.65,7.9333997,11.187704],"to":[8.35,8.933399,12.687704],"faces":{"east":{"uv":[7.6625,4.9875,9.6625,7.9875],"tintindex":0,"rotation":90,"texture":"#2"},"south":{"uv":[6.25,5.0,7.65,7.0],"tintindex":0,"rotation":0,"texture":"#2"},"north":{"uv":[6.25,5.0,7.65,7.0],"tintindex":0,"rotation":180,"texture":"#2"},"west":{"uv":[7.625,5.0,9.625,8.0],"tintindex":0,"rotation":270,"texture":"#2"},"up":{"uv":[9.625,5.0,11.025,8.0],"tintindex":0,"rotation":0,"texture":"#2"},"down":{"uv":[9.625,5.0,11.025,8.0],"tintindex":0,"rotation":180,"texture":"#2"}},"rotation":{"origin":[7.45,7.9333997,12.187704],"angle":22.5,"axis":"x"}},{"from":[7.55,7.4834,16.237705],"to":[8.45,8.3834,18.737705],"faces":{"east":{"uv":[0.0,0.0,1.7,5.0],"tintindex":0,"rotation":90,"texture":"#2"},"south":{"uv":[0.0,1.625,1.675,3.325],"tintindex":0,"rotation":0,"texture":"#2"},"north":{"uv":[0.0,0.0,1.8,1.7],"tintindex":0,"rotation":180,"texture":"#2"},"west":{"uv":[0.125,0.0,1.75,5.0],"tintindex":0,"rotation":270,"texture":"#2"},"up":{"uv":[0.0,0.0,1.675,5.0],"tintindex":0,"rotation":0,"texture":"#2"},"down":{"uv":[0.0,0.0,1.675,5.0],"tintindex":0,"rotation":180,"texture":"#2"}}},{"from":[8.0,6.9333997,18.587704],"to":[8.0,8.933399,20.812704],"faces":{"east":{"uv":[0.0,11.0,4.0,16.0],"tintindex":0,"rotation":90,"texture":"#2"},"west":{"uv":[0.0,11.0,4.0,16.0],"tintindex":0,"rotation":270,"texture":"#2"}}},{"from":[8.0,5.0583997,-3.1372957],"to":[8.0,11.058399,14.012704],"faces":{"east":{"uv":[0.3125,2.92188,4.5625,16.0],"tintindex":0,"rotation":90,"texture":"#3"},"west":{"uv":[4.5625,2.9375,0.375,16.0],"tintindex":0,"rotation":270,"texture":"#3"}}},{"from":[7.5,7.4584,18.062704],"to":[8.5,8.4084,18.762703],"faces":{"east":{"uv":[7.3625,0.0875,9.2625,1.4875],"tintindex":0,"rotation":90,"texture":"#2"},"south":{"uv":[7.3625,0.0,9.35,2.0875],"tintindex":0,"rotation":0,"texture":"#2"},"north":{"uv":[7.25,0.0,9.25,1.9],"tintindex":0,"rotation":180,"texture":"#2"},"west":{"uv":[7.25,0.0,9.25,1.4875],"tintindex":0,"rotation":270,"texture":"#2"},"up":{"uv":[7.25,0.0,9.25,1.5],"tintindex":0,"rotation":0,"texture":"#2"},"down":{"uv":[7.25,0.1,9.25,1.5],"tintindex":0,"rotation":180,"texture":"#2"}}},{"from":[8.1,5.0583997,-3.1372957],"to":[8.1,11.058399,14.012704],"faces":{"east":{"uv":[0.3125,2.92188,4.5625,16.0],"tintindex":0,"rotation":90,"texture":"#3"},"west":{"uv":[4.5625,2.9375,0.375,16.0],"tintindex":0,"rotation":270,"texture":"#3"}}},{"from":[7.5,7.4333997,14.362704],"to":[8.5,8.433399,17.487705],"faces":{"east":{"uv":[14.0,8.0,16.0,16.0],"tintindex":0,"rotation":90,"texture":"#2"},"south":{"uv":[0.0,0.0,1.75,2.0],"tintindex":0,"rotation":0,"texture":"#2"},"north":{"uv":[14.25,8.125,16.0,10.125],"tintindex":0,"rotation":180,"texture":"#2"},"west":{"uv":[14.0,8.0,16.0,16.0],"tintindex":0,"rotation":270,"texture":"#2"},"up":{"uv":[14.0,8.0,16.0,16.0],"tintindex":0,"rotation":0,"texture":"#2"},"down":{"uv":[14.0,8.0,16.0,16.0],"tintindex":0,"rotation":180,"texture":"#2"}}},{"from":[7.55,6.9834,12.187704],"to":[8.45,7.5333996,13.337704],"faces":{"east":{"uv":[0.0,5.0,4.0,7.1],"tintindex":0,"rotation":0,"texture":"#2"},"south":{"uv":[0.0,7.125,2.2,9.225],"tintindex":0,"rotation":0,"texture":"#2"},"north":{"uv":[0.0,7.125,2.2,9.225],"tintindex":0,"rotation":0,"texture":"#2"},"west":{"uv":[0.0,5.0,4.0,7.1],"tintindex":0,"rotation":0,"texture":"#2"},"up":{"uv":[4.0,5.0,6.2,9.0],"tintindex":0,"rotation":0,"texture":"#2"},"down":{"uv":[4.0,5.0,6.2,9.0],"tintindex":0,"rotation":0,"texture":"#2"}}}],"display":{"gui":{"rotation":[30,225,0]}}}