{"textures":{"2":"modelengine:entity/ps_ec_soul_demonic_vfx_3"},"elements":[{"from":[7.0,7.0,9.5],"to":[9.0,9.0,12.5],"faces":{"east":{"uv":[10.0,8.0,11.5,9.0],"tintindex":0,"rotation":0,"texture":"#2"},"south":{"uv":[12.0,9.0,13.0,10.0],"tintindex":0,"rotation":0,"texture":"#2"},"north":{"uv":[7.5,12.0,8.5,13.0],"tintindex":0,"rotation":0,"texture":"#2"},"west":{"uv":[8.5,10.0,10.0,11.0],"tintindex":0,"rotation":0,"texture":"#2"},"up":{"uv":[11.0,10.5,10.0,9.0],"tintindex":0,"rotation":0,"texture":"#2"},"down":{"uv":[11.5,1.0,10.5,2.5],"tintindex":0,"rotation":0,"texture":"#2"}}},{"from":[7.5,7.5,8.0],"to":[8.5,8.5,10.0],"faces":{"east":{"uv":[8.0,1.5,9.0,2.0],"tintindex":0,"rotation":0,"texture":"#2"},"south":{"uv":[12.0,5.5,12.5,6.0],"tintindex":0,"rotation":0,"texture":"#2"},"north":{"uv":[5.0,11.5,5.5,12.0],"tintindex":0,"rotation":0,"texture":"#2"},"west":{"uv":[9.0,3.0,10.0,3.5],"tintindex":0,"rotation":0,"texture":"#2"},"up":{"uv":[8.5,14.0,8.0,13.0],"tintindex":0,"rotation":0,"texture":"#2"},"down":{"uv":[11.0,13.0,10.5,14.0],"tintindex":0,"rotation":0,"texture":"#2"}}}],"display":{"gui":{"rotation":[30,225,0]}}}