{"textures":{"2":"modelengine:entity/ps_ec_soul_demonic_vfx_3"},"elements":[{"from":[7.0,7.0,9.5],"to":[9.0,9.0,12.5],"faces":{"east":{"uv":[4.0,10.5,5.5,11.5],"tintindex":0,"rotation":0,"texture":"#2"},"south":{"uv":[12.5,3.0,13.5,4.0],"tintindex":0,"rotation":0,"texture":"#2"},"north":{"uv":[3.0,12.5,4.0,13.5],"tintindex":0,"rotation":0,"texture":"#2"},"west":{"uv":[10.5,5.0,12.0,6.0],"tintindex":0,"rotation":0,"texture":"#2"},"up":{"uv":[11.0,12.0,10.0,10.5],"tintindex":0,"rotation":0,"texture":"#2"},"down":{"uv":[3.0,11.0,2.0,12.5],"tintindex":0,"rotation":0,"texture":"#2"}}},{"from":[7.5,7.5,8.0],"to":[8.5,8.5,10.0],"faces":{"east":{"uv":[9.5,1.0,10.5,1.5],"tintindex":0,"rotation":0,"texture":"#2"},"south":{"uv":[8.5,12.0,9.0,12.5],"tintindex":0,"rotation":0,"texture":"#2"},"north":{"uv":[6.0,12.0,6.5,12.5],"tintindex":0,"rotation":0,"texture":"#2"},"west":{"uv":[2.0,9.5,3.0,10.0],"tintindex":0,"rotation":0,"texture":"#2"},"up":{"uv":[14.0,4.0,13.5,3.0],"tintindex":0,"rotation":0,"texture":"#2"},"down":{"uv":[4.5,13.5,4.0,14.5],"tintindex":0,"rotation":0,"texture":"#2"}}}],"display":{"gui":{"rotation":[30,225,0]}}}