{"textures":{"2":"modelengine:entity/ps_ec_soul_demonic_vfx_3"},"elements":[{"from":[8.0,7.0,12.5],"to":[8.0,10.0,15.5],"faces":{"east":{"uv":[8.0,0.0,9.5,1.5],"tintindex":0,"rotation":0,"texture":"#2"},"west":{"uv":[1.5,8.0,3.0,9.5],"tintindex":0,"rotation":0,"texture":"#2"}},"rotation":{"origin":[8.0,7.0,12.5],"angle":-22.5,"axis":"x"}},{"from":[7.5,7.5,7.5],"to":[8.5,8.5,9.5],"faces":{"east":{"uv":[11.0,4.5,12.0,5.0],"tintindex":0,"rotation":0,"texture":"#2"},"south":{"uv":[12.5,4.0,13.0,4.5],"tintindex":0,"rotation":0,"texture":"#2"},"north":{"uv":[12.0,10.0,12.5,10.5],"tintindex":0,"rotation":0,"texture":"#2"},"west":{"uv":[11.5,2.0,12.5,2.5],"tintindex":0,"rotation":0,"texture":"#2"},"up":{"uv":[5.0,14.5,4.5,13.5],"tintindex":0,"rotation":0,"texture":"#2"},"down":{"uv":[14.0,5.5,13.5,6.5],"tintindex":0,"rotation":0,"texture":"#2"}}},{"from":[7.0,7.0,9.5],"to":[9.0,9.0,12.5],"faces":{"east":{"uv":[11.0,6.0,12.5,7.0],"tintindex":0,"rotation":0,"texture":"#2"},"south":{"uv":[5.0,13.0,6.0,14.0],"tintindex":0,"rotation":0,"texture":"#2"},"north":{"uv":[13.0,4.0,14.0,5.0],"tintindex":0,"rotation":0,"texture":"#2"},"west":{"uv":[7.5,11.0,9.0,12.0],"tintindex":0,"rotation":0,"texture":"#2"},"up":{"uv":[10.0,12.5,9.0,11.0],"tintindex":0,"rotation":0,"texture":"#2"},"down":{"uv":[12.0,9.0,11.0,10.5],"tintindex":0,"rotation":0,"texture":"#2"}}}],"display":{"gui":{"rotation":[30,225,0]}}}