{"textures":{"2":"modelengine:entity/ps_ec_soul_demonic_vfx_3"},"elements":[{"from":[7.5,7.5,8.0],"to":[8.5,8.5,10.0],"faces":{"east":{"uv":[6.0,13.5,7.0,14.0],"tintindex":0,"rotation":0,"texture":"#2"},"south":{"uv":[7.0,12.5,7.5,13.0],"tintindex":0,"rotation":0,"texture":"#2"},"north":{"uv":[12.5,6.5,13.0,7.0],"tintindex":0,"rotation":0,"texture":"#2"},"west":{"uv":[13.5,8.0,14.5,8.5],"tintindex":0,"rotation":0,"texture":"#2"},"up":{"uv":[9.0,14.5,8.5,13.5],"tintindex":0,"rotation":0,"texture":"#2"},"down":{"uv":[9.5,13.5,9.0,14.5],"tintindex":0,"rotation":0,"texture":"#2"}}},{"from":[7.0,7.0,9.5],"to":[9.0,9.0,11.5],"faces":{"east":{"uv":[12.0,11.5,13.0,12.5],"tintindex":0,"rotation":0,"texture":"#2"},"south":{"uv":[0.0,12.5,1.0,13.5],"tintindex":0,"rotation":0,"texture":"#2"},"north":{"uv":[10.0,12.0,11.0,13.0],"tintindex":0,"rotation":0,"texture":"#2"},"west":{"uv":[1.0,12.5,2.0,13.5],"tintindex":0,"rotation":0,"texture":"#2"},"up":{"uv":[3.0,13.5,2.0,12.5],"tintindex":0,"rotation":0,"texture":"#2"},"down":{"uv":[13.5,2.0,12.5,3.0],"tintindex":0,"rotation":0,"texture":"#2"}}}],"display":{"gui":{"rotation":[30,225,0]}}}