{"textures":{"2":"modelengine:entity/ps_ec_soul_demonic_vfx_3"},"elements":[{"from":[7.5,7.5,7.5],"to":[8.5,8.5,9.5],"faces":{"east":{"uv":[14.0,3.0,15.0,3.5],"tintindex":0,"rotation":0,"texture":"#2"},"south":{"uv":[12.0,14.0,12.5,14.5],"tintindex":0,"rotation":0,"texture":"#2"},"north":{"uv":[14.0,11.5,14.5,12.0],"tintindex":0,"rotation":0,"texture":"#2"},"west":{"uv":[14.0,3.5,15.0,4.0],"tintindex":0,"rotation":0,"texture":"#2"},"up":{"uv":[14.5,5.0,14.0,4.0],"tintindex":0,"rotation":0,"texture":"#2"},"down":{"uv":[5.5,14.0,5.0,15.0],"tintindex":0,"rotation":0,"texture":"#2"}}},{"from":[7.0,7.0,9.5],"to":[9.0,9.0,11.5],"faces":{"east":{"uv":[12.5,10.0,13.5,11.0],"tintindex":0,"rotation":0,"texture":"#2"},"south":{"uv":[11.0,12.5,12.0,13.5],"tintindex":0,"rotation":0,"texture":"#2"},"north":{"uv":[8.5,12.5,9.5,13.5],"tintindex":0,"rotation":0,"texture":"#2"},"west":{"uv":[12.0,12.5,13.0,13.5],"tintindex":0,"rotation":0,"texture":"#2"},"up":{"uv":[14.0,1.0,13.0,0.0],"tintindex":0,"rotation":0,"texture":"#2"},"down":{"uv":[14.0,1.0,13.0,2.0],"tintindex":0,"rotation":0,"texture":"#2"}}},{"from":[8.0,7.0,11.5],"to":[8.0,10.0,14.5],"faces":{"east":{"uv":[8.5,3.5,10.0,5.0],"tintindex":0,"rotation":0,"texture":"#2"},"west":{"uv":[7.0,8.5,8.5,10.0],"tintindex":0,"rotation":0,"texture":"#2"}},"rotation":{"origin":[8.0,7.0,11.5],"angle":-22.5,"axis":"x"}}],"display":{"gui":{"rotation":[30,225,0]}}}