{"textures":{"2":"modelengine:entity/ps_ec_soul_demonic_vfx_3"},"elements":[{"from":[9.5,7.0,7.0],"to":[11.5,9.0,9.0],"faces":{"east":{"uv":[11.5,8.0,12.5,9.0],"tintindex":0,"rotation":0,"texture":"#2"},"south":{"uv":[11.0,11.5,12.0,12.5],"tintindex":0,"rotation":0,"texture":"#2"},"north":{"uv":[4.0,11.5,5.0,12.5],"tintindex":0,"rotation":0,"texture":"#2"},"west":{"uv":[12.0,4.5,13.0,5.5],"tintindex":0,"rotation":0,"texture":"#2"},"up":{"uv":[6.0,13.0,5.0,12.0],"tintindex":0,"rotation":0,"texture":"#2"},"down":{"uv":[13.0,7.0,12.0,8.0],"tintindex":0,"rotation":0,"texture":"#2"}}},{"from":[7.5,7.5,7.5],"to":[9.5,8.5,8.5],"faces":{"east":{"uv":[14.0,12.0,14.5,12.5],"tintindex":0,"rotation":0,"texture":"#2"},"south":{"uv":[14.0,5.5,15.0,6.0],"tintindex":0,"rotation":0,"texture":"#2"},"north":{"uv":[5.5,14.0,6.5,14.5],"tintindex":0,"rotation":0,"texture":"#2"},"west":{"uv":[12.5,14.0,13.0,14.5],"tintindex":0,"rotation":0,"texture":"#2"},"up":{"uv":[15.0,6.5,14.0,6.0],"tintindex":0,"rotation":0,"texture":"#2"},"down":{"uv":[7.5,14.0,6.5,14.5],"tintindex":0,"rotation":0,"texture":"#2"}}}],"display":{"gui":{"rotation":[30,225,0]}}}