{
	"credit": "Made with Blockbench",
	"texture_size": [128, 128],
	"textures": {
		"0": "./dai",
		"particle": "./dai"
	},
	"elements": [
		{
			"from": [-2, 14, 2],
			"to": [18, 16, 2],
			"faces": {
				"north": {"uv": [7, 7.6875, 9, 7.75], "texture": "#0"},
				"east": {"uv": [6.75, 8.25, 7, 9.25], "texture": "#0"},
				"south": {"uv": [0.125, 6.6875, 1.625, 8.0625], "texture": "#0"},
				"west": {"uv": [5.3125, 0.1875, 5, 0], "texture": "#0"},
				"up": {"uv": [4.5, 8.5, 2.5, 8.25], "texture": "#0"},
				"down": {"uv": [7, 7.75, 9, 7.6875], "rotation": 180, "texture": "#0"}
			}
		},
		{
			"from": [-2, 20, 2],
			"to": [18, 22, 4],
			"faces": {
				"north": {"uv": [6.75, 7.6875, 9.25, 7.4375], "texture": "#0"},
				"east": {"uv": [6.75, 7.4375, 7, 7.6875], "texture": "#0"},
				"south": {"uv": [0.1875, 6.875, 1.625, 7.1875], "texture": "#0"},
				"west": {"uv": [9.0625, 7.4375, 9.3125, 7.6875], "texture": "#0"},
				"up": {"uv": [9.25, 7.6875, 6.75, 7.4375], "texture": "#0"},
				"down": {"uv": [10.25, 4, 8.25, 4.25], "texture": "#0"}
			}
		},
		{
			"from": [-2, -4, 20],
			"to": [18, 16, 20],
			"faces": {
				"north": {"uv": [5.4375, 0, 6.1875, 0.75], "texture": "#0"},
				"east": {"uv": [5.4375, 0, 6.1875, 0.75], "texture": "#0"},
				"south": {"uv": [5.4375, 0, 6.1875, 0.75], "texture": "#0"},
				"west": {"uv": [5.4375, 0, 6.1875, 0.75], "texture": "#0"},
				"up": {"uv": [5.4375, 0, 6.1875, 0.75], "texture": "#0"},
				"down": {"uv": [5.4375, 0, 6.1875, 0.75], "texture": "#0"}
			}
		},
		{
			"from": [-2, -8, 20],
			"to": [7, -4, 20],
			"faces": {
				"north": {"uv": [5.4375, 0, 6.1875, 0.75], "texture": "#0"},
				"east": {"uv": [5.4375, 0, 6.1875, 0.75], "texture": "#0"},
				"south": {"uv": [5.4375, 0, 6.1875, 0.75], "texture": "#0"},
				"west": {"uv": [5.4375, 0, 6.1875, 0.75], "texture": "#0"},
				"up": {"uv": [5.4375, 0, 6.1875, 0.75], "texture": "#0"},
				"down": {"uv": [5.4375, 0, 6.1875, 0.75], "texture": "#0"}
			}
		},
		{
			"from": [9, -8, 20],
			"to": [18, -4, 20],
			"faces": {
				"north": {"uv": [5.4375, 0, 6.1875, 0.75], "texture": "#0"},
				"east": {"uv": [5.4375, 0, 6.1875, 0.75], "texture": "#0"},
				"south": {"uv": [5.4375, 0, 6.1875, 0.75], "texture": "#0"},
				"west": {"uv": [5.4375, 0, 6.1875, 0.75], "texture": "#0"},
				"up": {"uv": [5.4375, 0, 6.1875, 0.75], "texture": "#0"},
				"down": {"uv": [5.4375, 0, 6.1875, 0.75], "texture": "#0"}
			}
		},
		{
			"from": [18, -8, 2],
			"to": [18, 16, 20],
			"faces": {
				"north": {"uv": [5, 0, 5.3125, 0.1875], "texture": "#0"},
				"east": {"uv": [5, 0, 5.3125, 0.15], "texture": "#0"},
				"south": {"uv": [5, 0, 5.3125, 0.1875], "texture": "#0"},
				"west": {"uv": [5.3125, 0, 5, 0.15], "texture": "#0"},
				"up": {"uv": [5, 0, 5.3125, 0.1875], "texture": "#0"},
				"down": {"uv": [5, 0, 5.3125, 0.1875], "texture": "#0"}
			}
		},
		{
			"from": [-2, -8, 2],
			"to": [-2, 16, 20],
			"faces": {
				"north": {"uv": [5, 0, 5.3125, 0.1875], "texture": "#0"},
				"east": {"uv": [5, 0, 5.3125, 0.15], "texture": "#0"},
				"south": {"uv": [5, 0, 5.3125, 0.1875], "texture": "#0"},
				"west": {"uv": [5.3125, 0, 5, 0.15], "texture": "#0"},
				"up": {"uv": [5, 0, 5.3125, 0.1875], "texture": "#0"},
				"down": {"uv": [5, 0, 5.3125, 0.1875], "texture": "#0"}
			}
		},
		{
			"from": [2, 22, 6],
			"to": [14, 24, 17],
			"faces": {
				"north": {"uv": [8.25, 8, 9.75, 8.25], "texture": "#0"},
				"east": {"uv": [2.5, 8.75, 3.875, 9], "texture": "#0"},
				"south": {"uv": [0, 0, 1.5, 0.25], "texture": "#0"},
				"west": {"uv": [8.75, 6.75, 10.125, 7], "texture": "#0"},
				"up": {"uv": [8.25, 5.375, 6.75, 4.0625], "texture": "#0"},
				"down": {"uv": [8.25, 4.0625, 6.75, 5.375], "texture": "#0"}
			}
		},
		{
			"from": [-2, 20, 18],
			"to": [16, 22, 20],
			"faces": {
				"north": {"uv": [6.75, 7.4375, 8.5625, 7.6875], "texture": "#0"},
				"east": {"uv": [6.75, 7.4375, 8.5625, 7.6875], "texture": "#0"},
				"south": {"uv": [6.75, 7.4375, 8.5625, 7.6875], "texture": "#0"},
				"west": {"uv": [6.75, 7.4375, 8.5625, 7.6875], "texture": "#0"},
				"up": {"uv": [6.75, 7.4375, 8.5625, 7.6875], "texture": "#0"},
				"down": {"uv": [6.75, 7.4375, 8.5625, 7.6875], "texture": "#0"}
			}
		},
		{
			"from": [14, 22, 6],
			"to": [16, 24, 17],
			"faces": {
				"north": {"uv": [7.625, 4.3125, 7.1875, 5.1875], "texture": "#0"},
				"east": {"uv": [7.625, 4.3125, 7.1875, 5.1875], "texture": "#0"},
				"south": {"uv": [7.625, 4.3125, 7.1875, 5.1875], "texture": "#0"},
				"west": {"uv": [7.625, 4.3125, 7.1875, 5.1875], "texture": "#0"},
				"up": {"uv": [7.625, 4.3125, 7.1875, 5.1875], "texture": "#0"},
				"down": {"uv": [7.625, 4.3125, 7.1875, 5.1875], "texture": "#0"}
			}
		},
		{
			"from": [0, 22, 6],
			"to": [2, 24, 17],
			"rotation": {"angle": 0, "axis": "y", "origin": [16, 0, 0]},
			"faces": {
				"north": {"uv": [6.75, 7.5, 6.5, 7.75], "texture": "#0"},
				"east": {"uv": [10, 5.5, 8.25, 5.75], "texture": "#0"},
				"south": {"uv": [0.25, 9, 0, 9.25], "texture": "#0"},
				"west": {"uv": [10, 5.25, 8.25, 5.5], "texture": "#0"},
				"up": {"uv": [4.5, 10, 4.75, 8.25], "texture": "#0"},
				"down": {"uv": [6, 8.25, 6.25, 10], "texture": "#0"}
			}
		},
		{
			"from": [-2, 20, 4],
			"to": [0, 22, 18],
			"faces": {
				"north": {"uv": [0, 0, 0.25, 1], "texture": "#0"},
				"east": {"uv": [0.125, 7.125, 1.625, 6.6875], "texture": "#0"},
				"south": {"uv": [1.5, 8.5, 1.75, 9.5], "texture": "#0"},
				"west": {"uv": [6.75, 7.6875, 8.5, 7.4375], "texture": "#0"},
				"up": {"uv": [8.5, 7.4375, 6.75, 7.6875], "rotation": 270, "texture": "#0"},
				"down": {"uv": [6.75, 7.6875, 8.5, 7.4375], "rotation": 90, "texture": "#0"}
			}
		},
		{
			"from": [16, 20, 4],
			"to": [18, 22, 20],
			"faces": {
				"north": {"uv": [6.75, 7.4375, 8.3125, 7.6875], "texture": "#0"},
				"east": {"uv": [6.75, 7.4375, 8.3125, 7.6875], "texture": "#0"},
				"south": {"uv": [6.75, 7.4375, 8.3125, 7.6875], "texture": "#0"},
				"west": {"uv": [6.75, 7.4375, 8.3125, 7.6875], "texture": "#0"},
				"up": {"uv": [6.75, 7.4375, 8.3125, 7.6875], "texture": "#0"},
				"down": {"uv": [6.75, 7.4375, 8.3125, 7.6875], "texture": "#0"}
			}
		},
		{
			"from": [18, 16, 2],
			"to": [20, 20, 20],
			"faces": {
				"north": {"uv": [6.5, 7, 6.75, 7.5], "texture": "#0"},
				"east": {"uv": [6, 7.75, 8.5, 8.25], "texture": "#0"},
				"south": {"uv": [4.25, 8.5, 4.5, 9], "texture": "#0"},
				"west": {"uv": [6, 8.25, 8.5, 7.75], "texture": "#0"},
				"up": {"uv": [8.5, 8, 6.0625, 7.75], "rotation": 90, "texture": "#0"},
				"down": {"uv": [6, 8.25, 8.5, 8], "rotation": 90, "texture": "#0"}
			}
		},
		{
			"from": [-4, 16, 2],
			"to": [-2, 20, 20],
			"faces": {
				"north": {"uv": [8.75, 7.25, 9, 7.75], "texture": "#0"},
				"east": {"uv": [6, 7.75, 8.5, 8.25], "texture": "#0"},
				"south": {"uv": [8.25, 8.75, 8.5, 9.25], "texture": "#0"},
				"west": {"uv": [6, 7.75, 8.5, 8.25], "texture": "#0"},
				"up": {"uv": [8.5, 8, 6, 7.75], "rotation": 90, "texture": "#0"},
				"down": {"uv": [6, 8.25, 8.5, 8], "rotation": 90, "texture": "#0"}
			}
		},
		{
			"from": [-4, 16, 0],
			"to": [20, 20, 2],
			"faces": {
				"north": {"uv": [6, 7.75, 8.5, 8.25], "texture": "#0"},
				"east": {"uv": [8.5, 8.75, 8.75, 9.25], "texture": "#0"},
				"south": {"uv": [6.0625, 7.8125, 8.5625, 8.25], "texture": "#0"},
				"west": {"uv": [8.75, 8.75, 9, 9.25], "texture": "#0"},
				"up": {"uv": [8.5, 8, 6, 7.75], "rotation": 180, "texture": "#0"},
				"down": {"uv": [8.5, 8.25, 6, 8], "texture": "#0"}
			}
		},
		{
			"from": [0, 22, 17],
			"to": [16, 24, 18],
			"faces": {
				"north": {"uv": [8.25, 6.25, 9.75, 6.5], "texture": "#0"},
				"east": {"uv": [3.875, 8.75, 4, 9], "texture": "#0"},
				"south": {"uv": [8.25, 6.5, 9.75, 6.75], "texture": "#0"},
				"west": {"uv": [0.75, 9, 0.875, 9.25], "texture": "#0"},
				"up": {"uv": [10.25, 7.125, 8.75, 7], "texture": "#0"},
				"down": {"uv": [10.25, 7.125, 8.75, 7.25], "texture": "#0"}
			}
		},
		{
			"from": [0, 22, 4],
			"to": [16, 24, 6],
			"rotation": {"angle": 0, "axis": "y", "origin": [16, 0, 0]},
			"faces": {
				"north": {"uv": [1.625, 6.75, 0.125, 8.125], "texture": "#0"},
				"east": {"uv": [0.25, 8.5, 0, 8.75], "texture": "#0"},
				"south": {"uv": [1.5, 0, 0, 0.25], "texture": "#0"},
				"west": {"uv": [0.25, 8.5, 0, 8.75], "texture": "#0"},
				"up": {"uv": [0, 8.75, 1.5, 8.5], "texture": "#0"},
				"down": {"uv": [0, 8.5, 1.5, 8.75], "texture": "#0"}
			}
		},
		{
			"from": [-4, 16, 20],
			"to": [20, 20, 22],
			"rotation": {"angle": 0, "axis": "y", "origin": [16, 0, 0]},
			"faces": {
				"north": {"uv": [8.5, 8.25, 6, 7.75], "texture": "#0"},
				"east": {"uv": [8.5, 8.75, 8.75, 9.25], "texture": "#0"},
				"south": {"uv": [8.5, 7.75, 6, 8.25], "texture": "#0"},
				"west": {"uv": [9, 8.75, 8.75, 9.25], "texture": "#0"},
				"up": {"uv": [6, 8.25, 8.5, 8], "texture": "#0"},
				"down": {"uv": [6, 8, 8.5, 8.25], "texture": "#0"}
			}
		}
	],
	"display": {
		"thirdperson_righthand": {
			"translation": [0, 4.25, 1.75],
			"scale": [0.3, 0.3, 0.3]
		},
		"thirdperson_lefthand": {
			"translation": [0, 4.25, 1.75],
			"scale": [0.3, 0.3, 0.3]
		},
		"firstperson_righthand": {
			"translation": [-2, 4.25, -1.5],
			"scale": [0.3, 0.3, 0.3]
		},
		"firstperson_lefthand": {
			"translation": [-2, 4.25, -1.5],
			"scale": [0.3, 0.3, 0.3]
		},
		"ground": {
			"translation": [1.5, 0, -1],
			"scale": [0.5, 0.5, 0.5]
		},
		"gui": {
			"rotation": [-154.82, 47.29, 179.22],
			"translation": [-1, -0.75, 0],
			"scale": [0.35, 0.35, 0.35]
		},
		"head": {
			"translation": [0, -4.75, -2.75],
			"scale": [0.87, 0.87, 0.87]
		},
		"fixed": {
			"translation": [0, 0, -5.75],
			"scale": [0.5, 0.5, 0.5]
		}
	},
	"groups": [
		{
			"name": "group",
			"origin": [0, 0, 0],
			"color": 0,
			"children": [0, 1, 2, 3, 4, 5, 6, 7, 8, 9, 10, 11, 12, 13, 14, 15, 16]
		},
		{
			"name": "group",
			"origin": [16, 0, 0],
			"color": 0,
			"children": [17, 18]
		}
	]
}