{
	"credit": "Made with Blockbench",
	"texture_size": [64, 64],
	"textures": {
		"0": "./1",
		"2": "./3",
		"3": "./4",
		"4": "./2",
		"particle": "./1"
	},
	"elements": [
		{
			"from": [4, -16, 0],
			"to": [28, 8, 4],
			"rotation": {"angle": 45, "axis": "z", "origin": [9, -14, 0]},
			"faces": {
				"north": {"uv": [0, 0, 6, 6], "texture": "#4"},
				"east": {"uv": [6, 0, 7, 6], "texture": "#4"},
				"south": {"uv": [0, 6, 6, 12], "texture": "#4"},
				"west": {"uv": [6, 6, 7, 12], "texture": "#4"},
				"up": {"uv": [13, 1, 7, 0], "texture": "#4"},
				"down": {"uv": [13, 1, 7, 2], "texture": "#4"}
			}
		},
		{
			"from": [-7.5, -11, -0.02],
			"to": [14.5, 11, -0.02],
			"rotation": {"angle": -45, "axis": "z", "origin": [3, -5, 7]},
			"faces": {
				"north": {"uv": [11, 0, 0.5, 10.5], "texture": "#0"},
				"east": {"uv": [11, 0, 0.5, 10.5], "texture": "#0"},
				"south": {"uv": [11, 0, 0.5, 10.5], "texture": "#0"},
				"west": {"uv": [11, 0, 0.5, 10.5], "texture": "#0"},
				"up": {"uv": [11, 0, 0.5, 10.5], "texture": "#0"},
				"down": {"uv": [11, 0, 0.5, 10.5], "texture": "#0"}
			}
		},
		{
			"from": [-7.5, -11, -0.02],
			"to": [14.5, 11, -0.02],
			"rotation": {"angle": -45, "axis": "z", "origin": [3, -5, 7]},
			"faces": {
				"north": {"uv": [11, 0, 0.5, 10.5], "texture": "#0"},
				"east": {"uv": [11, 0, 0.5, 10.5], "texture": "#0"},
				"south": {"uv": [11, 0, 0.5, 10.5], "texture": "#0"},
				"west": {"uv": [11, 0, 0.5, 10.5], "texture": "#0"},
				"up": {"uv": [11, 0, 0.5, 10.5], "texture": "#0"},
				"down": {"uv": [11, 0, 0.5, 10.5], "texture": "#0"}
			}
		},
		{
			"from": [0.63604, -8.63604, -1],
			"to": [6.63604, -2.63604, 1],
			"rotation": {"angle": 45, "axis": "z", "origin": [0.63604, 0.36396, -8]},
			"faces": {
				"north": {"uv": [10, 10, 16, 16], "texture": "#2"},
				"east": {"uv": [0, 0, 2, 6], "texture": "#2"},
				"south": {"uv": [0, 0, 6, 6], "texture": "#2"},
				"west": {"uv": [0, 0, 2, 6], "texture": "#2"},
				"up": {"uv": [0, 0, 6, 2], "texture": "#2"},
				"down": {"uv": [0, 0, 6, 2], "texture": "#2"}
			}
		},
		{
			"from": [10.65685, -3.17157, -0.995],
			"to": [12.65685, -0.37157, 1.005],
			"rotation": {"angle": 0, "axis": "y", "origin": [10.3, -2.17157, -0.99]},
			"faces": {
				"north": {"uv": [0, 0, 2, 2.8], "texture": "#2"},
				"east": {"uv": [0, 0, 2, 2.8], "texture": "#2"},
				"south": {"uv": [0, 0, 2, 2.8], "texture": "#2"},
				"west": {"uv": [0, 0, 2, 2.8], "texture": "#2"},
				"up": {"uv": [0, 0, 2, 2], "texture": "#2"},
				"down": {"uv": [0, 0, 2, 2], "texture": "#2"}
			}
		},
		{
			"from": [1.34315, -3.17157, -0.995],
			"to": [3.34315, -0.37157, 1.005],
			"rotation": {"angle": 0, "axis": "y", "origin": [1.33444, -2.17157, -1.0005]},
			"faces": {
				"north": {"uv": [0, 0, 2, 2.8], "texture": "#2"},
				"east": {"uv": [0, 0, 2, 2.8], "texture": "#2"},
				"south": {"uv": [0, 0, 2, 2.8], "texture": "#2"},
				"west": {"uv": [0, 0, 2, 2.8], "texture": "#2"},
				"up": {"uv": [0, 0, 2, 2], "texture": "#2"},
				"down": {"uv": [0, 0, 2, 2], "texture": "#2"}
			}
		},
		{
			"from": [8.07107, 5.41421, -1],
			"to": [10.07107, 11.41421, 1],
			"rotation": {"angle": 45, "axis": "z", "origin": [18.31371, 5.65685, 7]},
			"faces": {
				"north": {"uv": [8, 6, 10, 12], "texture": "#2"},
				"east": {"uv": [15, 0, 16, 5], "texture": "#2"},
				"south": {"uv": [2, 10, 4, 16], "texture": "#2"},
				"west": {"uv": [4, 10, 6, 16], "texture": "#2"},
				"up": {"uv": [8, 12, 6, 10], "texture": "#2"},
				"down": {"uv": [14, 12, 12, 14], "texture": "#2"}
			}
		},
		{
			"from": [3.36396, 6.77817, -1],
			"to": [11.36396, 8.77817, 1],
			"rotation": {"angle": 45, "axis": "z", "origin": [13.36396, 1.77817, -1]},
			"faces": {
				"north": {"uv": [0, 10, 8, 12], "texture": "#2"},
				"east": {"uv": [6, 14, 8, 16], "texture": "#2"},
				"south": {"uv": [0, 2, 8, 4], "texture": "#2"},
				"west": {"uv": [6, 10, 8, 12], "texture": "#2"},
				"up": {"uv": [8, 6, 0, 5], "texture": "#2"},
				"down": {"uv": [8, 6, 0, 8], "texture": "#2"}
			}
		},
		{
			"from": [3.36396, 6.77817, -1],
			"to": [11.36396, 8.77817, 1],
			"rotation": {"angle": 45, "axis": "z", "origin": [13.36396, 1.77817, -1]},
			"faces": {
				"north": {"uv": [0, 10, 8, 12], "texture": "#2"},
				"east": {"uv": [6, 14, 8, 16], "texture": "#2"},
				"south": {"uv": [0, 2, 8, 4], "texture": "#2"},
				"west": {"uv": [8, 14, 10, 16], "texture": "#2"},
				"up": {"uv": [8, 6, 0, 5], "texture": "#2"},
				"down": {"uv": [8, 6, 0, 8], "texture": "#2"}
			}
		},
		{
			"from": [8.65685, -4, -1],
			"to": [14.65685, -2, 1],
			"rotation": {"angle": 45, "axis": "z", "origin": [12.65685, -6, -1]},
			"faces": {
				"north": {"uv": [10, 6, 16, 8], "texture": "#2"},
				"east": {"uv": [10, 14, 12, 16], "texture": "#2"},
				"south": {"uv": [10, 8, 16, 10], "texture": "#2"},
				"west": {"uv": [12, 14, 14, 16], "texture": "#2"},
				"up": {"uv": [14, 8, 10, 6], "texture": "#2"},
				"down": {"uv": [4, 12, 10, 14], "texture": "#2"}
			}
		},
		{
			"from": [1, -8, -1],
			"to": [9, -6, 1],
			"rotation": {"angle": -45, "axis": "z", "origin": [7, -6, -1]},
			"faces": {
				"north": {"uv": [0, 8, 8, 10], "texture": "#2"},
				"east": {"uv": [4, 0, 2, 1], "texture": "#2"},
				"south": {"uv": [8, 0, 16, 2], "texture": "#2"},
				"west": {"uv": [14, 14, 16, 16], "texture": "#2"},
				"up": {"uv": [8, 8, 4, 10], "texture": "#2"},
				"down": {"uv": [16, 4, 8, 6], "texture": "#2"}
			}
		},
		{
			"from": [-4, 24, 2],
			"to": [0, 24, 32],
			"faces": {
				"north": {"uv": [0, 0, 4, 0], "texture": "#3"},
				"east": {"uv": [0, 0, 16, 0], "texture": "#3"},
				"south": {"uv": [0, 0, 4, 0], "texture": "#3"},
				"west": {"uv": [0, 0, 16, 0], "texture": "#3"},
				"up": {"uv": [0, 0, 4, 16], "texture": "#3"},
				"down": {"uv": [0, 0, 4, 16], "texture": "#3"}
			}
		},
		{
			"from": [14, 24, 2],
			"to": [18, 24, 32],
			"faces": {
				"north": {"uv": [0, 0, 4, 0], "texture": "#3"},
				"east": {"uv": [0, 0, 16, 0], "texture": "#3"},
				"south": {"uv": [0, 0, 4, 0], "texture": "#3"},
				"west": {"uv": [0, 0, 16, 0], "texture": "#3"},
				"up": {"uv": [0, 0, 4, 16], "texture": "#3"},
				"down": {"uv": [0, 0, 4, 16], "texture": "#3"}
			}
		},
		{
			"from": [0, 24, 28],
			"to": [14, 24, 32],
			"faces": {
				"north": {"uv": [0, 0, 14, 0], "texture": "#3"},
				"east": {"uv": [0, 0, 4, 0], "texture": "#3"},
				"south": {"uv": [0, 0, 14, 0], "texture": "#3"},
				"west": {"uv": [0, 0, 4, 0], "texture": "#3"},
				"up": {"uv": [0, 0, 14, 4], "texture": "#3"},
				"down": {"uv": [0, 0, 14, 4], "texture": "#3"}
			}
		},
		{
			"from": [1.02944, 12.68629, 2],
			"to": [5.02944, 22.68629, 2],
			"rotation": {"angle": -45, "axis": "z", "origin": [1.02944, 2.68629, 0]},
			"faces": {
				"north": {"uv": [0, 0, 4, 10], "texture": "#3"},
				"east": {"uv": [0, 0, 0, 10], "texture": "#3"},
				"south": {"uv": [0, 0, 4, 10], "texture": "#3"},
				"west": {"uv": [0, 0, 0, 10], "texture": "#3"},
				"up": {"uv": [0, 0, 4, 0], "texture": "#3"},
				"down": {"uv": [0, 0, 4, 0], "texture": "#3"}
			}
		},
		{
			"from": [-4, 14, 2],
			"to": [0, 24, 2],
			"faces": {
				"north": {"uv": [0, 0, 4, 10], "texture": "#3"},
				"east": {"uv": [0, 0, 0, 10], "texture": "#3"},
				"south": {"uv": [0, 0, 4, 10], "texture": "#3"},
				"west": {"uv": [0, 0, 0, 10], "texture": "#3"},
				"up": {"uv": [0, 0, 4, 0], "texture": "#3"},
				"down": {"uv": [0, 0, 4, 0], "texture": "#3"}
			}
		},
		{
			"from": [10.14214, 9.85786, 2],
			"to": [14.14214, 19.85786, 2],
			"rotation": {"angle": 45, "axis": "z", "origin": [10.14214, -0.14214, 0]},
			"faces": {
				"north": {"uv": [0, 0, 4, 10], "texture": "#3"},
				"east": {"uv": [0, 0, 0, 10], "texture": "#3"},
				"south": {"uv": [0, 0, 4, 10], "texture": "#3"},
				"west": {"uv": [0, 0, 0, 10], "texture": "#3"},
				"up": {"uv": [0, 0, 4, 0], "texture": "#3"},
				"down": {"uv": [0, 0, 4, 0], "texture": "#3"}
			}
		},
		{
			"from": [14, 14, 2],
			"to": [18, 24, 2],
			"faces": {
				"north": {"uv": [0, 0, 4, 10], "texture": "#3"},
				"east": {"uv": [0, 0, 0, 10], "texture": "#3"},
				"south": {"uv": [4, 0, 8, 10], "texture": "#3"},
				"west": {"uv": [0, 0, 0, 10], "texture": "#3"},
				"up": {"uv": [4, 0, 0, 0], "texture": "#3"},
				"down": {"uv": [4, 0, 0, 0], "texture": "#3"}
			}
		}
	],
	"display": {
		"thirdperson_righthand": {
			"translation": [0, 0, 1],
			"scale": [0.2, 0.2, 0.2]
		},
		"thirdperson_lefthand": {
			"translation": [0, 0, 1],
			"scale": [0.2, 0.2, 0.2]
		},
		"firstperson_righthand": {
			"translation": [3.75, 2, -0.5],
			"scale": [0.2, 0.2, 0.2]
		},
		"firstperson_lefthand": {
			"translation": [3.75, 2, -0.5],
			"scale": [0.2, 0.2, 0.2]
		},
		"ground": {
			"translation": [0, 3.25, -0.5],
			"scale": [0.2, 0.2, 0.2]
		},
		"gui": {
			"rotation": [-154.82, 47.29, 179.22],
			"translation": [-1.5, 0.5, 0],
			"scale": [0.25, 0.25, 0.25]
		},
		"head": {
			"translation": [0.25, -45.5, -2.25],
			"scale": [0.25, 0.25, 0.25]
		},
		"fixed": {
			"translation": [0, 2, -7.75],
			"scale": [0.35, 0.35, 0.35]
		}
	},
	"groups": [
		{
			"name": "group",
			"origin": [8, 8, 8],
			"color": 0,
			"children": [0, 1, 2, 3]
		},
		{
			"name": "group",
			"origin": [8, 8, 8],
			"color": 0,
			"children": [4, 5, 6, 7, 8, 9, 10]
		},
		{
			"name": "group",
			"origin": [0, 0, 0],
			"color": 0,
			"children": [11, 12, 13, 14, 15, 16, 17]
		}
	]
}