{
	"credit": "Made with Blockbench",
	"textures": {
		"0": "./mod",
		"1": "./apasi",
		"2": "./apasii",
		"particle": "./mod"
	},
	"elements": [
		{
			"from": [7.39825, 6.7965, 4.99125],
			"to": [8.60175, 9.2035, 11.00875],
			"rotation": {"angle": 0, "axis": "y", "origin": [7.39825, 6.7965, 4.99125]},
			"faces": {
				"north": {"uv": [4.8, 7.2, 5.6, 8.8], "texture": "#0"},
				"east": {"uv": [0, 4.8, 4, 6.2], "texture": "#0"},
				"south": {"uv": [5.6, 7.2, 6.4, 8.8], "texture": "#0"},
				"west": {"uv": [0, 4.8, 4, 6.2], "texture": "#0"},
				"up": {"uv": [0.8, 10.4, 0, 6.4], "texture": "#0"},
				"down": {"uv": [1.6, 6.4, 0.8, 10.4], "texture": "#0"}
			}
		},
		{
			"from": [7.39825, 9.2035, 4.99125],
			"to": [8.60175, 9.2035, 11.00875],
			"rotation": {"angle": 0, "axis": "y", "origin": [7.39825, 6.7965, 4.99125]},
			"faces": {
				"north": {"uv": [4.8, 7.2, 5.6, 8.8], "texture": "#2"},
				"east": {"uv": [0, 4.8, 4, 6.4], "texture": "#2"},
				"south": {"uv": [5.6, 7.2, 6.4, 8.8], "texture": "#2"},
				"west": {"uv": [4, 4.8, 8, 6.4], "texture": "#2"},
				"up": {"uv": [1.3, 10.9, 0, 6.15], "texture": "#2"},
				"down": {"uv": [1.6, 6.4, 0.8, 10.4], "texture": "#2"}
			}
		},
		{
			"from": [7.5186, 4.6302, 10.52735],
			"to": [8.4814, 7.0372, 11.49015],
			"rotation": {"angle": -22.5, "axis": "x", "origin": [8, 4.99125, 10.407]},
			"faces": {
				"north": {"uv": [3.2, 9.6, 3.8, 11.2], "texture": "#0"},
				"east": {"uv": [4, 9.6, 4.6, 11.2], "texture": "#0"},
				"south": {"uv": [4.8, 9.6, 5.4, 11.2], "texture": "#0"},
				"west": {"uv": [9.6, 4.8, 10.2, 6.4], "texture": "#0"},
				"up": {"uv": [0.6, 11.8, 0, 11.2], "texture": "#0"},
				"down": {"uv": [11.8, 0, 11.2, 0.6], "texture": "#0"}
			}
		},
		{
			"from": [7.39825, 4.47044, 10.40255],
			"to": [8.60175, 5.07219, 11.60605],
			"rotation": {"angle": 0, "axis": "y", "origin": [8, 4.59079, 11.18482]},
			"faces": {
				"north": {"uv": [6.4, 11.2, 7.2, 11.6], "texture": "#0"},
				"east": {"uv": [11.2, 6.4, 12, 6.8], "texture": "#0"},
				"south": {"uv": [7.2, 11.2, 8, 11.6], "texture": "#0"},
				"west": {"uv": [11.2, 7.2, 12, 7.6], "texture": "#0"},
				"up": {"uv": [11.2, 4.8, 10.4, 4], "texture": "#0"},
				"down": {"uv": [11.2, 4.8, 10.4, 5.6], "texture": "#0"}
			}
		},
		{
			"from": [7.38321, 6.36922, 10.30134],
			"to": [8.61679, 7.57272, 16.31884],
			"rotation": {"angle": 22.5, "axis": "x", "origin": [8, 6.60992, 14.75429]},
			"faces": {
				"north": {"uv": [9.6, 9.6, 10.4, 10.4], "texture": "#0"},
				"east": {"uv": [1.6, 6.4, 5.6, 7.2], "texture": "#0"},
				"south": {"uv": [0, 10.4, 0.8, 11.2], "texture": "#0"},
				"west": {"uv": [5.6, 6.4, 9.6, 7.2], "texture": "#0"},
				"up": {"uv": [2.4, 11.2, 1.6, 7.2], "texture": "#0"},
				"down": {"uv": [3.2, 7.2, 2.4, 11.2], "texture": "#0"}
			}
		},
		{
			"from": [7.38321, 5.16572, 13.91184],
			"to": [8.61679, 6.36922, 16.31884],
			"rotation": {"angle": 22.5, "axis": "x", "origin": [8, 6.60992, 14.75429]},
			"faces": {
				"north": {"uv": [0.8, 10.4, 1.6, 11.2], "texture": "#0"},
				"east": {"uv": [8, 7.2, 9.6, 8], "texture": "#0"},
				"south": {"uv": [10.4, 3.2, 11.2, 4], "texture": "#0"},
				"west": {"uv": [8, 8, 9.6, 8.8], "texture": "#0"},
				"up": {"uv": [9.6, 1.6, 8.8, 0], "texture": "#0"},
				"down": {"uv": [9.6, 1.6, 8.8, 3.2], "texture": "#0"}
			}
		},
		{
			"from": [7.50356, 5.28607, 16.31884],
			"to": [8.49644, 7.45237, 16.67989],
			"rotation": {"angle": 22.5, "axis": "x", "origin": [8, 6.60992, 14.75429]},
			"faces": {
				"north": {"uv": [9.6, 8, 10.2, 9.4], "texture": "#0"},
				"east": {"uv": [11.2, 8.8, 11.4, 10.2], "texture": "#0"},
				"south": {"uv": [8.8, 9.6, 9.4, 11], "texture": "#0"},
				"west": {"uv": [10.4, 11.2, 10.6, 12.6], "texture": "#0"},
				"up": {"uv": [10.2, 12.2, 9.6, 12], "texture": "#0"},
				"down": {"uv": [12.6, 9.6, 12, 9.8], "texture": "#0"}
			}
		},
		{
			"from": [7.69913, 7.0372, 11.00875],
			"to": [8.30088, 8.2407, 13.17505],
			"rotation": {"angle": 0, "axis": "y", "origin": [7.69913, 7.39825, 12.39278]},
			"faces": {
				"north": {"uv": [5.6, 11.2, 6, 12], "texture": "#0"},
				"east": {"uv": [9.6, 1.6, 11, 2.4], "texture": "#0"},
				"south": {"uv": [11.2, 5.6, 11.6, 6.4], "texture": "#0"},
				"west": {"uv": [9.6, 2.4, 11, 3.2], "texture": "#0"},
				"up": {"uv": [8.4, 11.8, 8, 10.4], "texture": "#0"},
				"down": {"uv": [10.8, 8, 10.4, 9.4], "texture": "#0"}
			}
		},
		{
			"from": [6.7965, 7.96991, 3.186],
			"to": [9.2035, 9.17341, 5.593],
			"rotation": {"angle": 45, "axis": "y", "origin": [8, 8, 4.3895]},
			"faces": {
				"north": {"uv": [6.4, 7.2, 8, 8], "texture": "#0"},
				"east": {"uv": [6.4, 8, 8, 8.8], "texture": "#0"},
				"south": {"uv": [8, 5.6, 9.6, 6.4], "texture": "#0"},
				"west": {"uv": [6.4, 8, 8, 8.8], "texture": "#0"},
				"up": {"uv": [4.8, 8.8, 3.2, 7.2], "texture": "#0"},
				"down": {"uv": [4.8, 7.2, 3.2, 8.8], "texture": "#0"}
			}
		},
		{
			"from": [7.69913, 5.66653, 8.6104],
			"to": [8.30088, 5.90723, 10.41565],
			"rotation": {"angle": 0, "axis": "y", "origin": [8.06018, 5.06478, 9.45285]},
			"faces": {
				"north": {"uv": [0.8, 12.8, 1.2, 13], "texture": "#0"},
				"east": {"uv": [11.2, 10.4, 12.4, 10.6], "texture": "#0"},
				"south": {"uv": [12.8, 0.8, 13.2, 1], "texture": "#0"},
				"west": {"uv": [11.2, 11.2, 12.4, 11.4], "texture": "#0"},
				"up": {"uv": [10, 11.6, 9.6, 10.4], "texture": "#0"},
				"down": {"uv": [10.8, 9.6, 10.4, 10.8], "texture": "#0"}
			}
		},
		{
			"from": [7.69913, 5.64388, 8.25583],
			"to": [8.30088, 6.96773, 8.49653],
			"rotation": {"angle": -22.5, "axis": "x", "origin": [8, 6.54651, 8.37618]},
			"faces": {
				"north": {"uv": [11.2, 8, 11.6, 8.8], "texture": "#0"},
				"east": {"uv": [0, 12, 0.2, 12.8], "texture": "#0"},
				"south": {"uv": [8.8, 11.2, 9.2, 12], "texture": "#0"},
				"west": {"uv": [12, 0, 12.2, 0.8], "texture": "#0"},
				"up": {"uv": [2, 13, 1.6, 12.8], "texture": "#0"},
				"down": {"uv": [13.2, 1.6, 12.8, 1.8], "texture": "#0"}
			}
		},
		{
			"from": [7.81948, 6.09504, 9.44075],
			"to": [8.18053, 6.93749, 9.68145],
			"rotation": {"angle": 22.5, "axis": "x", "origin": [8, 6.51627, 9.5611]},
			"faces": {
				"north": {"uv": [11.2, 12, 11.4, 12.6], "texture": "#0"},
				"east": {"uv": [12, 12, 12.2, 12.6], "texture": "#0"},
				"south": {"uv": [0, 12.8, 0.2, 13.4], "texture": "#0"},
				"west": {"uv": [12.8, 0, 13, 0.6], "texture": "#0"},
				"up": {"uv": [4.2, 13, 4, 12.8], "texture": "#0"},
				"down": {"uv": [13, 4, 12.8, 4.2], "texture": "#0"}
			}
		},
		{
			"from": [3.891, 8.57166, 2.6875],
			"to": [6.298, 9.77516, 3.891],
			"rotation": {"angle": 45, "axis": "y", "origin": [6.298, 8.57166, 2.6875]},
			"faces": {
				"north": {"uv": [3.2, 8.8, 4.8, 9.6], "texture": "#0"},
				"east": {"uv": [5.6, 10.4, 6.4, 11.2], "texture": "#0"},
				"south": {"uv": [8.8, 3.2, 10.4, 4], "texture": "#0"},
				"west": {"uv": [10.4, 5.6, 11.2, 6.4], "texture": "#0"},
				"up": {"uv": [10.4, 4.8, 8.8, 4], "texture": "#0"},
				"down": {"uv": [6.4, 8.8, 4.8, 9.6], "texture": "#0"}
			}
		},
		{
			"from": [1.36365, 8.57166, 2.6875],
			"to": [3.77065, 9.77516, 3.891],
			"rotation": {"angle": 45, "axis": "y", "origin": [3.77065, 8.57166, 2.6875]},
			"faces": {
				"north": {"uv": [6.4, 8.8, 8, 9.6], "texture": "#0"},
				"east": {"uv": [6.4, 10.4, 7.2, 11.2], "texture": "#0"},
				"south": {"uv": [8, 8.8, 9.6, 9.6], "texture": "#0"},
				"west": {"uv": [7.2, 10.4, 8, 11.2], "texture": "#0"},
				"up": {"uv": [11.2, 0.8, 9.6, 0], "texture": "#0"},
				"down": {"uv": [11.2, 0.8, 9.6, 1.6], "texture": "#0"}
			}
		},
		{
			"from": [0.62403, 8.67998, 3.14703],
			"to": [1.6109, 9.66685, 4.1339],
			"rotation": {"angle": 45, "axis": "y", "origin": [3.46429, 8.67998, 3.14703]},
			"faces": {
				"north": {"uv": [1.6, 11.2, 2.2, 11.8], "texture": "#0"},
				"south": {"uv": [11.2, 1.6, 11.8, 2.2], "texture": "#0"},
				"west": {"uv": [2.4, 11.2, 3, 11.8], "texture": "#0"},
				"up": {"uv": [11.8, 3, 11.2, 2.4], "texture": "#0"},
				"down": {"uv": [3.8, 11.2, 3.2, 11.8], "texture": "#0"}
			}
		},
		{
			"from": [1.16843, 8.7984, 5.14999],
			"to": [1.91845, 9.54842, 5.90001],
			"rotation": {"angle": -22.5, "axis": "y", "origin": [1.30274, 9.17341, 6.0064]},
			"faces": {
				"east": {"uv": [0.8, 12, 1.2, 12.4], "texture": "#0"},
				"south": {"uv": [12, 0.8, 12.4, 1.2], "texture": "#0"},
				"west": {"uv": [1.6, 12, 2, 12.4], "texture": "#0"},
				"up": {"uv": [12.4, 2, 12, 1.6], "texture": "#0"},
				"down": {"uv": [2.8, 12, 2.4, 12.4], "texture": "#0"}
			}
		},
		{
			"from": [1.24214, 8.86591, 5.8564],
			"to": [1.85716, 9.48092, 6.47141],
			"rotation": {"angle": 0, "axis": "y", "origin": [1.24877, 9.17341, 6.76565]},
			"faces": {
				"east": {"uv": [12, 2.4, 12.4, 2.8], "texture": "#0"},
				"south": {"uv": [3.2, 12, 3.6, 12.4], "texture": "#0"},
				"west": {"uv": [12, 3.2, 12.4, 3.6], "texture": "#0"},
				"up": {"uv": [4.4, 12.4, 4, 12], "texture": "#0"},
				"down": {"uv": [12.4, 4, 12, 4.4], "texture": "#0"}
			}
		},
		{
			"from": [4.63162, 8.66794, 2.35021],
			"to": [5.61849, 9.65481, 3.33708],
			"rotation": {"angle": 45, "axis": "y", "origin": [5.26804, 9.16138, 2.27351]},
			"faces": {
				"north": {"uv": [11.2, 3.2, 11.8, 3.8], "texture": "#0"},
				"east": {"uv": [4, 11.2, 4.6, 11.8], "texture": "#0"},
				"west": {"uv": [11.2, 4, 11.8, 4.6], "texture": "#0"},
				"up": {"uv": [5.4, 11.8, 4.8, 11.2], "texture": "#0"},
				"down": {"uv": [11.8, 4.8, 11.2, 5.4], "texture": "#0"}
			}
		},
		{
			"from": [4.75925, 8.78637, 1.84947],
			"to": [5.50927, 9.53639, 2.59949],
			"rotation": {"angle": 22.5, "axis": "y", "origin": [5.26804, 9.16138, 2.27351]},
			"faces": {
				"north": {"uv": [12, 7.2, 12.4, 7.6], "texture": "#0"},
				"east": {"uv": [8, 12, 8.4, 12.4], "texture": "#0"},
				"west": {"uv": [12, 8, 12.4, 8.4], "texture": "#0"},
				"up": {"uv": [9.2, 12.4, 8.8, 12], "texture": "#0"},
				"down": {"uv": [12.4, 8.8, 12, 9.2], "texture": "#0"}
			}
		},
		{
			"from": [4.65849, 8.85387, 1.46175],
			"to": [5.27351, 9.46888, 2.07677],
			"rotation": {"angle": 0, "axis": "y", "origin": [5.26804, 9.16138, 2.27351]},
			"faces": {
				"north": {"uv": [5.6, 12, 6, 12.4], "texture": "#0"},
				"east": {"uv": [12, 5.6, 12.4, 6], "texture": "#0"},
				"west": {"uv": [6.4, 12, 6.8, 12.4], "texture": "#0"},
				"up": {"uv": [12.4, 6.8, 12, 6.4], "texture": "#0"},
				"down": {"uv": [7.6, 12, 7.2, 12.4], "texture": "#0"}
			}
		},
		{
			"from": [3.22479, 8.69201, 3.4826],
			"to": [5.63179, 9.65481, 4.4454],
			"rotation": {"angle": 0, "axis": "y", "origin": [4.42829, 9.17341, 3.964]},
			"faces": {
				"north": {"uv": [5.6, 9.6, 7.2, 10.2], "texture": "#0"},
				"east": {"uv": [0.8, 11.2, 1.4, 11.8], "texture": "#0"},
				"south": {"uv": [9.6, 6.4, 11.2, 7], "texture": "#0"},
				"west": {"uv": [11.2, 0.8, 11.8, 1.4], "texture": "#0"},
				"up": {"uv": [8.8, 10.2, 7.2, 9.6], "texture": "#0"},
				"down": {"uv": [11.2, 7.2, 9.6, 7.8], "texture": "#0"}
			}
		},
		{
			"from": [9.702, 8.57166, 2.6875],
			"to": [12.109, 9.77516, 3.891],
			"rotation": {"angle": -45, "axis": "y", "origin": [9.702, 8.57166, 2.6875]},
			"faces": {
				"north": {"uv": [4.8, 8.8, 3.2, 9.6], "texture": "#0"},
				"east": {"uv": [11.2, 5.6, 10.4, 6.4], "texture": "#0"},
				"south": {"uv": [10.4, 3.2, 8.8, 4], "texture": "#0"},
				"west": {"uv": [6.4, 10.4, 5.6, 11.2], "texture": "#0"},
				"up": {"uv": [8.8, 4.8, 10.4, 4], "texture": "#0"},
				"down": {"uv": [4.8, 8.8, 6.4, 9.6], "texture": "#0"}
			}
		},
		{
			"from": [10.36821, 8.69201, 3.4826],
			"to": [12.77521, 9.65481, 4.4454],
			"rotation": {"angle": 0, "axis": "y", "origin": [11.57171, 9.17341, 3.964]},
			"faces": {
				"north": {"uv": [7.2, 9.6, 5.6, 10.2], "texture": "#0"},
				"east": {"uv": [11.8, 0.8, 11.2, 1.4], "texture": "#0"},
				"south": {"uv": [11.2, 6.4, 9.6, 7], "texture": "#0"},
				"west": {"uv": [1.4, 11.2, 0.8, 11.8], "texture": "#0"},
				"up": {"uv": [7.2, 10.2, 8.8, 9.6], "texture": "#0"},
				"down": {"uv": [9.6, 7.2, 11.2, 7.8], "texture": "#0"}
			}
		},
		{
			"from": [10.38151, 8.66794, 2.35021],
			"to": [11.36838, 9.65481, 3.33708],
			"rotation": {"angle": -45, "axis": "y", "origin": [10.73196, 9.16138, 2.27351]},
			"faces": {
				"north": {"uv": [11.8, 3.2, 11.2, 3.8], "texture": "#0"},
				"east": {"uv": [11.8, 4, 11.2, 4.6], "texture": "#0"},
				"west": {"uv": [4.6, 11.2, 4, 11.8], "texture": "#0"},
				"up": {"uv": [4.8, 11.8, 5.4, 11.2], "texture": "#0"},
				"down": {"uv": [11.2, 4.8, 11.8, 5.4], "texture": "#0"}
			}
		},
		{
			"from": [10.49073, 8.78637, 1.84947],
			"to": [11.24075, 9.53639, 2.59949],
			"rotation": {"angle": -22.5, "axis": "y", "origin": [10.73196, 9.16138, 2.27351]},
			"faces": {
				"north": {"uv": [12.4, 7.2, 12, 7.6], "texture": "#0"},
				"east": {"uv": [12.4, 8, 12, 8.4], "texture": "#0"},
				"west": {"uv": [8.4, 12, 8, 12.4], "texture": "#0"},
				"up": {"uv": [8.8, 12.4, 9.2, 12], "texture": "#0"},
				"down": {"uv": [12, 8.8, 12.4, 9.2], "texture": "#0"}
			}
		},
		{
			"from": [10.72649, 8.85387, 1.46175],
			"to": [11.34151, 9.46888, 2.07677],
			"rotation": {"angle": 0, "axis": "y", "origin": [10.73196, 9.16138, 2.27351]},
			"faces": {
				"north": {"uv": [6, 12, 5.6, 12.4], "texture": "#0"},
				"east": {"uv": [6.8, 12, 6.4, 12.4], "texture": "#0"},
				"west": {"uv": [12.4, 5.6, 12, 6], "texture": "#0"},
				"up": {"uv": [12, 6.8, 12.4, 6.4], "texture": "#0"},
				"down": {"uv": [7.2, 12, 7.6, 12.4], "texture": "#0"}
			}
		},
		{
			"from": [12.22935, 8.57166, 2.6875],
			"to": [14.63635, 9.77516, 3.891],
			"rotation": {"angle": -45, "axis": "y", "origin": [12.22935, 8.57166, 2.6875]},
			"faces": {
				"north": {"uv": [8, 8.8, 6.4, 9.6], "texture": "#0"},
				"east": {"uv": [8, 10.4, 7.2, 11.2], "texture": "#0"},
				"south": {"uv": [9.6, 8.8, 8, 9.6], "texture": "#0"},
				"west": {"uv": [7.2, 10.4, 6.4, 11.2], "texture": "#0"},
				"up": {"uv": [9.6, 0.8, 11.2, 0], "texture": "#0"},
				"down": {"uv": [9.6, 0.8, 11.2, 1.6], "texture": "#0"}
			}
		},
		{
			"from": [14.3891, 8.67998, 3.14703],
			"to": [15.37597, 9.66685, 4.1339],
			"rotation": {"angle": -45, "axis": "y", "origin": [12.53571, 8.67998, 3.14703]},
			"faces": {
				"north": {"uv": [2.2, 11.2, 1.6, 11.8], "texture": "#0"},
				"east": {"uv": [3, 11.2, 2.4, 11.8], "texture": "#0"},
				"south": {"uv": [11.8, 1.6, 11.2, 2.2], "texture": "#0"},
				"up": {"uv": [11.2, 3, 11.8, 2.4], "texture": "#0"},
				"down": {"uv": [3.2, 11.2, 3.8, 11.8], "texture": "#0"}
			}
		},
		{
			"from": [14.08155, 8.7984, 5.14999],
			"to": [14.83157, 9.54842, 5.90001],
			"rotation": {"angle": 22.5, "axis": "y", "origin": [14.69726, 9.17341, 6.0064]},
			"faces": {
				"east": {"uv": [2, 12, 1.6, 12.4], "texture": "#0"},
				"south": {"uv": [12.4, 0.8, 12, 1.2], "texture": "#0"},
				"west": {"uv": [1.2, 12, 0.8, 12.4], "texture": "#0"},
				"up": {"uv": [12, 2, 12.4, 1.6], "texture": "#0"},
				"down": {"uv": [2.4, 12, 2.8, 12.4], "texture": "#0"}
			}
		},
		{
			"from": [14.14284, 8.86591, 5.8564],
			"to": [14.75786, 9.48092, 6.47141],
			"rotation": {"angle": 0, "axis": "y", "origin": [14.75123, 9.17341, 6.76565]},
			"faces": {
				"east": {"uv": [12.4, 3.2, 12, 3.6], "texture": "#0"},
				"south": {"uv": [3.6, 12, 3.2, 12.4], "texture": "#0"},
				"west": {"uv": [12.4, 2.4, 12, 2.8], "texture": "#0"},
				"up": {"uv": [4, 12.4, 4.4, 12], "texture": "#0"},
				"down": {"uv": [12, 4, 12.4, 4.4], "texture": "#0"}
			}
		},
		{
			"from": [7.73523, 9.05908, 10.69584],
			"to": [8.26477, 9.58862, 10.96061],
			"rotation": {"angle": -45, "axis": "z", "origin": [8, 9.32385, 10.69584]},
			"faces": {
				"north": {"uv": [4.8, 12, 5.2, 12.4], "texture": "#0"},
				"east": {"uv": [2.4, 12.8, 2.6, 13.2], "texture": "#0"},
				"south": {"uv": [12, 4.8, 12.4, 5.2], "texture": "#0"},
				"west": {"uv": [12.8, 2.4, 13, 2.8], "texture": "#0"},
				"up": {"uv": [3.6, 13, 3.2, 12.8], "texture": "#0"},
				"down": {"uv": [13.2, 3.2, 12.8, 3.4], "texture": "#0"}
			}
		},
		{
			"from": [14.38075, -4.63943, 5.99001],
			"to": [18.61925, -4.63943, 6.49001],
			"rotation": {"angle": 45, "axis": "z", "origin": [0.23791, -3.15851, 4.46142]},
			"faces": {
				"north": {"uv": [0, 0, 11, 0], "texture": "#1"},
				"east": {"uv": [0, 0, 4, 0], "texture": "#1"},
				"south": {"uv": [0, 0, 11, 0], "texture": "#1"},
				"west": {"uv": [0, 0, 4, 0], "texture": "#1"},
				"up": {"uv": [7, 1, 0, 0], "texture": "#1"},
				"down": {"uv": [11, 4, 0, 8], "texture": "#1"}
			}
		},
		{
			"from": [-2.8, -4, 5.99001],
			"to": [1.4385, -4, 6.49001],
			"rotation": {"angle": -45, "axis": "z", "origin": [15.76209, -3.15851, 4.46142]},
			"faces": {
				"north": {"uv": [11, 0, 0, 0], "texture": "#1"},
				"east": {"uv": [4, 0, 0, 0], "texture": "#1"},
				"south": {"uv": [11, 0, 0, 0], "texture": "#1"},
				"west": {"uv": [4, 0, 0, 0], "texture": "#1"},
				"up": {"uv": [0, 1, 7, 0], "texture": "#1"},
				"down": {"uv": [0, 0, 7, 1], "texture": "#1"}
			}
		},
		{
			"from": [-2.61925, 8.9, 18.99001],
			"to": [1.61925, 8.9, 19.49001],
			"rotation": {"angle": -45, "axis": "y", "origin": [15.76209, 9.84149, 17.46142]},
			"faces": {
				"north": {"uv": [11, 0, 0, 0], "texture": "#1"},
				"east": {"uv": [4, 0, 0, 0], "texture": "#1"},
				"south": {"uv": [11, 0, 0, 0], "texture": "#1"},
				"west": {"uv": [4, 0, 0, 0], "texture": "#1"},
				"up": {"uv": [0, 1, 7, 0], "texture": "#1"},
				"down": {"uv": [0, 4, 11, 8], "texture": "#1"}
			}
		}
	],
	"gui_light": "front",
	"display": {
		"thirdperson_righthand": {
			"translation": [0, 1.5, -1.5],
			"scale": [1.53125, 1.39258, 1.55664]
		},
		"thirdperson_lefthand": {
			"translation": [0, 1.5, -1.5],
			"scale": [1.53125, 1.39258, 1.55664]
		},
		"firstperson_righthand": {
			"rotation": [7.39, 4.13, 25.72],
			"translation": [1, 2.5, 0],
			"scale": [1.31055, 1.31055, 1.31055]
		},
		"firstperson_lefthand": {
			"rotation": [7.39, 4.13, 25.72],
			"translation": [1, 2.5, 0],
			"scale": [1.31055, 1.31055, 1.31055]
		},
		"ground": {
			"rotation": [-76, -96, -76],
			"translation": [0, 0.5, 0],
			"scale": [1.59, 1.55, 1.59]
		},
		"gui": {
			"rotation": [59, -43, 8.71],
			"translation": [-0.5, 0.25, 0],
			"scale": [0.90836, 0.82734, 0.84414]
		},
		"head": {
			"rotation": [90, 51.75, -179.81],
			"translation": [-2.25, -53, 6.25],
			"scale": [2.3, 2.21, 2.30727]
		},
		"fixed": {
			"rotation": [-124.75, 0, 0],
			"translation": [0, -5.25, -5.25],
			"scale": [4, 4, 4]
		}
	},
	"groups": [
		{
			"name": "crossbow",
			"origin": [8, 8, 8],
			"color": 0,
			"children": [0, 1, 2, 3, 4, 5, 6, 7, 8, 9, 10, 11, 12, 13, 14, 15, 16, 17, 18, 19, 20, 21, 22, 23, 24, 25, 26, 27, 28, 29, 30, 31, 32, 33]
		}
	]
}