{
	"credit": "Made with Blockbench",
	"texture_size": [32, 32],
	"textures": {
		"0": "./tanduk",
		"1": "./mata",
		"2": "./mata1",
		"3": "./satananim",
		"particle": "./tanduk"
	},
	"elements": [
		{
			"from": [0, 7, -9],
			"to": [2, 13, -7],
			"rotation": {"angle": 22.5, "axis": "x", "origin": [-1, -1, 0]},
			"faces": {
				"north": {"uv": [11.5, 9, 12.5, 12], "texture": "#0"},
				"east": {"uv": [0, 12, 1, 15], "texture": "#0"},
				"south": {"uv": [12, 0, 13, 3], "texture": "#0"},
				"west": {"uv": [1, 12, 2, 15], "texture": "#0"},
				"up": {"uv": [13.5, 12, 12.5, 11], "texture": "#0"},
				"down": {"uv": [14, 0, 13, 1], "texture": "#0"}
			}
		},
		{
			"from": [-1, -1, -1],
			"to": [3, 7, 5],
			"rotation": {"angle": -45, "axis": "x", "origin": [-1, -1, 0]},
			"faces": {
				"north": {"uv": [8, 0, 6, 4], "texture": "#0"},
				"east": {"uv": [0, 0, 3, 4], "texture": "#0"},
				"south": {"uv": [6, 4, 8, 8], "texture": "#0"},
				"west": {"uv": [3, 0, 6, 4], "texture": "#0"},
				"up": {"uv": [4, 11, 2, 8], "texture": "#0"},
				"down": {"uv": [6, 8, 4, 11], "texture": "#0"}
			}
		},
		{
			"from": [-0.3, 4.5, -6],
			"to": [2.2, 10.5, -2],
			"rotation": {"angle": 0, "axis": "y", "origin": [-1, -1, 0]},
			"faces": {
				"north": {"uv": [8, 10, 9.5, 13], "texture": "#0"},
				"east": {"uv": [8, 4, 10, 7], "texture": "#0"},
				"south": {"uv": [10, 9, 11.5, 12], "texture": "#0"},
				"west": {"uv": [6, 8, 8, 11], "texture": "#0"},
				"up": {"uv": [6.5, 13, 5, 11], "texture": "#0"},
				"down": {"uv": [8, 11, 6.5, 13], "texture": "#0"}
			}
		},
		{
			"from": [10.5, 7, -9],
			"to": [12.5, 13, -7],
			"rotation": {"angle": 22.5, "axis": "x", "origin": [9, -1, 0]},
			"faces": {
				"north": {"uv": [11.5, 9, 12.5, 12], "texture": "#0"},
				"east": {"uv": [0, 12, 1, 15], "texture": "#0"},
				"south": {"uv": [12, 0, 13, 3], "texture": "#0"},
				"west": {"uv": [1, 12, 2, 15], "texture": "#0"},
				"up": {"uv": [13.5, 12, 12.5, 11], "texture": "#0"},
				"down": {"uv": [14, 0, 13, 1], "texture": "#0"}
			}
		},
		{
			"from": [9.5, -1, -1],
			"to": [13.5, 7, 5],
			"rotation": {"angle": -45, "axis": "x", "origin": [9, -1, 0]},
			"faces": {
				"north": {"uv": [6, 0, 8, 4], "texture": "#0"},
				"east": {"uv": [0, 0, 3, 4], "texture": "#0"},
				"south": {"uv": [6, 4, 8, 8], "texture": "#0"},
				"west": {"uv": [3, 0, 6, 4], "texture": "#0"},
				"up": {"uv": [2, 11, 4, 8], "texture": "#0"},
				"down": {"uv": [6, 8, 4, 11], "texture": "#0"}
			}
		},
		{
			"from": [10.2, 4.5, -6],
			"to": [12.7, 10.5, -2],
			"rotation": {"angle": 0, "axis": "y", "origin": [9, -1, 0]},
			"faces": {
				"north": {"uv": [8, 10, 9.5, 13], "texture": "#0"},
				"east": {"uv": [8, 4, 10, 7], "texture": "#0"},
				"south": {"uv": [10, 9, 11.5, 12], "texture": "#0"},
				"west": {"uv": [6, 8, 8, 11], "texture": "#0"},
				"up": {"uv": [6.5, 13, 5, 11], "texture": "#0"},
				"down": {"uv": [8, 11, 6.5, 13], "texture": "#0"}
			}
		},
		{
			"from": [0.8, -5.11, -2],
			"to": [4.6, -1.21, -2],
			"faces": {
				"north": {"uv": [0, 0, 16, 16], "texture": "#1"},
				"east": {"uv": [0, 0, 1, 1], "texture": "#1"},
				"south": {"uv": [0, 0, 1, 1], "texture": "#1"},
				"west": {"uv": [0, 0, 1, 1], "texture": "#1"},
				"up": {"uv": [0, 0, 1, 1], "texture": "#1"},
				"down": {"uv": [0, 0, 1, 1], "texture": "#1"}
			}
		},
		{
			"from": [1.98, -6.4, -2.05],
			"to": [7.98, -0.4, -2.05],
			"faces": {
				"north": {"uv": [16, 16, 0, 0], "rotation": 180, "texture": "#2"},
				"east": {"uv": [0, 0, 0, 2], "texture": "#2"},
				"south": {"uv": [0, 0, 1, 1], "texture": "#2"},
				"west": {"uv": [0, 0, 1, 1], "texture": "#2"},
				"up": {"uv": [0, 0, 1, 1], "texture": "#2"},
				"down": {"uv": [0, 0, 1, 1], "texture": "#2"}
			}
		},
		{
			"from": [7.8, -5.11, -2],
			"to": [11.6, -1.21, -2],
			"faces": {
				"north": {"uv": [16, 0, 0, 16], "texture": "#1"},
				"east": {"uv": [0, 0, 1, 1], "texture": "#1"},
				"south": {"uv": [0, 0, 1, 1], "texture": "#1"},
				"west": {"uv": [0, 0, 1, 1], "texture": "#1"},
				"up": {"uv": [0, 0, 1, 1], "texture": "#1"},
				"down": {"uv": [0, 0, 1, 1], "texture": "#1"}
			}
		},
		{
			"from": [4.42, -6.4, -2.05],
			"to": [10.42, -0.4, -2.05],
			"faces": {
				"north": {"uv": [0, 16, 16, 0], "rotation": 180, "texture": "#2"},
				"east": {"uv": [0, 0, 0, 2], "texture": "#2"},
				"south": {"uv": [0, 0, 0, 0], "texture": "#2"},
				"west": {"uv": [0, 0, 1, 1], "texture": "#2"},
				"up": {"uv": [0, 0, 1, 1], "texture": "#2"},
				"down": {"uv": [0, 0, 1, 1], "texture": "#2"}
			}
		},
		{
			"from": [-2, 9, -8],
			"to": [4, 18, -8],
			"rotation": {"angle": 22.5, "axis": "x", "origin": [0, 0, 0]},
			"faces": {
				"north": {"uv": [10, 6, 4, 16], "texture": "#3"},
				"east": {"uv": [0, 0, 0, 4], "texture": "#3"},
				"south": {"uv": [4, 6, 10, 16], "texture": "#3"},
				"west": {"uv": [0, 0, 0, 4], "texture": "#3"},
				"up": {"uv": [0, 0, 3, 0], "texture": "#3"},
				"down": {"uv": [0, 0, 3, 0], "texture": "#3"}
			}
		},
		{
			"from": [8.5, 9, -8],
			"to": [14.5, 18, -8],
			"rotation": {"angle": 22.5, "axis": "x", "origin": [0, 0, 0]},
			"faces": {
				"north": {"uv": [4, 6, 10, 16], "texture": "#3"},
				"east": {"uv": [0, 0, 0, 4], "texture": "#3"},
				"south": {"uv": [10, 6, 4, 16], "texture": "#3"},
				"west": {"uv": [0, 0, 0, 4], "texture": "#3"},
				"up": {"uv": [0, 0, 3, 0], "texture": "#3"},
				"down": {"uv": [0, 0, 3, 0], "texture": "#3"}
			}
		}
	],
	"display": {
		"thirdperson_righthand": {
			"translation": [0.75, 3.75, 7.25],
			"scale": [0.5, 0.5, 0.5]
		},
		"thirdperson_lefthand": {
			"translation": [0.75, 3.75, 7.25],
			"scale": [0.5, 0.5, 0.5]
		},
		"firstperson_righthand": {
			"rotation": [0, 159, 0],
			"translation": [9.75, 11.5, -23]
		},
		"firstperson_lefthand": {
			"rotation": [0, 159, 0],
			"translation": [17.5, 8.5, -23]
		},
		"ground": {
			"translation": [1.75, 11, 7]
		},
		"gui": {
			"rotation": [31, 143, 0],
			"translation": [3, 3.5, 0],
			"scale": [0.6, 0.6, 0.6]
		},
		"head": {
			"translation": [1.75, 11.5, 3.5]
		},
		"fixed": {
			"translation": [1.5, 10.5, 5.25]
		}
	},
	"groups": [
		{
			"name": "group",
			"origin": [0, 0, 0],
			"color": 0,
			"children": [0, 1, 2]
		},
		{
			"name": "group",
			"origin": [0, 0, 0],
			"color": 0,
			"children": [3, 4, 5]
		},
		{
			"name": "group",
			"origin": [8, 8, 8],
			"color": 0,
			"children": [6, 7]
		},
		{
			"name": "group",
			"origin": [8, 8, 8],
			"color": 0,
			"children": [8, 9]
		},
		10,
		11
	]
}