{"textures":{"3":"modelengine:entity/main","6":"modelengine:entity/blade"},"elements":[{"from":[17.39476,4.6818876,6.5368404],"to":[18.940416,4.950232,7.6967516],"faces":{"east":{"uv":[9.75,5.25,10.375,5.40625],"tintindex":0,"rotation":0,"texture":"#3"},"south":{"uv":[3.75,9.25,4.59375,9.40625],"tintindex":0,"rotation":0,"texture":"#3"},"north":{"uv":[9.0,6.0,9.84375,6.15625],"tintindex":0,"rotation":0,"texture":"#3"},"west":{"uv":[9.75,7.75,10.375,7.90625],"tintindex":0,"rotation":0,"texture":"#3"},"up":{"uv":[3.34375,4.625,2.5,4.0],"tintindex":0,"rotation":0,"texture":"#3"},"down":{"uv":[4.34375,4.0,3.5,4.625],"tintindex":0,"rotation":0,"texture":"#3"}}},{"from":[16.994251,5.0897684,6.411054],"to":[19.302002,6.6354246,7.8607774],"faces":{"east":{"uv":[3.25,3.0,4.03125,3.84375],"tintindex":0,"rotation":0,"texture":"#3"},"south":{"uv":[1.75,1.0,3.0,1.84375],"tintindex":0,"rotation":0,"texture":"#3"},"north":{"uv":[1.75,0.0,3.0,0.84375],"tintindex":0,"rotation":0,"texture":"#3"},"west":{"uv":[3.75,2.0,4.53125,2.84375],"tintindex":0,"rotation":0,"texture":"#3"},"up":{"uv":[1.25,2.78125,0.0,2.0],"tintindex":0,"rotation":0,"texture":"#3"},"down":{"uv":[2.5,2.0,1.25,2.78125],"tintindex":0,"rotation":0,"texture":"#3"}}},{"from":[17.492155,6.43786,6.400573],"to":[18.802425,7.1506467,7.8932304],"faces":{"east":{"uv":[5.5,1.25,6.3125,1.625],"tintindex":0,"rotation":0,"texture":"#3"},"south":{"uv":[2.25,6.25,2.96875,6.625],"tintindex":0,"rotation":0,"texture":"#3"},"north":{"uv":[0.0,6.25,0.71875,6.625],"tintindex":0,"rotation":0,"texture":"#3"},"west":{"uv":[5.5,1.75,6.3125,2.125],"tintindex":0,"rotation":0,"texture":"#3"},"up":{"uv":[0.71875,4.8125,0.0,4.0],"tintindex":0,"rotation":0,"texture":"#3"},"down":{"uv":[1.46875,4.0,0.75,4.8125],"tintindex":0,"rotation":0,"texture":"#3"}}},{"from":[14.251062,6.0681615,7.0190177],"to":[23.018353,20.662743,7.0190177],"faces":{"south":{"uv":[5.4375,0.53125,9.24219,8.10938],"tintindex":0,"rotation":0,"texture":"#6"},"north":{"uv":[5.04688,0.53125,8.82031,8.10938],"tintindex":0,"rotation":0,"texture":"#6"}}},{"from":[17.39476,4.4135427,6.620696],"to":[18.940416,4.6818876,7.6437583],"faces":{"east":{"uv":[4.0,10.0,4.5625,10.15625],"tintindex":0,"rotation":0,"texture":"#3"},"south":{"uv":[9.25,4.0,10.09375,4.15625],"tintindex":0,"rotation":0,"texture":"#3"},"north":{"uv":[9.25,3.75,10.09375,3.90625],"tintindex":0,"rotation":0,"texture":"#3"},"west":{"uv":[10.0,4.25,10.5625,4.40625],"tintindex":0,"rotation":0,"texture":"#3"},"up":{"uv":[5.09375,0.5625,4.25,0.0],"tintindex":0,"rotation":0,"texture":"#3"},"down":{"uv":[5.09375,0.75,4.25,1.3125],"tintindex":0,"rotation":0,"texture":"#3"}}},{"from":[17.260593,4.9394984,6.411054],"to":[19.074589,5.0897684,7.8607774],"faces":{"east":{"uv":[10.5,1.5,11.28125,1.59375],"tintindex":0,"rotation":0,"texture":"#3"},"south":{"uv":[9.75,9.25,10.71875,9.34375],"tintindex":0,"rotation":0,"texture":"#3"},"north":{"uv":[9.0,9.75,9.96875,9.84375],"tintindex":0,"rotation":0,"texture":"#3"},"west":{"uv":[10.5,3.0,11.28125,3.09375],"tintindex":0,"rotation":0,"texture":"#3"},"up":{"uv":[2.21875,3.78125,1.25,3.0],"tintindex":0,"rotation":0,"texture":"#3"},"down":{"uv":[3.21875,3.0,2.25,3.78125],"tintindex":0,"rotation":0,"texture":"#3"}}}],"display":{"gui":{"rotation":[30,225,0]}}}