{"textures":{"2":"modelengine:entity/main"},"elements":[{"from":[24.496304,7.215126,21.08],"to":[25.7553,8.24366,21.08],"faces":{"south":{"uv":[3.0,0.0,4.0625,0.84375],"tintindex":0,"rotation":0,"texture":"#2"},"north":{"uv":[3.0,1.0,4.0625,1.84375],"tintindex":0,"rotation":0,"texture":"#2"}},"rotation":{"origin":[20.922491,11.355957,21.271313],"angle":-45.0,"axis":"z"}},{"from":[18.799877,9.814174,21.008707],"to":[19.399878,10.166893,21.166433],"faces":{"east":{"uv":[7.5,11.0,7.625,11.28125],"tintindex":0,"rotation":0,"texture":"#2"},"south":{"uv":[9.0,4.5,9.5,4.78125],"tintindex":0,"rotation":0,"texture":"#2"},"north":{"uv":[9.0,5.5,9.5,5.78125],"tintindex":0,"rotation":0,"texture":"#2"},"west":{"uv":[11.0,7.25,11.125,7.53125],"tintindex":0,"rotation":0,"texture":"#2"},"up":{"uv":[11.25,2.625,10.75,2.5],"tintindex":0,"rotation":0,"texture":"#2"},"down":{"uv":[3.25,10.75,2.75,10.875],"tintindex":0,"rotation":0,"texture":"#2"}},"rotation":{"origin":[16.05273,6.1656427,21.23389],"angle":-45.0,"axis":"z"}},{"from":[19.710203,6.7438765,20.862835],"to":[20.310204,7.0438766,21.283434],"faces":{"east":{"uv":[10.25,0.0,10.59375,0.25],"tintindex":0,"rotation":0,"texture":"#2"},"south":{"uv":[5.75,1.0,6.25,1.25],"tintindex":0,"rotation":0,"texture":"#2"},"north":{"uv":[0.75,6.25,1.25,6.5],"tintindex":0,"rotation":0,"texture":"#2"},"west":{"uv":[10.0,6.0,10.34375,6.25],"tintindex":0,"rotation":0,"texture":"#2"},"up":{"uv":[8.25,8.59375,7.75,8.25],"tintindex":0,"rotation":0,"texture":"#2"},"down":{"uv":[8.75,7.75,8.25,8.09375],"tintindex":0,"rotation":0,"texture":"#2"}},"rotation":{"origin":[20.398075,6.8139668,21.221296],"angle":-22.5,"axis":"z"}},{"from":[23.569805,7.533016,20.862831],"to":[23.959805,8.05877,21.283434],"faces":{"east":{"uv":[9.0,0.5,9.34375,0.9375],"tintindex":0,"rotation":0,"texture":"#2"},"south":{"uv":[9.25,2.0,9.5625,2.4375],"tintindex":0,"rotation":0,"texture":"#2"},"north":{"uv":[9.25,2.5,9.5625,2.9375],"tintindex":0,"rotation":0,"texture":"#2"},"west":{"uv":[9.0,0.0,9.34375,0.4375],"tintindex":0,"rotation":0,"texture":"#2"},"up":{"uv":[6.0625,10.09375,5.75,9.75],"tintindex":0,"rotation":0,"texture":"#2"},"down":{"uv":[6.5625,9.75,6.25,10.09375],"tintindex":0,"rotation":0,"texture":"#2"}},"rotation":{"origin":[20.781721,11.37979,21.12091],"angle":-45.0,"axis":"z"}},{"from":[20.308884,6.4124665,20.945557],"to":[20.698883,6.885647,21.208433],"faces":{"east":{"uv":[10.0,0.5,10.21875,0.90625],"tintindex":0,"rotation":0,"texture":"#2"},"south":{"uv":[7.75,9.25,8.0625,9.65625],"tintindex":0,"rotation":0,"texture":"#2"},"north":{"uv":[9.25,7.75,9.5625,8.15625],"tintindex":0,"rotation":0,"texture":"#2"},"west":{"uv":[0.25,10.0,0.46875,10.40625],"tintindex":0,"rotation":0,"texture":"#2"},"up":{"uv":[6.0625,10.71875,5.75,10.5],"tintindex":0,"rotation":0,"texture":"#2"},"down":{"uv":[10.8125,5.75,10.5,5.96875],"tintindex":0,"rotation":0,"texture":"#2"}}},{"from":[18.74061,6.0370564,20.974133],"to":[19.130611,6.510233,21.184433],"faces":{"east":{"uv":[8.5,10.25,8.6875,10.65625],"tintindex":0,"rotation":0,"texture":"#2"},"south":{"uv":[8.75,9.25,9.0625,9.65625],"tintindex":0,"rotation":0,"texture":"#2"},"north":{"uv":[9.25,9.25,9.5625,9.65625],"tintindex":0,"rotation":0,"texture":"#2"},"west":{"uv":[5.0,10.25,5.1875,10.65625],"tintindex":0,"rotation":0,"texture":"#2"},"up":{"uv":[11.0625,4.1875,10.75,4.0],"tintindex":0,"rotation":0,"texture":"#2"},"down":{"uv":[11.0625,4.25,10.75,4.4375],"tintindex":0,"rotation":0,"texture":"#2"}},"rotation":{"origin":[18.776087,11.147213,20.69674],"angle":22.5,"axis":"z"}},{"from":[22.080627,7.430163,20.919983],"to":[22.343506,7.9033394,21.235434],"faces":{"east":{"uv":[9.75,7.25,10.0,7.65625],"tintindex":0,"rotation":0,"texture":"#2"},"south":{"uv":[0.0,10.0,0.21875,10.40625],"tintindex":0,"rotation":0,"texture":"#2"},"north":{"uv":[10.0,0.0,10.21875,0.40625],"tintindex":0,"rotation":0,"texture":"#2"},"west":{"uv":[1.25,5.0,1.5,5.40625],"tintindex":0,"rotation":0,"texture":"#2"},"up":{"uv":[4.96875,7.5,4.75,7.25],"tintindex":0,"rotation":0,"texture":"#2"},"down":{"uv":[6.46875,7.5,6.25,7.75],"tintindex":0,"rotation":0,"texture":"#2"}},"rotation":{"origin":[18.902544,11.276934,21.130466],"angle":-22.5,"axis":"z"}},{"from":[19.706087,6.477783,20.831768],"to":[20.404877,7.0600033,21.304943],"faces":{"east":{"uv":[7.75,6.25,8.15625,6.75],"tintindex":0,"rotation":0,"texture":"#2"},"south":{"uv":[5.75,4.25,6.34375,4.75],"tintindex":0,"rotation":0,"texture":"#2"},"north":{"uv":[5.75,4.75,6.34375,5.25],"tintindex":0,"rotation":0,"texture":"#2"},"west":{"uv":[6.25,7.75,6.65625,8.25],"tintindex":0,"rotation":0,"texture":"#2"},"up":{"uv":[0.59375,7.15625,0.0,6.75],"tintindex":0,"rotation":0,"texture":"#2"},"down":{"uv":[2.84375,6.75,2.25,7.15625],"tintindex":0,"rotation":0,"texture":"#2"}}}],"display":{"gui":{"rotation":[30,225,0]}}}