{"textures":{"2":"modelengine:entity/main"},"elements":[{"from":[7.03312,7.7666206,17.04472],"to":[8.38312,9.116623,18.28672],"faces":{"east":{"uv":[6.25,9.25,6.59375,9.625],"tintindex":0,"rotation":0,"texture":"#2"},"south":{"uv":[9.0,8.75,9.375,9.125],"tintindex":0,"rotation":0,"texture":"#2"},"north":{"uv":[9.0,8.25,9.375,8.625],"tintindex":0,"rotation":0,"texture":"#2"},"west":{"uv":[9.25,6.25,9.59375,6.625],"tintindex":0,"rotation":0,"texture":"#2"},"up":{"uv":[7.125,9.59375,6.75,9.25],"tintindex":0,"rotation":0,"texture":"#2"},"down":{"uv":[9.625,6.75,9.25,7.09375],"tintindex":0,"rotation":0,"texture":"#2"}}},{"from":[7.07098,5.3983536,16.95634],"to":[8.87098,6.2983513,18.20734],"faces":{"east":{"uv":[0.5,10.25,0.84375,10.5],"tintindex":0,"rotation":0,"texture":"#2"},"south":{"uv":[6.5,2.0,7.0,2.25],"tintindex":0,"rotation":0,"texture":"#2"},"north":{"uv":[7.25,1.75,7.75,2.0],"tintindex":0,"rotation":0,"texture":"#2"},"west":{"uv":[10.25,0.25,10.59375,0.5],"tintindex":0,"rotation":0,"texture":"#2"},"up":{"uv":[8.75,8.59375,8.25,8.25],"tintindex":0,"rotation":0,"texture":"#2"},"down":{"uv":[9.0,0.0,8.5,0.34375],"tintindex":0,"rotation":0,"texture":"#2"}}},{"from":[6.9196,8.040691,17.191349],"to":[8.2696,13.440693,18.09135],"faces":{"east":{"uv":[2.75,4.75,3.0,6.25],"tintindex":0,"rotation":0,"texture":"#2"},"south":{"uv":[1.5,4.0,1.875,5.5],"tintindex":0,"rotation":0,"texture":"#2"},"north":{"uv":[2.0,4.0,2.375,5.5],"tintindex":0,"rotation":0,"texture":"#2"},"west":{"uv":[2.5,4.75,2.75,6.25],"tintindex":0,"rotation":0,"texture":"#2"},"up":{"uv":[8.125,10.0,7.75,9.75],"tintindex":0,"rotation":0,"texture":"#2"},"down":{"uv":[10.125,8.0,9.75,8.25],"tintindex":0,"rotation":0,"texture":"#2"}}},{"from":[7.70098,5.9573708,17.14534],"to":[8.87098,6.8573723,18.04534],"faces":{"east":{"uv":[5.5,2.75,5.75,3.0],"tintindex":0,"rotation":0,"texture":"#2"},"south":{"uv":[10.25,2.75,10.5625,3.0],"tintindex":0,"rotation":0,"texture":"#2"},"north":{"uv":[4.5,10.25,4.8125,10.5],"tintindex":0,"rotation":0,"texture":"#2"},"west":{"uv":[5.0,5.25,5.25,5.5],"tintindex":0,"rotation":0,"texture":"#2"},"up":{"uv":[10.5625,5.25,10.25,5.0],"tintindex":0,"rotation":0,"texture":"#2"},"down":{"uv":[6.0625,10.25,5.75,10.5],"tintindex":0,"rotation":0,"texture":"#2"}}},{"from":[6.8036103,4.491932,17.32534],"to":[7.70361,5.8419304,17.84734],"faces":{"east":{"uv":[5.0,10.75,5.15625,11.125],"tintindex":0,"rotation":0,"texture":"#2"},"south":{"uv":[8.5,9.75,8.75,10.125],"tintindex":0,"rotation":0,"texture":"#2"},"north":{"uv":[8.75,9.75,9.0,10.125],"tintindex":0,"rotation":0,"texture":"#2"},"west":{"uv":[4.25,10.75,4.40625,11.125],"tintindex":0,"rotation":0,"texture":"#2"},"up":{"uv":[5.5,11.15625,5.25,11.0],"tintindex":0,"rotation":0,"texture":"#2"},"down":{"uv":[11.25,5.25,11.0,5.40625],"tintindex":0,"rotation":0,"texture":"#2"}},"rotation":{"origin":[7.35252,4.491932,17.93574],"angle":-22.5,"axis":"z"}},{"from":[5.38177,5.683113,17.03754],"to":[6.73177,8.833111,18.28854],"faces":{"east":{"uv":[4.0,5.5,4.34375,6.375],"tintindex":0,"rotation":0,"texture":"#2"},"south":{"uv":[4.5,5.25,4.875,6.125],"tintindex":0,"rotation":0,"texture":"#2"},"north":{"uv":[1.25,5.5,1.625,6.375],"tintindex":0,"rotation":0,"texture":"#2"},"west":{"uv":[3.5,5.5,3.84375,6.375],"tintindex":0,"rotation":0,"texture":"#2"},"up":{"uv":[5.625,9.59375,5.25,9.25],"tintindex":0,"rotation":0,"texture":"#2"},"down":{"uv":[6.125,9.25,5.75,9.59375],"tintindex":0,"rotation":0,"texture":"#2"}},"rotation":{"origin":[4.84968,11.647491,17.94347],"angle":22.5,"axis":"z"}},{"from":[6.8453903,2.7042618,17.32534],"to":[7.74539,4.701992,17.86534],"faces":{"east":{"uv":[5.5,10.0,5.65625,10.5625],"tintindex":0,"rotation":0,"texture":"#2"},"south":{"uv":[5.0,3.0,5.25,3.5625],"tintindex":0,"rotation":0,"texture":"#2"},"north":{"uv":[2.25,5.5,2.5,6.0625],"tintindex":0,"rotation":0,"texture":"#2"},"west":{"uv":[5.25,10.0,5.40625,10.5625],"tintindex":0,"rotation":0,"texture":"#2"},"up":{"uv":[5.75,11.15625,5.5,11.0],"tintindex":0,"rotation":0,"texture":"#2"},"down":{"uv":[11.25,5.5,11.0,5.65625],"tintindex":0,"rotation":0,"texture":"#2"}}},{"from":[5.76517,13.95422,17.23534],"to":[7.11517,16.863312,17.95534],"faces":{"east":{"uv":[8.5,8.75,8.6875,9.5625],"tintindex":0,"rotation":0,"texture":"#2"},"south":{"uv":[1.75,5.5,2.125,6.3125],"tintindex":0,"rotation":0,"texture":"#2"},"north":{"uv":[3.0,5.5,3.375,6.3125],"tintindex":0,"rotation":0,"texture":"#2"},"west":{"uv":[8.75,8.25,8.9375,9.0625],"tintindex":0,"rotation":0,"texture":"#2"},"up":{"uv":[10.875,4.6875,10.5,4.5],"tintindex":0,"rotation":0,"texture":"#2"},"down":{"uv":[10.875,4.75,10.5,4.9375],"tintindex":0,"rotation":0,"texture":"#2"}},"rotation":{"origin":[5.05153,10.795612,18.10345],"angle":-22.5,"axis":"z"}}],"display":{"gui":{"rotation":[30,225,0]}}}