{"textures":{"2":"modelengine:entity/main"},"elements":[{"from":[1.1666403,8.040691,17.15353],"to":[2.5166402,13.440693,18.05353],"faces":{"east":{"uv":[2.5,4.75,2.75,6.25],"tintindex":0,"rotation":0,"texture":"#2"},"south":{"uv":[2.0,4.0,2.375,5.5],"tintindex":0,"rotation":0,"texture":"#2"},"north":{"uv":[1.5,4.0,1.875,5.5],"tintindex":0,"rotation":0,"texture":"#2"},"west":{"uv":[2.75,4.75,3.0,6.25],"tintindex":0,"rotation":0,"texture":"#2"},"up":{"uv":[8.125,10.0,7.75,9.75],"tintindex":0,"rotation":0,"texture":"#2"},"down":{"uv":[10.125,8.0,9.75,8.25],"tintindex":0,"rotation":0,"texture":"#2"}}},{"from":[1.4796801,5.646591,17.32534],"to":[2.3796802,6.9965935,17.84734],"faces":{"east":{"uv":[4.25,10.75,4.40625,11.125],"tintindex":0,"rotation":0,"texture":"#2"},"south":{"uv":[8.75,9.75,9.0,10.125],"tintindex":0,"rotation":0,"texture":"#2"},"north":{"uv":[8.5,9.75,8.75,10.125],"tintindex":0,"rotation":0,"texture":"#2"},"west":{"uv":[5.0,10.75,5.15625,11.125],"tintindex":0,"rotation":0,"texture":"#2"},"up":{"uv":[5.5,11.15625,5.25,11.0],"tintindex":0,"rotation":0,"texture":"#2"},"down":{"uv":[11.25,5.25,11.0,5.40625],"tintindex":0,"rotation":0,"texture":"#2"}},"rotation":{"origin":[4.87784,5.796383,17.85544],"angle":22.5,"axis":"z"}},{"from":[1.0531201,7.7666206,16.95814],"to":[2.40312,9.116623,18.20014],"faces":{"east":{"uv":[6.25,9.25,6.59375,9.625],"tintindex":0,"rotation":0,"texture":"#2"},"south":{"uv":[9.0,8.75,9.375,9.125],"tintindex":0,"rotation":0,"texture":"#2"},"north":{"uv":[9.0,8.25,9.375,8.625],"tintindex":0,"rotation":0,"texture":"#2"},"west":{"uv":[9.25,6.25,9.59375,6.625],"tintindex":0,"rotation":0,"texture":"#2"},"up":{"uv":[7.125,9.59375,6.75,9.25],"tintindex":0,"rotation":0,"texture":"#2"},"down":{"uv":[9.625,6.75,9.25,7.09375],"tintindex":0,"rotation":0,"texture":"#2"}}},{"from":[2.4735699,5.683113,16.95634],"to":[3.8235703,8.833111,18.20734],"faces":{"east":{"uv":[3.5,5.5,3.84375,6.375],"tintindex":0,"rotation":0,"texture":"#2"},"south":{"uv":[1.25,5.5,1.625,6.375],"tintindex":0,"rotation":0,"texture":"#2"},"north":{"uv":[4.5,5.25,4.875,6.125],"tintindex":0,"rotation":0,"texture":"#2"},"west":{"uv":[4.0,5.5,4.34375,6.375],"tintindex":0,"rotation":0,"texture":"#2"},"up":{"uv":[5.625,9.59375,5.25,9.25],"tintindex":0,"rotation":0,"texture":"#2"},"down":{"uv":[6.125,9.25,5.75,9.59375],"tintindex":0,"rotation":0,"texture":"#2"}},"rotation":{"origin":[4.35567,11.090073,17.4986],"angle":-22.5,"axis":"z"}},{"from":[0.5476904,5.91494,17.14534],"to":[1.71769,6.8149414,18.04534],"faces":{"east":{"uv":[5.0,5.25,5.25,5.5],"tintindex":0,"rotation":0,"texture":"#2"},"south":{"uv":[4.5,10.25,4.8125,10.5],"tintindex":0,"rotation":0,"texture":"#2"},"north":{"uv":[10.25,2.75,10.5625,3.0],"tintindex":0,"rotation":0,"texture":"#2"},"west":{"uv":[5.5,2.75,5.75,3.0],"tintindex":0,"rotation":0,"texture":"#2"},"up":{"uv":[10.5625,5.25,10.25,5.0],"tintindex":0,"rotation":0,"texture":"#2"},"down":{"uv":[6.0625,10.25,5.75,10.5],"tintindex":0,"rotation":0,"texture":"#2"}}},{"from":[0.5453901,5.3983116,16.95634],"to":[2.3453903,6.298313,18.20734],"faces":{"east":{"uv":[10.25,0.25,10.59375,0.5],"tintindex":0,"rotation":0,"texture":"#2"},"south":{"uv":[7.25,1.75,7.75,2.0],"tintindex":0,"rotation":0,"texture":"#2"},"north":{"uv":[6.5,2.0,7.0,2.25],"tintindex":0,"rotation":0,"texture":"#2"},"west":{"uv":[0.5,10.25,0.84375,10.5],"tintindex":0,"rotation":0,"texture":"#2"},"up":{"uv":[8.75,8.59375,8.25,8.25],"tintindex":0,"rotation":0,"texture":"#2"},"down":{"uv":[9.0,0.0,8.5,0.34375],"tintindex":0,"rotation":0,"texture":"#2"}}},{"from":[2.3210702,13.95422,17.23534],"to":[3.67107,16.863312,17.95534],"faces":{"east":{"uv":[8.75,8.25,8.9375,9.0625],"tintindex":0,"rotation":0,"texture":"#2"},"south":{"uv":[3.0,5.5,3.375,6.3125],"tintindex":0,"rotation":0,"texture":"#2"},"north":{"uv":[1.75,5.5,2.125,6.3125],"tintindex":0,"rotation":0,"texture":"#2"},"west":{"uv":[8.5,8.75,8.6875,9.5625],"tintindex":0,"rotation":0,"texture":"#2"},"up":{"uv":[10.875,4.6875,10.5,4.5],"tintindex":0,"rotation":0,"texture":"#2"},"down":{"uv":[10.875,4.75,10.5,4.9375],"tintindex":0,"rotation":0,"texture":"#2"}},"rotation":{"origin":[4.3847103,10.795612,17.222229],"angle":22.5,"axis":"z"}},{"from":[-0.23511982,2.8965302,17.18777],"to":[0.8626404,3.71986,17.956211],"faces":{"east":{"uv":[7.75,2.25,7.96875,2.46875],"tintindex":0,"rotation":0,"texture":"#2"},"south":{"uv":[6.25,10.5,6.5625,10.71875],"tintindex":0,"rotation":0,"texture":"#2"},"north":{"uv":[10.5,6.0,10.8125,6.21875],"tintindex":0,"rotation":0,"texture":"#2"},"west":{"uv":[4.5,7.75,4.71875,7.96875],"tintindex":0,"rotation":0,"texture":"#2"},"up":{"uv":[7.0625,10.71875,6.75,10.5],"tintindex":0,"rotation":0,"texture":"#2"},"down":{"uv":[7.5625,10.5,7.25,10.71875],"tintindex":0,"rotation":0,"texture":"#2"}},"rotation":{"origin":[5.45204,9.597641,17.585781],"angle":22.5,"axis":"z"}},{"from":[1.72716,2.7042198,17.32534],"to":[2.62716,4.701992,17.86534],"faces":{"east":{"uv":[5.25,10.0,5.40625,10.5625],"tintindex":0,"rotation":0,"texture":"#2"},"south":{"uv":[2.25,5.5,2.5,6.0625],"tintindex":0,"rotation":0,"texture":"#2"},"north":{"uv":[5.0,3.0,5.25,3.5625],"tintindex":0,"rotation":0,"texture":"#2"},"west":{"uv":[5.5,10.0,5.65625,10.5625],"tintindex":0,"rotation":0,"texture":"#2"},"up":{"uv":[5.75,11.15625,5.5,11.0],"tintindex":0,"rotation":0,"texture":"#2"},"down":{"uv":[11.25,5.5,11.0,5.65625],"tintindex":0,"rotation":0,"texture":"#2"}}}],"display":{"gui":{"rotation":[30,225,0]}}}