{
	"credit": "Made with Blockbench",
	"textures": {
		"0": "./texture",
		"1": "./Sama",
		"2": "./Gaktau",
		"3": "./Lupa",
		"4": "./Antrna",
		"5": "./Rantai",
		"particle": "./texture"
	},
	"elements": [
		{
			"from": [7, 0, 4.1],
			"to": [11.5, 10, 14],
			"rotation": {"angle": 0, "axis": "y", "origin": [7, 0, 7]},
			"faces": {
				"north": {"uv": [0, 0, 4.5, 6], "texture": "#1"},
				"east": {"uv": [5.5, 9, 10, 14], "texture": "#1"},
				"south": {"uv": [0, 5, 5.5, 10], "texture": "#1"},
				"west": {"uv": [0, 10, 4.5, 15], "texture": "#1"},
				"up": {"uv": [11, 4.5, 5.5, 0], "texture": "#1"},
				"down": {"uv": [11, 4.5, 5.5, 9], "texture": "#1"}
			}
		},
		{
			"from": [5, 0, 4.1],
			"to": [7, 10, 14],
			"rotation": {"angle": 0, "axis": "y", "origin": [5, 0, 7]},
			"faces": {
				"north": {"uv": [14, 0, 16, 5.5], "texture": "#1"},
				"east": {"uv": [5.5, 9, 10, 14], "texture": "#1"},
				"south": {"uv": [0, 5, 5.5, 10], "texture": "#1"},
				"west": {"uv": [0, 10, 4.5, 15], "texture": "#1"},
				"up": {"uv": [11, 4.5, 5.5, 0], "texture": "#1"},
				"down": {"uv": [11, 4.5, 5.5, 9], "texture": "#1"}
			}
		},
		{
			"from": [0.5, 0, 4.1],
			"to": [5, 10, 14],
			"rotation": {"angle": 0, "axis": "y", "origin": [5, 0, 7]},
			"faces": {
				"north": {"uv": [4.5, 0.5, 0, 6], "texture": "#1"},
				"east": {"uv": [4.5, 10, 0, 15], "texture": "#1"},
				"south": {"uv": [5.5, 5, 0, 10], "texture": "#1"},
				"west": {"uv": [10, 9, 5.5, 14], "texture": "#1"},
				"up": {"uv": [5.5, 4.5, 11, 0], "texture": "#1"},
				"down": {"uv": [5.5, 4.5, 11, 9], "texture": "#1"}
			}
		},
		{
			"from": [5, 0, 3],
			"to": [7, 4, 4],
			"rotation": {"angle": 0, "axis": "y", "origin": [7, 0, 6]},
			"faces": {
				"north": {"uv": [0, 0, 2, 4], "texture": "#0"},
				"east": {"uv": [2, 0, 4, 4], "texture": "#0"},
				"south": {"uv": [0, 4, 2, 8], "texture": "#0"},
				"west": {"uv": [4, 0, 6, 4], "texture": "#0"},
				"up": {"uv": [4, 6, 2, 4], "texture": "#0"},
				"down": {"uv": [6, 4, 4, 6], "texture": "#0"}
			}
		},
		{
			"from": [0.5, 8, 0.5],
			"to": [11.5, 10, 3.5],
			"rotation": {"angle": -45, "axis": "x", "origin": [6, 12, 5]},
			"faces": {
				"north": {"uv": [12.5, 15, 1.5, 14], "rotation": 180, "texture": "#0"},
				"east": {"uv": [1, 16, 5, 15], "rotation": 90, "texture": "#0"},
				"south": {"uv": [0, 0, 5.5, 1], "texture": "#0"},
				"west": {"uv": [6, 14, 2, 16], "rotation": 270, "texture": "#0"},
				"up": {"uv": [2, 16, 12, 15], "texture": "#0"},
				"down": {"uv": [0, 0, 5.5, 2], "rotation": 180, "texture": "#0"}
			}
		},
		{
			"from": [3.51, 8.4, 3.2],
			"to": [8.5, 10.4, 5.2],
			"rotation": {"angle": 0, "axis": "x", "origin": [6, 14, 8]},
			"faces": {
				"north": {"uv": [5, 6, 0, 14], "rotation": 180, "texture": "#2"},
				"east": {"uv": [3, 0, 0, 2], "rotation": 90, "texture": "#2"},
				"south": {"uv": [0, 0, 5.5, 1], "texture": "#2"},
				"west": {"uv": [0, 0, 3, 2], "rotation": 270, "texture": "#2"},
				"up": {"uv": [2, 14, 12, 12], "texture": "#2"},
				"down": {"uv": [0, 0, 5.5, 2], "rotation": 180, "texture": "#2"}
			}
		},
		{
			"from": [3.509, 9, 0.5],
			"to": [8.489, 11, 3.5],
			"rotation": {"angle": -45, "axis": "x", "origin": [6, 13, 5]},
			"faces": {
				"north": {"uv": [5, 0, 10, 2], "texture": "#2"},
				"east": {"uv": [5, 4, 8, 6], "texture": "#2"},
				"south": {"uv": [5, 2, 10, 4], "texture": "#2"},
				"west": {"uv": [5, 4, 8, 6], "texture": "#2"},
				"up": {"uv": [5, 3, 0, 0], "texture": "#2"},
				"down": {"uv": [5, 3, 0, 6], "texture": "#2"}
			}
		},
		{
			"from": [3.505, 7.8, 0.5],
			"to": [8.495, 8.8, 3.5],
			"rotation": {"angle": 45, "axis": "x", "origin": [6, 6, 5]},
			"faces": {
				"north": {"uv": [12, 14, 2, 13], "rotation": 180, "texture": "#0"},
				"east": {"uv": [1, 0, 0, 2], "rotation": 90, "texture": "#0"},
				"south": {"uv": [0, 1, 5.5, 0], "texture": "#0"},
				"west": {"uv": [9, 0, 8, 2], "rotation": 270, "texture": "#0"},
				"up": {"uv": [0, 2, 5.5, 0], "rotation": 180, "texture": "#0"},
				"down": {"uv": [2, 13, 12, 14], "texture": "#0"}
			}
		},
		{
			"from": [3.525, 8.2, 3.8],
			"to": [8.525, 11.2, 13.8],
			"rotation": {"angle": 0, "axis": "x", "origin": [6, 7, 2]},
			"faces": {
				"north": {"uv": [10, 0, 15, 3], "texture": "#3"},
				"east": {"uv": [0, 10, 10, 13], "texture": "#3"},
				"south": {"uv": [10, 3, 15, 6], "texture": "#3"},
				"west": {"uv": [0, 10, 10, 13], "texture": "#3"},
				"up": {"uv": [5, 10, 0, 0], "texture": "#3"},
				"down": {"uv": [10, 0, 5, 10], "texture": "#3"}
			}
		},
		{
			"from": [1, 8.2, 9.8],
			"to": [3, 11.2, 11.8],
			"rotation": {"angle": 0, "axis": "x", "origin": [2, 7, 2]},
			"faces": {
				"north": {"uv": [10, 0, 12, 3], "texture": "#3"},
				"east": {"uv": [2, 10, 4, 12], "texture": "#3"},
				"south": {"uv": [10, 3, 12, 5], "texture": "#3"},
				"west": {"uv": [2, 10, 4, 12], "texture": "#3"},
				"up": {"uv": [5, 2, 3, 0], "texture": "#3"},
				"down": {"uv": [10, 0, 5, 10], "texture": "#3"}
			}
		},
		{
			"from": [1, 11.2, 9.5],
			"to": [5, 22.2, 9.5],
			"rotation": {"angle": 45, "axis": "z", "origin": [3, 10, 2]},
			"faces": {
				"north": {"uv": [0, 0, 5, 11], "texture": "#4"},
				"east": {"uv": [5, 0, 10, 11], "texture": "#4"},
				"south": {"uv": [0, 0, 5, 11], "texture": "#4"},
				"west": {"uv": [10, 0, 5, 11], "texture": "#4"},
				"up": {"uv": [5, 16, 0, 12], "texture": "#4"},
				"down": {"uv": [15, 11, 10, 16], "texture": "#4"}
			}
		},
		{
			"from": [8, 10.2, 9.5],
			"to": [12, 21.2, 9.5],
			"rotation": {"angle": -45, "axis": "z", "origin": [10, 9, 2]},
			"faces": {
				"north": {"uv": [5, 0, 0, 11], "texture": "#4"},
				"east": {"uv": [5, 0, 10, 11], "texture": "#4"},
				"south": {"uv": [5, 0, 0, 11], "texture": "#4"},
				"west": {"uv": [10, 0, 5, 11], "texture": "#4"},
				"up": {"uv": [0, 16, 5, 12], "texture": "#4"},
				"down": {"uv": [10, 11, 15, 16], "texture": "#4"}
			}
		},
		{
			"from": [8, 10.2, 12.5],
			"to": [12, 21.2, 12.5],
			"rotation": {"angle": -45, "axis": "z", "origin": [10, 9, 2]},
			"faces": {
				"north": {"uv": [5, 0, 0, 11], "texture": "#4"},
				"east": {"uv": [5, 0, 10, 11], "texture": "#4"},
				"south": {"uv": [5, 0, 0, 11], "texture": "#4"},
				"west": {"uv": [10, 0, 5, 11], "texture": "#4"},
				"up": {"uv": [0, 16, 5, 12], "texture": "#4"},
				"down": {"uv": [10, 11, 15, 16], "texture": "#4"}
			}
		},
		{
			"from": [8, 21.2, 9.5],
			"to": [12, 21.2, 12.5],
			"rotation": {"angle": -45, "axis": "z", "origin": [10, 9, 2]},
			"faces": {
				"north": {"uv": [5, 0, 0, 11], "texture": "#4"},
				"east": {"uv": [5, 0, 10, 11], "texture": "#4"},
				"south": {"uv": [5, 0, 0, 11], "texture": "#4"},
				"west": {"uv": [10, 0, 5, 11], "texture": "#4"},
				"up": {"uv": [0, 16, 5, 12], "texture": "#4"},
				"down": {"uv": [10, 11, 15, 16], "texture": "#4"}
			}
		},
		{
			"from": [8, 10.2, 9.5],
			"to": [8, 21.2, 12.5],
			"rotation": {"angle": -45, "axis": "z", "origin": [10, 9, 2]},
			"faces": {
				"north": {"uv": [5, 0, 0, 11], "texture": "#4"},
				"east": {"uv": [5, 0, 10, 11], "texture": "#4"},
				"south": {"uv": [5, 0, 0, 11], "texture": "#4"},
				"west": {"uv": [10, 0, 5, 11], "texture": "#4"},
				"up": {"uv": [0, 16, 5, 12], "texture": "#4"},
				"down": {"uv": [10, 11, 15, 16], "texture": "#4"}
			}
		},
		{
			"from": [12, 10.2, 9.5],
			"to": [12, 21.2, 12.5],
			"rotation": {"angle": -45, "axis": "z", "origin": [10, 9, 2]},
			"faces": {
				"north": {"uv": [5, 0, 0, 11], "texture": "#4"},
				"east": {"uv": [5, 0, 10, 11], "texture": "#4"},
				"south": {"uv": [5, 0, 0, 11], "texture": "#4"},
				"west": {"uv": [10, 0, 5, 11], "texture": "#4"},
				"up": {"uv": [0, 16, 5, 12], "texture": "#4"},
				"down": {"uv": [10, 11, 15, 16], "texture": "#4"}
			}
		},
		{
			"from": [1, 11.2, 9.5],
			"to": [1, 22.2, 12.5],
			"rotation": {"angle": 45, "axis": "z", "origin": [3, 10, 2]},
			"faces": {
				"north": {"uv": [0, 0, 5, 11], "texture": "#4"},
				"east": {"uv": [5, 0, 10, 11], "texture": "#4"},
				"south": {"uv": [0, 0, 5, 11], "texture": "#4"},
				"west": {"uv": [10, 0, 5, 11], "texture": "#4"},
				"up": {"uv": [5, 16, 0, 12], "texture": "#4"},
				"down": {"uv": [15, 11, 10, 16], "texture": "#4"}
			}
		},
		{
			"from": [1, 22.2, 9.5],
			"to": [5, 22.2, 12.5],
			"rotation": {"angle": 45, "axis": "z", "origin": [3, 10, 2]},
			"faces": {
				"north": {"uv": [0, 0, 5, 11], "texture": "#4"},
				"east": {"uv": [5, 0, 10, 11], "texture": "#4"},
				"south": {"uv": [0, 0, 5, 11], "texture": "#4"},
				"west": {"uv": [10, 0, 5, 11], "texture": "#4"},
				"up": {"uv": [5, 16, 0, 12], "texture": "#4"},
				"down": {"uv": [15, 11, 10, 16], "texture": "#4"}
			}
		},
		{
			"from": [1, 11.2, 12.5],
			"to": [5, 22.2, 12.5],
			"rotation": {"angle": 45, "axis": "z", "origin": [3, 10, 5]},
			"faces": {
				"north": {"uv": [0, 0, 5, 11], "texture": "#4"},
				"east": {"uv": [5, 0, 10, 11], "texture": "#4"},
				"south": {"uv": [0, 0, 5, 11], "texture": "#4"},
				"west": {"uv": [10, 0, 5, 11], "texture": "#4"},
				"up": {"uv": [5, 16, 0, 12], "texture": "#4"},
				"down": {"uv": [15, 11, 10, 16], "texture": "#4"}
			}
		},
		{
			"from": [5, 11.2, 9.5],
			"to": [5, 22.2, 12.5],
			"rotation": {"angle": 45, "axis": "z", "origin": [3, 10, 2]},
			"faces": {
				"north": {"uv": [0, 0, 5, 11], "texture": "#4"},
				"east": {"uv": [5, 0, 10, 11], "texture": "#4"},
				"south": {"uv": [0, 0, 5, 11], "texture": "#4"},
				"west": {"uv": [10, 0, 5, 11], "texture": "#4"},
				"up": {"uv": [5, 16, 0, 12], "texture": "#4"},
				"down": {"uv": [15, 11, 10, 16], "texture": "#4"}
			}
		},
		{
			"from": [9, 8.2, 9.8],
			"to": [11, 11.2, 11.8],
			"rotation": {"angle": 0, "axis": "x", "origin": [10, 7, 2]},
			"faces": {
				"north": {"uv": [10, 0, 12, 3], "texture": "#3"},
				"east": {"uv": [2, 10, 4, 12], "texture": "#3"},
				"south": {"uv": [10, 3, 12, 5], "texture": "#3"},
				"west": {"uv": [2, 10, 4, 12], "texture": "#3"},
				"up": {"uv": [5, 2, 3, 0], "texture": "#3"},
				"down": {"uv": [10, 0, 5, 10], "texture": "#3"}
			}
		},
		{
			"from": [7.5, 2, 4],
			"to": [9, 5, 4],
			"rotation": {"angle": 0, "axis": "y", "origin": [9, 2, 6]},
			"faces": {
				"north": {"uv": [1, 5, 2, 8], "texture": "#0"},
				"east": {"uv": [0, 0, 0, 4], "texture": "#0"},
				"south": {"uv": [0, 0, 2, 4], "texture": "#0"},
				"west": {"uv": [0, 0, 0, 4], "texture": "#0"},
				"up": {"uv": [0, 0, 2, 0], "texture": "#0"},
				"down": {"uv": [0, 0, 2, 0], "texture": "#0"}
			}
		},
		{
			"from": [7, -1, 4],
			"to": [8.5, 1.7, 4],
			"rotation": {"angle": 0, "axis": "y", "origin": [9, -2, 6]},
			"faces": {
				"north": {"uv": [10, 3, 16, 8], "texture": "#0"},
				"east": {"uv": [0, 0, 0, 4], "texture": "#0"},
				"south": {"uv": [0, 0, 2, 4], "texture": "#0"},
				"west": {"uv": [0, 0, 0, 4], "texture": "#0"},
				"up": {"uv": [0, 0, 2, 0], "texture": "#0"},
				"down": {"uv": [0, 0, 2, 0], "texture": "#0"}
			}
		},
		{
			"from": [3.5, -1, 4],
			"to": [5, 1.7, 4],
			"rotation": {"angle": 0, "axis": "y", "origin": [3, -2, 6]},
			"faces": {
				"north": {"uv": [16, 3, 10, 8], "texture": "#0"},
				"east": {"uv": [0, 0, 0, 4], "texture": "#0"},
				"south": {"uv": [2, 0, 0, 4], "texture": "#0"},
				"west": {"uv": [0, 0, 0, 4], "texture": "#0"},
				"up": {"uv": [2, 0, 0, 0], "texture": "#0"},
				"down": {"uv": [2, 0, 0, 0], "texture": "#0"}
			}
		},
		{
			"from": [3, 2, 4],
			"to": [4.5, 5, 4],
			"rotation": {"angle": 0, "axis": "y", "origin": [3, 2, 6]},
			"faces": {
				"north": {"uv": [2, 5, 1, 8], "texture": "#0"},
				"east": {"uv": [0, 0, 0, 4], "texture": "#0"},
				"south": {"uv": [2, 0, 0, 4], "texture": "#0"},
				"west": {"uv": [0, 0, 0, 4], "texture": "#0"},
				"up": {"uv": [2, 0, 0, 0], "texture": "#0"},
				"down": {"uv": [2, 0, 0, 0], "texture": "#0"}
			}
		},
		{
			"from": [9, 3, 4],
			"to": [10.5, 6, 4],
			"rotation": {"angle": 0, "axis": "y", "origin": [11, 3, 6]},
			"faces": {
				"north": {"uv": [1, 5, 2, 8], "texture": "#0"},
				"east": {"uv": [0, 0, 0, 4], "texture": "#0"},
				"south": {"uv": [0, 0, 2, 4], "texture": "#0"},
				"west": {"uv": [0, 0, 0, 4], "texture": "#0"},
				"up": {"uv": [0, 0, 2, 0], "texture": "#0"},
				"down": {"uv": [0, 0, 2, 0], "texture": "#0"}
			}
		},
		{
			"from": [1.5, 3, 4],
			"to": [3, 6, 4],
			"rotation": {"angle": 0, "axis": "y", "origin": [1, 3, 6]},
			"faces": {
				"north": {"uv": [2, 5, 1, 8], "texture": "#0"},
				"east": {"uv": [0, 0, 0, 4], "texture": "#0"},
				"south": {"uv": [2, 0, 0, 4], "texture": "#0"},
				"west": {"uv": [0, 0, 0, 4], "texture": "#0"},
				"up": {"uv": [2, 0, 0, 0], "texture": "#0"},
				"down": {"uv": [2, 0, 0, 0], "texture": "#0"}
			}
		},
		{
			"from": [-1, 4, 4],
			"to": [-1, 9, 14],
			"rotation": {"angle": -22.5, "axis": "z", "origin": [1, 4, 4]},
			"faces": {
				"north": {"uv": [0, 0, 10, 0], "rotation": 90, "texture": "#5"},
				"east": {"uv": [2, 0, 12, 4], "texture": "#5"},
				"south": {"uv": [0, 0, 10, 0], "rotation": 270, "texture": "#5"},
				"west": {"uv": [2, 4, 12, 0], "rotation": 180, "texture": "#5"},
				"up": {"uv": [0, 0, 4, 0], "rotation": 270, "texture": "#5"},
				"down": {"uv": [0, 0, 4, 0], "rotation": 270, "texture": "#5"}
			}
		},
		{
			"from": [13, 4, 4],
			"to": [13, 9, 14],
			"rotation": {"angle": 22.5, "axis": "z", "origin": [11, 4, 4]},
			"faces": {
				"north": {"uv": [0, 0, 10, 0], "rotation": 90, "texture": "#5"},
				"east": {"uv": [12, 4, 2, 0], "rotation": 180, "texture": "#5"},
				"south": {"uv": [0, 0, 10, 0], "rotation": 270, "texture": "#5"},
				"west": {"uv": [12, 0, 2, 4], "texture": "#5"},
				"up": {"uv": [0, 0, 4, 0], "rotation": 270, "texture": "#5"},
				"down": {"uv": [0, 0, 4, 0], "rotation": 270, "texture": "#5"}
			}
		},
		{
			"from": [13, 2, 4],
			"to": [13, 7, 14],
			"rotation": {"angle": 22.5, "axis": "z", "origin": [11, 2, 4]},
			"faces": {
				"north": {"uv": [0, 0, 10, 0], "rotation": 90, "texture": "#5"},
				"east": {"uv": [12, 9, 2, 5], "rotation": 180, "texture": "#5"},
				"south": {"uv": [0, 0, 10, 0], "rotation": 270, "texture": "#5"},
				"west": {"uv": [12, 5, 2, 9], "texture": "#5"},
				"up": {"uv": [0, 0, 4, 0], "rotation": 270, "texture": "#5"},
				"down": {"uv": [0, 0, 4, 0], "rotation": 270, "texture": "#5"}
			}
		},
		{
			"from": [-1, 2, 4],
			"to": [-1, 7, 14],
			"rotation": {"angle": -22.5, "axis": "z", "origin": [1, 2, 4]},
			"faces": {
				"north": {"uv": [0, 0, 10, 0], "rotation": 90, "texture": "#5"},
				"east": {"uv": [2, 5, 12, 9], "texture": "#5"},
				"south": {"uv": [0, 0, 10, 0], "rotation": 270, "texture": "#5"},
				"west": {"uv": [2, 9, 12, 5], "rotation": 180, "texture": "#5"},
				"up": {"uv": [0, 0, 4, 0], "rotation": 270, "texture": "#5"},
				"down": {"uv": [0, 0, 4, 0], "rotation": 270, "texture": "#5"}
			}
		},
		{
			"from": [-1, 0, 4],
			"to": [-1, 5, 14],
			"rotation": {"angle": -22.5, "axis": "z", "origin": [1, 0, 4]},
			"faces": {
				"north": {"uv": [0, 0, 10, 0], "rotation": 90, "texture": "#5"},
				"east": {"uv": [2, 10, 12, 14], "texture": "#5"},
				"south": {"uv": [0, 0, 10, 0], "rotation": 270, "texture": "#5"},
				"west": {"uv": [2, 14, 12, 10], "rotation": 180, "texture": "#5"},
				"up": {"uv": [0, 0, 4, 0], "rotation": 270, "texture": "#5"},
				"down": {"uv": [0, 0, 4, 0], "rotation": 270, "texture": "#5"}
			}
		},
		{
			"from": [13, 0, 4],
			"to": [13, 5, 14],
			"rotation": {"angle": 22.5, "axis": "z", "origin": [11, 0, 4]},
			"faces": {
				"north": {"uv": [0, 0, 10, 0], "rotation": 90, "texture": "#5"},
				"east": {"uv": [12, 14, 2, 10], "rotation": 180, "texture": "#5"},
				"south": {"uv": [0, 0, 10, 0], "rotation": 270, "texture": "#5"},
				"west": {"uv": [12, 10, 2, 14], "texture": "#5"},
				"up": {"uv": [0, 0, 4, 0], "rotation": 270, "texture": "#5"},
				"down": {"uv": [0, 0, 4, 0], "rotation": 270, "texture": "#5"}
			}
		},
		{
			"from": [1, 3, 14],
			"to": [11, 8, 14],
			"rotation": {"angle": -22.5, "axis": "x", "origin": [1, 8, 12]},
			"faces": {
				"north": {"uv": [2, 0, 12, 4], "rotation": 180, "texture": "#5"},
				"east": {"uv": [0, 0, 2, 2], "rotation": 270, "texture": "#5"},
				"south": {"uv": [2, 0, 12, 4], "texture": "#5"},
				"west": {"uv": [0, 0, 2, 2], "rotation": 90, "texture": "#5"},
				"up": {"uv": [0, 0, 2, 2], "rotation": 180, "texture": "#5"},
				"down": {"uv": [0, 0, 2, 2], "texture": "#5"}
			}
		},
		{
			"from": [1, 1, 14],
			"to": [11, 6, 14],
			"rotation": {"angle": -22.5, "axis": "x", "origin": [1, 6, 12]},
			"faces": {
				"north": {"uv": [2, 5, 12, 9], "rotation": 180, "texture": "#5"},
				"east": {"uv": [0, 0, 2, 2], "rotation": 270, "texture": "#5"},
				"south": {"uv": [2, 5, 12, 9], "texture": "#5"},
				"west": {"uv": [0, 0, 2, 2], "rotation": 90, "texture": "#5"},
				"up": {"uv": [0, 0, 2, 2], "rotation": 180, "texture": "#5"},
				"down": {"uv": [0, 0, 2, 2], "texture": "#5"}
			}
		},
		{
			"from": [1, -2, 14],
			"to": [11, 3, 14],
			"rotation": {"angle": -22.5, "axis": "x", "origin": [1, 3, 12]},
			"faces": {
				"north": {"uv": [2, 10, 12, 14], "rotation": 180, "texture": "#5"},
				"east": {"uv": [0, 0, 2, 2], "rotation": 270, "texture": "#5"},
				"south": {"uv": [2, 10, 12, 14], "texture": "#5"},
				"west": {"uv": [0, 0, 2, 2], "rotation": 90, "texture": "#5"},
				"up": {"uv": [0, 0, 2, 2], "rotation": 180, "texture": "#5"},
				"down": {"uv": [0, 0, 2, 2], "texture": "#5"}
			}
		}
	],
	"display": {
		"thirdperson_righthand": {
			"scale": [0.54, 0.55, 0.61]
		},
		"thirdperson_lefthand": {
			"scale": [0.54, 0.55, 0.61]
		},
		"firstperson_righthand": {
			"translation": [0, 4.25, 0],
			"scale": [0.54, 0.55, 0.61]
		},
		"firstperson_lefthand": {
			"translation": [0, 2.75, 0],
			"scale": [0.54, 0.55, 0.61]
		},
		"ground": {
			"translation": [0, 3.75, 0]
		},
		"gui": {
			"rotation": [-154.82, 47.29, 179.22],
			"translation": [-1.25, -1, 0],
			"scale": [0.6, 0.6, 0.6]
		},
		"head": {
			"translation": [2.5, 5, -1.75],
			"scale": [1.38, 1.41, 1.51766]
		},
		"fixed": {
			"translation": [0, 0, -5.75]
		}
	}
}