{
	"credit": "Made with Blockbench",
	"ambientocclusion": false,
	"texture_size": [32, 32],
	"textures": {
		"2": "./telinga",
		"particle": "./telinga"
	},
	"elements": [
		{
			"from": [9, 0, 0],
			"to": [15, 12, 2],
			"faces": {
				"north": {"uv": [0, 0, 6, 12], "texture": "#2"},
				"east": {"uv": [0, 12, 2, 24], "texture": "#2"},
				"south": {"uv": [6, 0, 12, 12], "texture": "#2"},
				"west": {"uv": [12, 0, 14, 12], "texture": "#2"},
				"up": {"uv": [8, 14, 2, 12], "texture": "#2"},
				"down": {"uv": [14, 12, 8, 14], "texture": "#2"}
			}
		},
		{
			"from": [9, 12, 0],
			"to": [13, 14, 2],
			"faces": {
				"north": {"uv": [14, 0, 18, 2], "texture": "#2"},
				"east": {"uv": [6, 14, 8, 16], "texture": "#2"},
				"south": {"uv": [2, 14, 6, 16], "texture": "#2"},
				"west": {"uv": [14, 6, 16, 8], "texture": "#2"},
				"up": {"uv": [18, 4, 14, 2], "texture": "#2"},
				"down": {"uv": [18, 4, 14, 6], "texture": "#2"}
			}
		},
		{
			"from": [1, 0, 0],
			"to": [7, 12, 2],
			"faces": {
				"north": {"uv": [0, 0, 6, 12], "texture": "#2"},
				"east": {"uv": [12, 0, 14, 12], "texture": "#2"},
				"south": {"uv": [6, 0, 12, 12], "texture": "#2"},
				"west": {"uv": [0, 12, 2, 24], "texture": "#2"},
				"up": {"uv": [8, 14, 2, 12], "rotation": 180, "texture": "#2"},
				"down": {"uv": [14, 12, 8, 14], "rotation": 180, "texture": "#2"}
			}
		},
		{
			"from": [3, 12, 0],
			"to": [7, 14, 2],
			"faces": {
				"north": {"uv": [2, 14, 6, 16], "texture": "#2"},
				"east": {"uv": [14, 6, 16, 8], "texture": "#2"},
				"south": {"uv": [14, 0, 18, 2], "texture": "#2"},
				"west": {"uv": [6, 14, 8, 16], "texture": "#2"},
				"up": {"uv": [18, 4, 14, 2], "rotation": 180, "texture": "#2"},
				"down": {"uv": [18, 4, 14, 6], "rotation": 180, "texture": "#2"}
			}
		},
		{
			"from": [-1, -10, 3],
			"to": [1, -8, 5],
			"rotation": {"angle": 0, "axis": "x", "origin": [0, 0, 0]},
			"rotated": [0, -22.5, 0],
			"faces": {
				"north": {"uv": [0, 0, 1, 1], "texture": "#2"},
				"east": {"uv": [0, 0, 1, 1], "texture": "#2"},
				"south": {"uv": [0, 0, 1, 1], "texture": "#2"},
				"west": {"uv": [0, 0, 1, 1], "texture": "#2"},
				"up": {"uv": [0, 0, 1, 1], "rotation": 270, "texture": "#2"},
				"down": {"uv": [0, 0, 1, 1], "rotation": 90, "texture": "#2"}
			}
		},
		{
			"from": [-1, -12, -1],
			"to": [1, -8, 3],
			"rotation": {"angle": 0, "axis": "x", "origin": [0, 0, 0]},
			"rotated": [0, -22.5, 0],
			"faces": {
				"north": {"uv": [0, 0, 1, 2], "texture": "#2"},
				"east": {"uv": [0, 0, 2, 2], "texture": "#2"},
				"south": {"uv": [0, 0, 1, 2], "texture": "#2"},
				"west": {"uv": [5, 5, 3, 3], "rotation": 270, "texture": "#2"},
				"up": {"uv": [0, 0, 2, 1], "rotation": 270, "texture": "#2"},
				"down": {"uv": [0, 0, 2, 1], "rotation": 90, "texture": "#2"}
			}
		},
		{
			"from": [14, -10, 9],
			"to": [16, -8, 11],
			"rotation": {"angle": 22.5, "axis": "y", "origin": [0, 0, 0]},
			"faces": {
				"north": {"uv": [10.5, 0, 10, 0], "texture": "#2"},
				"east": {"uv": [0, 0, 1, 1], "texture": "#2"},
				"south": {"uv": [0, 0, 1, 1], "texture": "#2"},
				"west": {"uv": [0, 0, 1, 1], "texture": "#2"},
				"up": {"uv": [0, 0, 1, 1], "rotation": 270, "texture": "#2"},
				"down": {"uv": [0, 0, 1, 1], "rotation": 90, "texture": "#2"}
			}
		},
		{
			"from": [14, -12, 5],
			"to": [16, -8, 9],
			"rotation": {"angle": 22.5, "axis": "y", "origin": [0, 0, 0]},
			"faces": {
				"north": {"uv": [0, 0, 1, 2], "texture": "#2"},
				"east": {"uv": [5, 2.5, 3, 4.5], "rotation": 270, "texture": "#2"},
				"south": {"uv": [0, 0, 1, 2], "texture": "#2"},
				"west": {"uv": [0, 0, 2, 2], "texture": "#2"},
				"up": {"uv": [0, 0, 2, 1], "rotation": 270, "texture": "#2"},
				"down": {"uv": [0, 0, 2, 1], "rotation": 90, "texture": "#2"}
			}
		}
	],
	"display": {
		"thirdperson_righthand": {
			"rotation": [11, 180, -2.87],
			"translation": [-0.25, 3.25, -0.75],
			"scale": [0.39844, 0.39844, 0.39844]
		},
		"thirdperson_lefthand": {
			"rotation": [11, 180, -2.87],
			"translation": [-0.25, 3.25, -0.75],
			"scale": [0.39844, 0.39844, 0.39844]
		},
		"firstperson_righthand": {
			"rotation": [162, 34, -170],
			"translation": [-0.25, 6.5, -1.5],
			"scale": [0.46875, 0.46875, 0.46875]
		},
		"firstperson_lefthand": {
			"rotation": [162, 34, -170],
			"translation": [-0.25, 6.5, -1.5],
			"scale": [0.46875, 0.46875, 0.46875]
		},
		"ground": {
			"rotation": [0, -0.53, -1.95],
			"translation": [-0.75, 3, 4.5],
			"scale": [0.68555, 0.68555, 0.68555]
		},
		"gui": {
			"rotation": [30, 134, 0],
			"translation": [2.25, 5, 0],
			"scale": [0.5, 0.5, 0.5]
		},
		"head": {
			"translation": [0, 13.25, 4],
			"scale": [0.91, 0.91992, 0.84961]
		},
		"fixed": {
			"translation": [0, 1.5, 6.5],
			"scale": [0.9, 0.9, 0.9]
		}
	},
	"groups": [
		{
			"name": "group",
			"origin": [0, 0, 0],
			"color": 0,
			"children": [0, 1]
		},
		{
			"name": "group",
			"origin": [0, 0, 0],
			"color": 0,
			"children": [2, 3]
		},
		{
			"name": "group",
			"origin": [0, 0, 0],
			"color": 0,
			"children": [4, 5]
		},
		{
			"name": "group",
			"origin": [0, 0, 0],
			"color": 0,
			"children": [6, 7]
		}
	]
}