{
	"credit": "Made with Blockbench",
	"texture_size": [64, 64],
	"textures": {
		"9": "./fenrir1"
	},
	"elements": [
		{
			"from": [0, 0, 10],
			"to": [0, 5.7, 13],
			"faces": {
				"north": {"uv": [0, 0, 0, 1.5], "texture": "#9"},
				"east": {"uv": [11, 3, 11.75, 4.5], "texture": "#9"},
				"south": {"uv": [0, 0, 0, 1.5], "texture": "#9"},
				"west": {"uv": [4.25, 11.25, 5, 12.75], "texture": "#9"},
				"up": {"uv": [0, 0.75, 0, 0], "texture": "#9"},
				"down": {"uv": [0, 0, 0, 0.75], "texture": "#9"}
			}
		},
		{
			"from": [0, 0, 3],
			"to": [0, 5.7, 6],
			"faces": {
				"north": {"uv": [0, 0, 0, 1.5], "texture": "#9"},
				"east": {"uv": [5, 11.25, 5.75, 12.75], "texture": "#9"},
				"south": {"uv": [0, 0, 0, 1.5], "texture": "#9"},
				"west": {"uv": [5.75, 11.25, 6.5, 12.75], "texture": "#9"},
				"up": {"uv": [0, 0.75, 0, 0], "texture": "#9"},
				"down": {"uv": [0, 0, 0, 0.75], "texture": "#9"}
			}
		},
		{
			"from": [0, 2.3, 7],
			"to": [0, 3.5, 9],
			"faces": {
				"north": {"uv": [0, 0, 0, 0.25], "texture": "#9"},
				"east": {"uv": [12, 12.5, 12.5, 12.75], "texture": "#9"},
				"south": {"uv": [0, 0, 0, 0.25], "texture": "#9"},
				"west": {"uv": [12.5, 12, 13, 12.25], "texture": "#9"},
				"up": {"uv": [0, 0.5, 0, 0], "texture": "#9"},
				"down": {"uv": [0, 0, 0, 0.5], "texture": "#9"}
			}
		},
		{
			"from": [0.1, 0, 3],
			"to": [1.1, 4, 13],
			"faces": {
				"north": {"uv": [9.25, 12.5, 9.5, 13.5], "texture": "#9"},
				"east": {"uv": [11, 0, 13.5, 1], "texture": "#9"},
				"south": {"uv": [12.5, 10, 12.75, 11], "texture": "#9"},
				"west": {"uv": [11, 1, 13.5, 2], "texture": "#9"},
				"up": {"uv": [9.75, 13.75, 9.5, 11.25], "texture": "#9"},
				"down": {"uv": [10, 11.25, 9.75, 13.75], "texture": "#9"}
			}
		},
		{
			"from": [0.1, 4, 12],
			"to": [1.1, 5, 13],
			"faces": {
				"north": {"uv": [12.75, 4, 13, 4.25], "texture": "#9"},
				"east": {"uv": [4.25, 12.75, 4.5, 13], "texture": "#9"},
				"south": {"uv": [12.75, 4.25, 13, 4.5], "texture": "#9"},
				"west": {"uv": [4.5, 12.75, 4.75, 13], "texture": "#9"},
				"up": {"uv": [13, 4.75, 12.75, 4.5], "texture": "#9"},
				"down": {"uv": [5, 12.75, 4.75, 13], "texture": "#9"}
			}
		},
		{
			"from": [0.1, 4, 3],
			"to": [1.1, 5, 4],
			"faces": {
				"north": {"uv": [12.75, 4.75, 13, 5], "texture": "#9"},
				"east": {"uv": [5, 12.75, 5.25, 13], "texture": "#9"},
				"south": {"uv": [5.25, 12.75, 5.5, 13], "texture": "#9"},
				"west": {"uv": [5.5, 12.75, 5.75, 13], "texture": "#9"},
				"up": {"uv": [6, 13, 5.75, 12.75], "texture": "#9"},
				"down": {"uv": [6.25, 12.75, 6, 13], "texture": "#9"}
			}
		},
		{
			"from": [0.1, 4, 7],
			"to": [1.1, 5, 9],
			"faces": {
				"north": {"uv": [6.25, 12.75, 6.5, 13], "texture": "#9"},
				"east": {"uv": [12.5, 12.25, 13, 12.5], "texture": "#9"},
				"south": {"uv": [12.75, 10, 13, 10.25], "texture": "#9"},
				"west": {"uv": [12.5, 12.5, 13, 12.75], "texture": "#9"},
				"up": {"uv": [13, 3.5, 12.75, 3], "texture": "#9"},
				"down": {"uv": [13, 3.5, 12.75, 4], "texture": "#9"}
			}
		},
		{
			"from": [0.1, 5, 3],
			"to": [1.7, 10.3, 13],
			"faces": {
				"north": {"uv": [10, 11.25, 10.5, 12.5], "texture": "#9"},
				"east": {"uv": [10.75, 7.5, 13.25, 8.75], "texture": "#9"},
				"south": {"uv": [10.5, 11.25, 11, 12.5], "texture": "#9"},
				"west": {"uv": [10.75, 8.75, 13.25, 10], "texture": "#9"},
				"up": {"uv": [11.5, 12.5, 11, 10], "texture": "#9"},
				"down": {"uv": [3.25, 11.25, 2.75, 13.75], "texture": "#9"}
			}
		},
		{
			"from": [0.1, -0.5, 5.1],
			"to": [1.1, 0.5, 6.1],
			"rotation": {"angle": -45, "axis": "x", "origin": [0, 0, 0]},
			"faces": {
				"north": {"uv": [12.75, 10.25, 13, 10.5], "texture": "#9"},
				"east": {"uv": [12.75, 10.5, 13, 10.75], "texture": "#9"},
				"south": {"uv": [12.75, 10.75, 13, 11], "texture": "#9"},
				"west": {"uv": [11, 12.75, 11.25, 13], "texture": "#9"},
				"up": {"uv": [11.5, 13, 11.25, 12.75], "texture": "#9"},
				"down": {"uv": [13, 11.25, 12.75, 11.5], "texture": "#9"}
			}
		},
		{
			"from": [0.1, -0.5, 9.9],
			"to": [1.1, 0.5, 10.9],
			"rotation": {"angle": 45, "axis": "x", "origin": [0, 0, 16]},
			"faces": {
				"north": {"uv": [11.5, 12.75, 11.75, 13], "texture": "#9"},
				"east": {"uv": [12.75, 11.5, 13, 11.75], "texture": "#9"},
				"south": {"uv": [12.75, 11.75, 13, 12], "texture": "#9"},
				"west": {"uv": [12, 12.75, 12.25, 13], "texture": "#9"},
				"up": {"uv": [12.5, 13, 12.25, 12.75], "texture": "#9"},
				"down": {"uv": [12.75, 12.75, 12.5, 13], "texture": "#9"}
			}
		},
		{
			"from": [0.1, -1.9, 6.9],
			"to": [1.1, -0.9, 7.9],
			"rotation": {"angle": 45, "axis": "x", "origin": [0, 0, 16]},
			"faces": {
				"north": {"uv": [12.75, 12.75, 13, 13], "texture": "#9"},
				"east": {"uv": [13, 3, 13.25, 3.25], "texture": "#9"},
				"south": {"uv": [13, 3.25, 13.25, 3.5], "texture": "#9"},
				"west": {"uv": [13, 3.5, 13.25, 3.75], "texture": "#9"},
				"up": {"uv": [13.25, 4, 13, 3.75], "texture": "#9"},
				"down": {"uv": [13.25, 4, 13, 4.25], "texture": "#9"}
			}
		},
		{
			"from": [0.1, -1.9, 8.1],
			"to": [1.1, -0.9, 9.1],
			"rotation": {"angle": -45, "axis": "x", "origin": [0, 0, 0]},
			"faces": {
				"north": {"uv": [4.25, 13, 4.5, 13.25], "texture": "#9"},
				"east": {"uv": [13, 4.25, 13.25, 4.5], "texture": "#9"},
				"south": {"uv": [4.5, 13, 4.75, 13.25], "texture": "#9"},
				"west": {"uv": [13, 4.5, 13.25, 4.75], "texture": "#9"},
				"up": {"uv": [5, 13.25, 4.75, 13], "texture": "#9"},
				"down": {"uv": [13.25, 4.75, 13, 5], "texture": "#9"}
			}
		},
		{
			"from": [0.35, 4, 4],
			"to": [0.825, 5, 7],
			"faces": {
				"north": {"uv": [5, 13, 5.25, 13.25], "texture": "#9"},
				"east": {"uv": [11, 4.5, 11.75, 4.75], "texture": "#9"},
				"south": {"uv": [5.25, 13, 5.5, 13.25], "texture": "#9"},
				"west": {"uv": [11, 4.75, 11.75, 5], "texture": "#9"},
				"up": {"uv": [10.75, 13.25, 10.5, 12.5], "texture": "#9"},
				"down": {"uv": [11, 12.5, 10.75, 13.25], "texture": "#9"}
			}
		},
		{
			"from": [0.35, 4, 9],
			"to": [0.825, 5, 12],
			"rotation": {"angle": 0, "axis": "y", "origin": [0, 0, 16]},
			"faces": {
				"north": {"uv": [5.5, 13, 5.75, 13.25], "texture": "#9"},
				"east": {"uv": [11, 12.5, 11.75, 12.75], "texture": "#9"},
				"south": {"uv": [5.75, 13, 6, 13.25], "texture": "#9"},
				"west": {"uv": [12.5, 11, 13.25, 11.25], "texture": "#9"},
				"up": {"uv": [12.75, 12, 12.5, 11.25], "texture": "#9"},
				"down": {"uv": [12, 12.5, 11.75, 13.25], "texture": "#9"}
			}
		},
		{
			"from": [1, 0, 2.9],
			"to": [12, 10.3, 13.825],
			"faces": {
				"north": {"uv": [2.75, 0, 5.5, 2.5], "texture": "#9"},
				"east": {"uv": [2.75, 2.5, 5.5, 5], "texture": "#9"},
				"south": {"uv": [2.75, 5, 5.5, 7.5], "texture": "#9"},
				"west": {"uv": [0, 5.5, 2.75, 8], "texture": "#9"},
				"up": {"uv": [2.75, 2.75, 0, 0], "texture": "#9"},
				"down": {"uv": [2.75, 2.75, 0, 5.5], "texture": "#9"}
			}
		},
		{
			"from": [20.5, 0, 6.95],
			"to": [21.5, 10.2, 8.15],
			"rotation": {"angle": 45, "axis": "y", "origin": [11, 0, 16]},
			"faces": {
				"north": {"uv": [11.5, 10, 11.75, 12.5], "texture": "#9"},
				"east": {"uv": [0, 11.75, 0.25, 14.25], "texture": "#9"},
				"south": {"uv": [0.25, 11.75, 0.5, 14.25], "texture": "#9"},
				"west": {"uv": [0.5, 11.75, 0.75, 14.25], "texture": "#9"},
				"up": {"uv": [6.25, 13.25, 6, 13], "texture": "#9"},
				"down": {"uv": [6.5, 13, 6.25, 13.25], "texture": "#9"}
			}
		},
		{
			"from": [20.5, 0, 7.85],
			"to": [21.5, 10.2, 9.05],
			"rotation": {"angle": -45, "axis": "y", "origin": [11, 0, 0]},
			"faces": {
				"north": {"uv": [6.75, 12.5, 7, 15], "texture": "#9"},
				"east": {"uv": [7, 12.5, 7.25, 15], "texture": "#9"},
				"south": {"uv": [7.25, 12.5, 7.5, 15], "texture": "#9"},
				"west": {"uv": [7.5, 12.5, 7.75, 15], "texture": "#9"},
				"up": {"uv": [11.25, 13.25, 11, 13], "texture": "#9"},
				"down": {"uv": [11.5, 13, 11.25, 13.25], "texture": "#9"}
			}
		},
		{
			"from": [9.5, 0, 7.85],
			"to": [10.5, 10.2, 9.05],
			"rotation": {"angle": -45, "axis": "y", "origin": [0, 0, 0]},
			"faces": {
				"north": {"uv": [11.75, 10, 12, 12.5], "texture": "#9"},
				"east": {"uv": [12, 10, 12.25, 12.5], "texture": "#9"},
				"south": {"uv": [12.25, 10, 12.5, 12.5], "texture": "#9"},
				"west": {"uv": [6.5, 12.5, 6.75, 15], "texture": "#9"},
				"up": {"uv": [13.25, 10.75, 13, 10.5], "texture": "#9"},
				"down": {"uv": [13.25, 10.75, 13, 11], "texture": "#9"}
			}
		},
		{
			"from": [1, 0, 2.175],
			"to": [12, 10.3, 4.1],
			"rotation": {"angle": 0, "axis": "y", "origin": [0, 0, 16]},
			"faces": {
				"north": {"uv": [5.5, 0, 8.25, 2.5], "texture": "#9"},
				"east": {"uv": [3.25, 11.25, 3.75, 13.75], "texture": "#9"},
				"south": {"uv": [5.5, 2.5, 8.25, 5], "texture": "#9"},
				"west": {"uv": [3.75, 11.25, 4.25, 13.75], "texture": "#9"},
				"up": {"uv": [13.75, 2.5, 11, 2], "texture": "#9"},
				"down": {"uv": [13.75, 2.5, 11, 3], "texture": "#9"}
			}
		},
		{
			"from": [9.5, 0, 6.95],
			"to": [10.5, 10.2, 8.15],
			"rotation": {"angle": 45, "axis": "y", "origin": [0, 0, 16]},
			"faces": {
				"north": {"uv": [0.75, 11.75, 1, 14.25], "texture": "#9"},
				"east": {"uv": [1, 11.75, 1.25, 14.25], "texture": "#9"},
				"south": {"uv": [1.25, 11.75, 1.5, 14.25], "texture": "#9"},
				"west": {"uv": [1.5, 11.75, 1.75, 14.25], "texture": "#9"},
				"up": {"uv": [13.25, 10.25, 13, 10], "texture": "#9"},
				"down": {"uv": [13.25, 10.25, 13, 10.5], "texture": "#9"}
			}
		},
		{
			"from": [12, 0, 3],
			"to": [13, 10.3, 13],
			"faces": {
				"north": {"uv": [1.75, 11.75, 2, 14.25], "texture": "#9"},
				"east": {"uv": [5.5, 5, 8, 7.5], "texture": "#9"},
				"south": {"uv": [2, 11.75, 2.25, 14.25], "texture": "#9"},
				"west": {"uv": [2.75, 7.5, 5.25, 10], "texture": "#9"},
				"up": {"uv": [2.5, 14.25, 2.25, 11.75], "texture": "#9"},
				"down": {"uv": [2.75, 11.75, 2.5, 14.25], "texture": "#9"}
			}
		},
		{
			"from": [6, 14.4, 1],
			"to": [8, 19.4, 4],
			"rotation": {"angle": 45, "axis": "x", "origin": [0, 0, 0]},
			"faces": {
				"north": {"uv": [11.75, 3, 12.25, 4.25], "texture": "#9"},
				"east": {"uv": [6.5, 11.25, 7.25, 12.5], "texture": "#9"},
				"south": {"uv": [12.25, 3, 12.75, 4.25], "texture": "#9"},
				"west": {"uv": [7.25, 11.25, 8, 12.5], "texture": "#9"},
				"up": {"uv": [12.25, 5, 11.75, 4.25], "texture": "#9"},
				"down": {"uv": [12.75, 4.25, 12.25, 5], "texture": "#9"}
			}
		},
		{
			"from": [6, 14.4, 12],
			"to": [8, 19.4, 15],
			"rotation": {"angle": -45, "axis": "x", "origin": [0, 0, 16]},
			"faces": {
				"north": {"uv": [7.75, 12.5, 8.25, 13.75], "texture": "#9"},
				"east": {"uv": [8, 11.25, 8.75, 12.5], "texture": "#9"},
				"south": {"uv": [8.25, 12.5, 8.75, 13.75], "texture": "#9"},
				"west": {"uv": [8.75, 11.25, 9.5, 12.5], "texture": "#9"},
				"up": {"uv": [9.25, 13.25, 8.75, 12.5], "texture": "#9"},
				"down": {"uv": [10.5, 12.5, 10, 13.25], "texture": "#9"}
			}
		},
		{
			"from": [1, -5.5, 16.1],
			"to": [12, -0.5, 16.1],
			"rotation": {"angle": -22.5, "axis": "x", "origin": [0, -2.1, -0.9]},
			"faces": {
				"north": {"uv": [5.25, 7.5, 8, 8.75], "texture": "#9"},
				"east": {"uv": [0, 0, 0, 1.25], "texture": "#9"},
				"south": {"uv": [0, 8, 2.75, 9.25], "texture": "#9"},
				"west": {"uv": [0, 0, 0, 1.25], "texture": "#9"},
				"up": {"uv": [2.75, 0, 0, 0], "texture": "#9"},
				"down": {"uv": [2.75, 0, 0, 0], "texture": "#9"}
			}
		},
		{
			"from": [1, -1.7, 16.1],
			"to": [12, 3.3, 16.1],
			"rotation": {"angle": -22.5, "axis": "x", "origin": [0, 0.7, -0.9]},
			"faces": {
				"north": {"uv": [8, 5, 10.75, 6.25], "texture": "#9"},
				"east": {"uv": [0, 0, 0, 1.25], "texture": "#9"},
				"south": {"uv": [8, 6.25, 10.75, 7.5], "texture": "#9"},
				"west": {"uv": [0, 0, 0, 1.25], "texture": "#9"},
				"up": {"uv": [2.75, 0, 0, 0], "texture": "#9"},
				"down": {"uv": [2.75, 0, 0, 0], "texture": "#9"}
			}
		},
		{
			"from": [16.7, -2.4, 2.1],
			"to": [16.7, 2.6, 13.1],
			"rotation": {"angle": 22.5, "axis": "z", "origin": [15.7, -5, -0.9]},
			"faces": {
				"north": {"uv": [0, 0, 0, 1.25], "texture": "#9"},
				"east": {"uv": [10.75, 5, 13.5, 6.25], "texture": "#9"},
				"south": {"uv": [0, 0, 0, 1.25], "texture": "#9"},
				"west": {"uv": [10.75, 6.25, 13.5, 7.5], "texture": "#9"},
				"up": {"uv": [0, 2.75, 0, 0], "texture": "#9"},
				"down": {"uv": [0, 0, 0, 2.75], "texture": "#9"}
			}
		},
		{
			"from": [16.7, 1.5, 2.1],
			"to": [16.7, 6.5, 13.1],
			"rotation": {"angle": 22.5, "axis": "z", "origin": [15.7, -2.1, -0.9]},
			"faces": {
				"north": {"uv": [0, 0, 0, 1.25], "texture": "#9"},
				"east": {"uv": [8.25, 10, 11, 11.25], "texture": "#9"},
				"south": {"uv": [0, 0, 0, 1.25], "texture": "#9"},
				"west": {"uv": [0, 10.5, 2.75, 11.75], "texture": "#9"},
				"up": {"uv": [0, 2.75, 0, 0], "texture": "#9"},
				"down": {"uv": [0, 0, 0, 2.75], "texture": "#9"}
			}
		},
		{
			"from": [16.7, 5.3, 2.1],
			"to": [16.7, 10.3, 13.1],
			"rotation": {"angle": 22.5, "axis": "z", "origin": [15.7, 0.7, -0.9]},
			"faces": {
				"north": {"uv": [0, 0, 0, 1.25], "texture": "#9"},
				"east": {"uv": [2.75, 10, 5.5, 11.25], "texture": "#9"},
				"south": {"uv": [0, 0, 0, 1.25], "texture": "#9"},
				"west": {"uv": [5.5, 10, 8.25, 11.25], "texture": "#9"},
				"up": {"uv": [0, 2.75, 0, 0], "texture": "#9"},
				"down": {"uv": [0, 0, 0, 2.75], "texture": "#9"}
			}
		},
		{
			"from": [1, -9.4, 16.1],
			"to": [12, -4.4, 16.1],
			"rotation": {"angle": -22.5, "axis": "x", "origin": [0, -5, -0.9]},
			"faces": {
				"north": {"uv": [8, 7.5, 10.75, 8.75], "texture": "#9"},
				"east": {"uv": [0, 0, 0, 1.25], "texture": "#9"},
				"south": {"uv": [8.25, 0, 11, 1.25], "texture": "#9"},
				"west": {"uv": [0, 0, 0, 1.25], "texture": "#9"},
				"up": {"uv": [2.75, 0, 0, 0], "texture": "#9"},
				"down": {"uv": [2.75, 0, 0, 0], "texture": "#9"}
			}
		},
		{
			"from": [1, -1.7, -0.1],
			"to": [12, 3.3, -0.1],
			"rotation": {"angle": 22.5, "axis": "x", "origin": [0, 0.7, 16.9]},
			"faces": {
				"north": {"uv": [8, 8.75, 10.75, 10], "texture": "#9"},
				"east": {"uv": [0, 0, 0, 1.25], "texture": "#9"},
				"south": {"uv": [0, 9.25, 2.75, 10.5], "texture": "#9"},
				"west": {"uv": [0, 0, 0, 1.25], "texture": "#9"},
				"up": {"uv": [2.75, 0, 0, 0], "texture": "#9"},
				"down": {"uv": [2.75, 0, 0, 0], "texture": "#9"}
			}
		},
		{
			"from": [1, -5.5, -0.1],
			"to": [12, -0.5, -0.1],
			"rotation": {"angle": 22.5, "axis": "x", "origin": [0, -2.1, 16.9]},
			"faces": {
				"north": {"uv": [8.25, 3.75, 11, 5], "texture": "#9"},
				"east": {"uv": [0, 0, 0, 1.25], "texture": "#9"},
				"south": {"uv": [5.25, 8.75, 8, 10], "texture": "#9"},
				"west": {"uv": [0, 0, 0, 1.25], "texture": "#9"},
				"up": {"uv": [2.75, 0, 0, 0], "texture": "#9"},
				"down": {"uv": [2.75, 0, 0, 0], "texture": "#9"}
			}
		},
		{
			"from": [1, -9.4, -0.1],
			"to": [12, -4.4, -0.1],
			"rotation": {"angle": 22.5, "axis": "x", "origin": [0, -5, 16.9]},
			"faces": {
				"north": {"uv": [8.25, 1.25, 11, 2.5], "texture": "#9"},
				"east": {"uv": [0, 0, 0, 1.25], "texture": "#9"},
				"south": {"uv": [8.25, 2.5, 11, 3.75], "texture": "#9"},
				"west": {"uv": [0, 0, 0, 1.25], "texture": "#9"},
				"up": {"uv": [2.75, 0, 0, 0], "texture": "#9"},
				"down": {"uv": [2.75, 0, 0, 0], "texture": "#9"}
			}
		}
	],
	"display": {
		"thirdperson_righthand": {
			"scale": [0.3, 0.3, 0.3]
		},
		"thirdperson_lefthand": {
			"scale": [0.3, 0.3, 0.3]
		},
		"firstperson_righthand": {
			"rotation": [0, 29, 0],
			"translation": [1.5, 7.5, 1.75],
			"scale": [0.7, 0.7, 0.7]
		},
		"firstperson_lefthand": {
			"rotation": [0, -134, 0],
			"translation": [1.5, 8.25, -1.25],
			"scale": [0.7, 0.7, 0.7]
		},
		"ground": {
			"translation": [0, 6.75, 0],
			"scale": [0.69, 0.7, 0.7]
		},
		"gui": {
			"rotation": [26.75, 48.5, 0],
			"translation": [0.75, 2, 0],
			"scale": [0.7, 0.7, 0.7]
		},
		"head": {
			"rotation": [0, -90, 0],
			"translation": [0, 4.75, 2.25],
			"scale": [1.3, 1.39398, 1.3]
		},
		"fixed": {
			"rotation": [-90, 0, 0],
			"translation": [2.5, 0, -16.25],
			"scale": [2, 2, 2]
		}
	}
}