{
	"credit": "MadewithBlockbench",
	"textures": {
		"1": "magiccosmetics:item/stand",
		"2": "magiccosmetics:particles/magic",
		"particle": "magiccosmetics:item/stand"
	},
	"elements": [
		{
			"from": [3, 21, 14],
			"to": [13, 32, 15],
			"faces": {
				"north": {"uv": [0, 0, 16, 16], "texture": "#2", "tintindex": 0},
				"east": {"uv": [0, 0, 0, 1], "texture": "#1"},
				"south": {"uv": [0, 0, 16, 16], "texture": "#2", "tintindex": 0},
				"west": {"uv": [0, 0, 1, 11], "texture": "#1"},
				"up": {"uv": [0.25, 3.1875, 4.25, 4.1875], "texture": "#1"},
				"down": {"uv": [0, 0, 10, 1], "texture": "#1"}
			}
		},
		{
			"from": [15, 9, 14],
			"to": [20, 27, 14],
			"rotation": {"angle": 0, "axis": "y", "origin": [0, -4, 0]},
			"faces": {
				"north": {"uv": [14.6875, 2.6875, 16, 7.6875], "texture": "#1", "tintindex": 0},
				"east": {"uv": [14.6875, 2.6875, 16, 7.6875], "texture": "#1"},
				"south": {"uv": [14.6875, 2.6875, 16, 7.6875], "texture": "#1", "tintindex": 0},
				"west": {"uv": [14.6875, 2.6875, 16, 7.6875], "texture": "#1"},
				"up": {"uv": [14.6875, 2.6875, 16, 7.6875], "texture": "#1"},
				"down": {"uv": [14.6875, 2.6875, 16, 7.6875], "texture": "#1"}
			}
		},
		{
			"from": [-2, 9, 14],
			"to": [3, 27, 14],
			"rotation": {"angle": 0, "axis": "y", "origin": [0, -4, 0]},
			"faces": {
				"north": {"uv": [9.4375, 2.6875, 10.5625, 7.6875], "texture": "#1"},
				"east": {"uv": [9.4375, 2.6875, 10.75, 7.6875], "texture": "#1", "tintindex": 0},
				"south": {"uv": [9.4375, 2.6875, 10.75, 7.6875], "texture": "#1"},
				"west": {"uv": [9.4375, 2.6875, 10.75, 7.6875], "texture": "#1", "tintindex": 0},
				"up": {"uv": [9.4375, 2.6875, 10.75, 7.6875], "texture": "#1", "tintindex": 0},
				"down": {"uv": [9.4375, 2.6875, 10.75, 7.6875], "texture": "#1", "tintindex": 0}
			}
		},
		{
			"from": [5, 1, 14],
			"to": [12, 2, 14],
			"rotation": {"angle": 0, "axis": "y", "origin": [0, -4, 0]},
			"faces": {
				"north": {"uv": [14.4375, 9.625, 10.8125, 10.1875], "texture": "#1", "tintindex": 0},
				"east": {"uv": [14.4375, 9.625, 10.8125, 10.1875], "texture": "#1"},
				"south": {"uv": [14.4375, 9.625, 10.8125, 10.1875], "texture": "#1", "tintindex": 0},
				"west": {"uv": [14.4375, 9.625, 10.8125, 10.1875], "texture": "#1"},
				"up": {"uv": [14.4375, 9.625, 10.8125, 10.1875], "texture": "#1"},
				"down": {"uv": [14.4375, 9.625, 10.8125, 10.1875], "texture": "#1", "tintindex": 0}
			}
		},
		{
			"from": [4, 2, 14],
			"to": [13, 3, 14],
			"rotation": {"angle": 0, "axis": "y", "origin": [0, -4, 0]},
			"faces": {
				"north": {"uv": [14.25, 9.3125, 11.0625, 9.75], "texture": "#1", "tintindex": 0},
				"east": {"uv": [14.25, 9.3125, 11.0625, 9.75], "texture": "#1"},
				"south": {"uv": [14.25, 9.3125, 11.0625, 9.75], "texture": "#1", "tintindex": 0},
				"west": {"uv": [14.25, 9.3125, 11.0625, 9.75], "texture": "#1"},
				"up": {"uv": [14.25, 9.3125, 11.0625, 9.75], "texture": "#1"},
				"down": {"uv": [14.25, 9.3125, 11.0625, 9.75], "texture": "#1", "tintindex": 0}
			}
		},
		{
			"from": [3, 3, 14],
			"to": [14, 4, 14],
			"rotation": {"angle": 0, "axis": "y", "origin": [0, -4, 0]},
			"faces": {
				"north": {"uv": [14.25, 9, 11, 9.375], "texture": "#1", "tintindex": 0},
				"east": {"uv": [14.25, 9, 11, 9.375], "texture": "#1"},
				"south": {"uv": [14.5, 9.0625, 10.875, 9.375], "texture": "#1", "tintindex": 0},
				"west": {"uv": [14.25, 9, 11, 9.375], "texture": "#1"},
				"up": {"uv": [14.25, 9, 11, 9.375], "texture": "#1"},
				"down": {"uv": [14.25, 9, 11, 9.375], "texture": "#1", "tintindex": 0}
			}
		},
		{
			"from": [2, 4, 14],
			"to": [15, 5, 14],
			"rotation": {"angle": 0, "axis": "y", "origin": [0, -4, 0]},
			"faces": {
				"north": {"uv": [10.9375, 8.625, 14.3125, 9.125], "texture": "#1", "tintindex": 0},
				"east": {"uv": [10.9375, 8.625, 14.3125, 9.125], "texture": "#1"},
				"south": {"uv": [10.8125, 8.625, 14.4375, 9.3125], "texture": "#1", "tintindex": 0},
				"west": {"uv": [10.9375, 8.625, 14.3125, 9.125], "texture": "#1"},
				"up": {"uv": [10.9375, 8.625, 14.3125, 9.125], "texture": "#1"},
				"down": {"uv": [10.9375, 8.625, 14.3125, 9.125], "texture": "#1", "tintindex": 0}
			}
		},
		{
			"from": [1, 5, 14],
			"to": [16, 28, 14],
			"rotation": {"angle": 0, "axis": "y", "origin": [0, -4, 0]},
			"faces": {
				"north": {"uv": [11, 2.8125, 14.25, 8.6875], "texture": "#1", "tintindex": 0},
				"east": {"uv": [11, 2.8125, 14.25, 8.6875], "texture": "#1"},
				"south": {"uv": [10.5625, 2.6875, 14.6875, 8.6875], "texture": "#1", "tintindex": 0},
				"west": {"uv": [11, 2.8125, 14.25, 8.6875], "texture": "#1"},
				"up": {"uv": [11, 2.8125, 14.25, 8.6875], "texture": "#1"},
				"down": {"uv": [11, 2.8125, 14.25, 8.6875], "texture": "#1", "tintindex": 0}
			}
		},
		{
			"from": [8, 6, 10],
			"to": [9, 28, 11],
			"rotation": {"angle": 22.5, "axis": "x", "origin": [8.5, 18, 13.5]},
			"faces": {
				"north": {"uv": [1.0625, 12.4375, 15.125, 13.9375], "texture": "#1"},
				"east": {"uv": [1.0625, 12.4375, 15.125, 13.9375], "texture": "#1"},
				"south": {"uv": [1.0625, 12.4375, 15.125, 13.9375], "texture": "#1"},
				"west": {"uv": [1.0625, 12.4375, 15.125, 13.9375], "texture": "#1"},
				"up": {"uv": [1.0625, 12.4375, 15.125, 13.9375], "texture": "#1"},
				"down": {"uv": [1.0625, 12.4375, 15.125, 13.9375], "texture": "#1", "tintindex": 0}
			}
		},
		{
			"from": [1, 26, 13],
			"to": [16, 27, 15],
			"rotation": {"angle": 0, "axis": "y", "origin": [0, -4, 0]},
			"faces": {
				"north": {"uv": [1, 11.875, 15.125, 14.4375], "texture": "#1"},
				"east": {"uv": [1, 11.875, 15.125, 14.4375], "texture": "#1"},
				"south": {"uv": [0.9375, 12, 15.0625, 14.5625], "texture": "#1"},
				"west": {"uv": [1, 11.875, 15.125, 14.4375], "texture": "#1"},
				"up": {"uv": [1, 11.875, 15.125, 14.4375], "texture": "#1"},
				"down": {"uv": [1, 11.875, 15.125, 14.4375], "texture": "#1"}
			}
		}
	],
	"gui_light": "front",
	"display": {
		"thirdperson_righthand": {
			"rotation": [66.18, -0.4, 1.18],
			"translation": [-6.5, -15.5, -11],
			"scale": [1.12695, 1.12695, 1.12695]
		},
		"thirdperson_lefthand": {
			"rotation": [66.18, 1.1, 1.22],
			"translation": [-5, -10.25, -1.5],
			"scale": [1.27734, 1.27734, 1.27734]
		},
		"firstperson_righthand": {
			"translation": [6.25, 17.5, 0]
		},
		"firstperson_lefthand": {
			"translation": [6, 19.75, 0]
		},
		"ground": {
			"rotation": [-6.23, -24.19, 4.11],
			"translation": [0, -0.75, 0],
			"scale": [0.49, 0.52, 0.46484]
		},
		"gui": {
			"rotation": [-20.97, 45.85, 16.23],
			"translation": [-1, -9, -1],
			"scale": [0.70664, 0.70664, 0.70664]
		},
		"head": {
			"rotation": [-5.54, -0.16, 0.44],
			"translation": [-1.5, -23, 6.25],
			"scale": [1.76954, 1.92579, 1.92579]
		},
		"fixed": {
			"rotation": [179.82, 0.07, -179.56],
			"translation": [2.25, -29.5, -3],
			"scale": [4, 4, 4]
		}
	},
	"groups": [
		0,
		{
			"name": "group",
			"origin": [0, 0, 0],
			"color": 0,
			"children": [1, 2, 3, 4, 5, 6, 7, 8, 9]
		}
	]
}