{
	"credit": "Made with Blockbench",
	"texture_size": [64, 64],
	"textures": {
		"0": "./panda"
	},
	"elements": [
		{
			"name": "head",
			"from": [1.75, 6.125, -12.75],
			"to": [12.75, 16.125, -3.75],
			"rotation": {"angle": 0, "axis": "y", "origin": [8, 0, 8]},
			"faces": {
				"north": {"uv": [2.75, 3.75, 5.25, 6], "texture": "#0"},
				"east": {"uv": [0.25, 3.75, 2.75, 6], "texture": "#0"},
				"south": {"uv": [2.25, 1.5, 4.75, 3.75], "texture": "#0"},
				"west": {"uv": [5.25, 3.75, 7.75, 6], "texture": "#0"},
				"up": {"uv": [2.25, 1.5, 4.75, 3.75], "texture": "#0"},
				"down": {"uv": [5.5, 1.5, 8, 3.75], "texture": "#0"}
			}
		},
		{
			"name": "head",
			"from": [9.75, 14.125, -9.75],
			"to": [14.75, 18.125, -8.75],
			"rotation": {"angle": 0, "axis": "y", "origin": [8, 0, 8]},
			"faces": {
				"north": {"uv": [13.25, 6.5, 14.5, 7.5], "texture": "#0"},
				"east": {"uv": [13, 6.5, 13.25, 7.5], "texture": "#0"},
				"south": {"uv": [14.75, 6.5, 16, 7.5], "texture": "#0"},
				"west": {"uv": [14.5, 6.5, 14.75, 7.5], "texture": "#0"},
				"up": {"uv": [14.5, 6.5, 13.25, 6.25], "texture": "#0"},
				"down": {"uv": [15.75, 6.25, 14.5, 6.5], "texture": "#0"}
			}
		},
		{
			"name": "head",
			"from": [-0.25, 14.125, -9.75],
			"to": [4.75, 18.125, -8.75],
			"rotation": {"angle": 0, "axis": "y", "origin": [8, 0, 8]},
			"faces": {
				"north": {"uv": [13.25, 6.5, 14.5, 7.5], "texture": "#0"},
				"east": {"uv": [13, 6.5, 13.25, 7.5], "texture": "#0"},
				"south": {"uv": [14.75, 6.5, 16, 7.5], "texture": "#0"},
				"west": {"uv": [14.5, 6.5, 14.75, 7.5], "texture": "#0"},
				"up": {"uv": [14.5, 6.5, 13.25, 6.25], "texture": "#0"},
				"down": {"uv": [15.75, 6.25, 14.5, 6.5], "texture": "#0"}
			}
		},
		{
			"from": [4.5, 6.15, -14],
			"to": [10, 10.65, -12],
			"faces": {
				"north": {"uv": [12, 4.5, 13.25, 5.5], "texture": "#0"},
				"east": {"uv": [2.75, 3, 4.5, 2.125], "texture": "#0"},
				"south": {"uv": [2.75, 3.25, 3.125, 2.375], "texture": "#0"},
				"west": {"uv": [2.75, 2.5, 4, 2.875], "texture": "#0"},
				"up": {"uv": [4, 2.5, 3.375, 2.25], "texture": "#0"},
				"down": {"uv": [2.75, 2.25, 4.375, 2.75], "texture": "#0"}
			}
		}
	],
	"display": {
		"thirdperson_righthand": {
			"translation": [0, 0.5, 9.75],
			"scale": [0.5, 0.5, 0.5]
		},
		"thirdperson_lefthand": {
			"translation": [0, 0.5, 9.75],
			"scale": [0.5, 0.5, 0.5]
		},
		"firstperson_righthand": {
			"rotation": [0, 160, 0],
			"translation": [5.5, 0, -25.75]
		},
		"firstperson_lefthand": {
			"rotation": [0, 160, 0],
			"translation": [10.25, 0, -25.75]
		},
		"gui": {
			"rotation": [30, 135, 0],
			"translation": [9, 2.5, 0],
			"scale": [0.8, 0.8, 0.8]
		},
		"head": {
			"translation": [1.25, -4.75, 26.75],
			"scale": [1.7, 1.7, 1.7]
		}
	},
	"groups": [
		{
			"name": "head",
			"origin": [8.25, 10.5, -10],
			"color": 0,
			"children": [0, 1, 2, 3]
		}
	]
}