{"textures":{"0":"modelengine:entity/tear_of_god"},"elements":[{"from":[-3.7749996,-3.7750015,8.0],"to":[19.775,19.775002,8.0],"faces":{"south":{"uv":[7.5,0.0,0.0,7.5],"tintindex":0,"rotation":0,"texture":"#0"},"north":{"uv":[0.0,0.0,7.5,7.5],"tintindex":0,"rotation":0,"texture":"#0"}}},{"from":[8.0,-3.7750015,-3.7749996],"to":[8.0,19.775002,19.775],"faces":{"east":{"uv":[7.5,0.0,0.0,7.5],"tintindex":0,"rotation":0,"texture":"#0"},"west":{"uv":[0.0,0.0,7.5,7.5],"tintindex":0,"rotation":0,"texture":"#0"}}}],"display":{"gui":{"rotation":[30,225,0]}}}