{
	"credit": "Made with Blockbench",
	"textures": {
		"0": "./doombringer_sword_1",
		"1": "./Anjareliteglobal",
		"3": "./animasi2",
		"4": "./main",
		"5": "./3",
		"6": "./Denyooo",
		"8": "./Agang"
	},
	"elements": [
		{
			"name": "Handle",
			"from": [7.489, -5.7445, 7.489],
			"to": [8.511, 0.7555, 8.511],
			"rotation": {"angle": 0, "axis": "y", "origin": [8, -6, 8]},
			"faces": {
				"north": {"uv": [6.03125, 0, 7.03125, 6.5], "texture": "#8"},
				"east": {"uv": [0.125, 0, 1.03125, 2.1875], "texture": "#8"},
				"south": {"uv": [6, 0, 7.03125, 6.5], "texture": "#8"},
				"west": {"uv": [6.03125, 0.03125, 7.03125, 6.53125], "texture": "#8"},
				"up": {"uv": [4.03125, 9.03125, 3, 8], "texture": "#8"},
				"down": {"uv": [7.03125, 8, 6, 9.03125], "texture": "#8"}
			}
		},
		{
			"name": "Handle",
			"from": [8.4, 0, 7.61675],
			"to": [9.6, 0.7665, 8.38325],
			"rotation": {"angle": 0, "axis": "y", "origin": [8, -5, 8]},
			"faces": {
				"north": {"uv": [8.75, 0, 9, 0.1875], "texture": "#0"},
				"east": {"uv": [4.75, 8.875, 4.9375, 9.0625], "texture": "#0"},
				"south": {"uv": [0.25, 8.75, 0.5, 8.9375], "texture": "#0"},
				"west": {"uv": [5, 8.875, 5.1875, 9.0625], "texture": "#0"},
				"up": {"uv": [0.75, 8.9375, 0.5, 8.75], "texture": "#0"},
				"down": {"uv": [1, 8.75, 0.75, 8.9375], "texture": "#0"}
			}
		},
		{
			"name": "Handle",
			"from": [8.6643, -5.4379, 7.61675],
			"to": [9.1753, -4.6714, 8.38325],
			"rotation": {"angle": 0, "axis": "y", "origin": [8, -6, 8]},
			"faces": {
				"north": {"uv": [9.125, 2.875, 9.25, 3.0625], "texture": "#0"},
				"east": {"uv": [5.25, 8.875, 5.4375, 9.0625], "texture": "#0"},
				"south": {"uv": [9.125, 3.25, 9.25, 3.4375], "texture": "#0"},
				"west": {"uv": [8.875, 5.25, 9.0625, 5.4375], "texture": "#0"},
				"up": {"uv": [9.25, 3.6875, 9.125, 3.5], "texture": "#0"},
				"down": {"uv": [3.875, 9.125, 3.75, 9.3125], "texture": "#0"}
			}
		},
		{
			"name": "Handle",
			"from": [6.8247, -5.4379, 7.61675],
			"to": [7.3357, -4.6714, 8.38325],
			"rotation": {"angle": 0, "axis": "y", "origin": [8, -6, 8]},
			"faces": {
				"north": {"uv": [9.25, 2.875, 9.125, 3.0625], "texture": "#0"},
				"east": {"uv": [9.0625, 5.25, 8.875, 5.4375], "texture": "#0"},
				"south": {"uv": [9.25, 3.25, 9.125, 3.4375], "texture": "#0"},
				"west": {"uv": [5.4375, 8.875, 5.25, 9.0625], "texture": "#0"},
				"up": {"uv": [9.125, 3.6875, 9.25, 3.5], "texture": "#0"},
				"down": {"uv": [3.75, 9.125, 3.875, 9.3125], "texture": "#0"}
			}
		},
		{
			"name": "Handle",
			"from": [7.489, -7.9198, 7.3868],
			"to": [8.511, -6.8978, 8.6132],
			"rotation": {"angle": 45, "axis": "z", "origin": [8, -7.4088, 8]},
			"faces": {
				"north": {"uv": [8.375, 6.75, 8.625, 7], "texture": "#0"},
				"east": {"uv": [8.375, 2.75, 8.6875, 3], "texture": "#0"},
				"south": {"uv": [8.625, 6.75, 8.375, 7], "texture": "#0"},
				"west": {"uv": [8.375, 3, 8.6875, 3.25], "texture": "#0"},
				"up": {"uv": [6.5, 6.8125, 6.25, 6.5], "texture": "#0"},
				"down": {"uv": [8.625, 3.25, 8.375, 3.5625], "texture": "#0"}
			}
		},
		{
			"name": "Handle",
			"from": [7.489, -7.4308, 7.5401],
			"to": [7.8978, -7.022, 8.4599],
			"rotation": {"angle": 45, "axis": "z", "origin": [8, -6.9198, 8]},
			"faces": {
				"north": {"uv": [9.25, 1.125, 9.34375, 1.21875], "texture": "#0"},
				"east": {"uv": [6.875, 9.125, 7.09375, 9.21875], "texture": "#0"},
				"south": {"uv": [9.25, 1.25, 9.34375, 1.34375], "texture": "#0"},
				"west": {"uv": [9.125, 6.875, 9.34375, 6.96875], "texture": "#0"},
				"up": {"uv": [6.71875, 9.34375, 6.625, 9.125], "texture": "#0"},
				"down": {"uv": [9.21875, 7, 9.125, 7.21875], "texture": "#0"}
			}
		},
		{
			"name": "Handle",
			"from": [7.1313, -7.7665, 7.4379],
			"to": [8.511, -6.3868, 8.5621],
			"rotation": {"angle": 45, "axis": "z", "origin": [8, -6.8978, 8]},
			"faces": {
				"north": {"uv": [7.5, 5.25, 7.84375, 5.59375], "texture": "#0"},
				"east": {"uv": [8.25, 0.75, 8.53125, 1.09375], "texture": "#0"},
				"south": {"uv": [7.84375, 5.25, 7.5, 5.59375], "texture": "#0"},
				"west": {"uv": [8.25, 1.125, 8.53125, 1.46875], "texture": "#0"},
				"up": {"uv": [8.59375, 1.78125, 8.25, 1.5], "texture": "#0"},
				"down": {"uv": [8.59375, 1.875, 8.25, 2.15625], "texture": "#0"}
			}
		},
		{
			"name": "Handle",
			"from": [7.1313, -8.022, 7.489],
			"to": [8.511, -7.2555, 8.511],
			"rotation": {"angle": 45, "axis": "z", "origin": [8, -7.1533, 8]},
			"faces": {
				"north": {"uv": [8.375, 5.5, 8.71875, 5.6875], "texture": "#0"},
				"east": {"uv": [1, 8.75, 1.25, 8.9375], "texture": "#0"},
				"south": {"uv": [8.375, 6, 8.71875, 6.1875], "texture": "#0"},
				"west": {"uv": [1.25, 8.75, 1.5, 8.9375], "texture": "#0"},
				"up": {"uv": [7.09375, 8.5, 6.75, 8.25], "texture": "#0"},
				"down": {"uv": [7.46875, 8.25, 7.125, 8.5], "texture": "#0"}
			}
		},
		{
			"name": "Handle",
			"from": [7.489, -8.022, 7.489],
			"to": [8.8687, -7.2555, 8.511],
			"rotation": {"angle": -45, "axis": "z", "origin": [8, -7.1533, 8]},
			"faces": {
				"north": {"uv": [8.375, 6.25, 8.71875, 6.4375], "texture": "#0"},
				"east": {"uv": [1.5, 8.75, 1.75, 8.9375], "texture": "#0"},
				"south": {"uv": [8.375, 6.5, 8.71875, 6.6875], "texture": "#0"},
				"west": {"uv": [1.75, 8.75, 2, 8.9375], "texture": "#0"},
				"up": {"uv": [7.84375, 8.5, 7.5, 8.25], "texture": "#0"},
				"down": {"uv": [8.21875, 8.25, 7.875, 8.5], "texture": "#0"}
			}
		},
		{
			"from": [5.99934, 1.9361, 6.75932],
			"to": [9.9716, 4.5966, 9.25468],
			"rotation": {"angle": 0, "axis": "y", "origin": [6.92428, 1.9361, 2.26684]},
			"faces": {
				"north": {"uv": [1.75, 0, 3, 0.84375], "texture": "#4"},
				"east": {"uv": [1.25, 3, 2.03125, 3.84375], "texture": "#4"},
				"south": {"uv": [1.75, 1, 3, 1.84375], "texture": "#4"},
				"west": {"uv": [2.25, 3, 3.03125, 3.84375], "texture": "#4"},
				"up": {"uv": [1.25, 2.78125, 0, 2], "texture": "#4"},
				"down": {"uv": [2.5, 2, 1.25, 2.78125], "texture": "#4"}
			}
		},
		{
			"from": [6.68873, 1.23403, 6.97583],
			"to": [9.34922, 1.69592, 8.97235],
			"rotation": {"angle": 0, "axis": "y", "origin": [7.75108, 1.41879, 6.95505]},
			"faces": {
				"north": {"uv": [8, 0.25, 8.84375, 0.40625], "texture": "#4"},
				"east": {"uv": [6.5, 8.5, 7.125, 8.65625], "texture": "#4"},
				"south": {"uv": [8, 0.25, 8.84375, 0.40625], "texture": "#4"},
				"west": {"uv": [8.25, 8.5, 8.875, 8.65625], "texture": "#4"},
				"up": {"uv": [1.34375, 4.625, 0.5, 4], "texture": "#4"},
				"down": {"uv": [2.34375, 4, 1.5, 4.625], "texture": "#4"}
			}
		},
		{
			"from": [6.45778, 1.67744, 6.75932],
			"to": [9.58017, 1.9361, 9.25468],
			"rotation": {"angle": 0, "axis": "y", "origin": [6.53168, 1.9361, 6.701]},
			"faces": {
				"north": {"uv": [1.5, 8.75, 2.46875, 8.84375], "texture": "#4"},
				"east": {"uv": [9.25, 4.25, 10.03125, 4.34375], "texture": "#4"},
				"south": {"uv": [8.75, 2, 9.71875, 2.09375], "texture": "#4"},
				"west": {"uv": [9.25, 4.5, 10.03125, 4.59375], "texture": "#4"},
				"up": {"uv": [3.96875, 0.78125, 3, 0], "texture": "#4"},
				"down": {"uv": [3.96875, 1, 3, 1.78125], "texture": "#4"}
			}
		},
		{
			"from": [6.68873, 0.77214, 7.12017],
			"to": [9.34922, 1.23403, 8.88113],
			"rotation": {"angle": 0, "axis": "y", "origin": [7.15062, 0.31025, 7.26451]},
			"faces": {
				"north": {"uv": [8, 1.25, 8.84375, 1.40625], "texture": "#4"},
				"east": {"uv": [8.75, 6.75, 9.3125, 6.90625], "texture": "#4"},
				"south": {"uv": [8, 1.25, 8.84375, 1.40625], "texture": "#4"},
				"west": {"uv": [8.75, 7, 9.3125, 7.15625], "texture": "#4"},
				"up": {"uv": [3.34375, 4.5625, 2.5, 4], "texture": "#4"},
				"down": {"uv": [4.84375, 3, 4, 3.5625], "texture": "#4"}
			}
		},
		{
			"from": [6.85636, 4.25653, 6.74128],
			"to": [9.11169, 5.48343, 9.31054],
			"rotation": {"angle": 0, "axis": "y", "origin": [7.67097, 4.09776, 7.17791]},
			"faces": {
				"north": {"uv": [2.75, 5.75, 3.46875, 6.125], "texture": "#4"},
				"east": {"uv": [5.25, 4.25, 6.0625, 4.625], "texture": "#4"},
				"south": {"uv": [5.75, 3, 6.46875, 3.375], "texture": "#4"},
				"west": {"uv": [4.5, 5.25, 5.3125, 5.625], "texture": "#4"},
				"up": {"uv": [3.96875, 3.8125, 3.25, 3], "texture": "#4"},
				"down": {"uv": [4.46875, 2, 3.75, 2.8125], "texture": "#4"}
			}
		},
		{
			"from": [6.14775, 3.9645, 6.83149],
			"to": [8.25398, 5.14694, 9.16981],
			"rotation": {"angle": -45, "axis": "z", "origin": [6.90526, 4.46703, 7.37536]},
			"faces": {
				"north": {"uv": [2.5, 6.25, 3.15625, 6.625], "texture": "#4"},
				"east": {"uv": [5.75, 3.5, 6.46875, 3.875], "texture": "#4"},
				"south": {"uv": [6.25, 2.5, 6.90625, 2.875], "texture": "#4"},
				"west": {"uv": [4.5, 5.75, 5.21875, 6.125], "texture": "#4"},
				"up": {"uv": [4.15625, 4.71875, 3.5, 4], "texture": "#4"},
				"down": {"uv": [4.90625, 3.75, 4.25, 4.46875], "texture": "#4"}
			}
		},
		{
			"from": [7.7081, 3.9645, 6.83149],
			"to": [9.81432, 5.14694, 9.16981],
			"rotation": {"angle": 45, "axis": "z", "origin": [9.05682, 4.46703, 7.79453]},
			"faces": {
				"north": {"uv": [6.25, 4, 6.90625, 4.375], "texture": "#4"},
				"east": {"uv": [5.25, 5.75, 5.96875, 6.125], "texture": "#4"},
				"south": {"uv": [4.25, 6.25, 4.90625, 6.625], "texture": "#4"},
				"west": {"uv": [6, 0, 6.71875, 0.375], "texture": "#4"},
				"up": {"uv": [5.15625, 0.71875, 4.5, 0], "texture": "#4"},
				"down": {"uv": [5.15625, 0.75, 4.5, 1.46875], "texture": "#4"}
			}
		},
		{
			"from": [0.27756, 4.62019, 8.01452],
			"to": [16.36846, 29.74144, 8.01452],
			"rotation": {"angle": 0, "axis": "y", "origin": [7.99259, 22.16519, 7.80579]},
			"faces": {
				"north": {"uv": [5.47693, 0, 8.63141, 8.31335], "texture": "#3"},
				"east": {"uv": [0, 0, 0, 0.03076], "texture": "#3"},
				"south": {"uv": [8.65186, 0, 5.50971, 8.36023], "texture": "#3"},
				"west": {"uv": [0, 0, 0, 0.03076], "texture": "#3"},
				"up": {"uv": [0.01849, 0, 0, 0], "texture": "#3"},
				"down": {"uv": [0.01849, 0, 0, 0], "texture": "#3"}
			}
		},
		{
			"from": [-5.22569, 6.29099, 7.45612],
			"to": [-4.18894, 7.68862, 8.57423],
			"rotation": {"angle": 45, "axis": "z", "origin": [3.22271, 16.517, 7.88817]},
			"faces": {
				"north": {"uv": [7.75, 6.25, 8.0625, 6.6875], "texture": "#4"},
				"east": {"uv": [7.5, 5.25, 7.84375, 5.6875], "texture": "#4"},
				"south": {"uv": [7.75, 6.75, 8.0625, 7.1875], "texture": "#4"},
				"west": {"uv": [7.5, 5.75, 7.84375, 6.1875], "texture": "#4"},
				"up": {"uv": [8.8125, 4.09375, 8.5, 3.75], "texture": "#4"},
				"down": {"uv": [5.0625, 8.5, 4.75, 8.84375], "texture": "#4"}
			}
		},
		{
			"from": [4.22448, 3.48582, 7.39894],
			"to": [6.0821, 5.03355, 8.65681],
			"rotation": {"angle": 0, "axis": "y", "origin": [7.71587, 16.0603, 7.86277]},
			"faces": {
				"north": {"uv": [5.75, 0.5, 6.34375, 1], "texture": "#4"},
				"east": {"uv": [6.75, 2, 7.15625, 2.5], "texture": "#4"},
				"south": {"uv": [5.75, 1, 6.34375, 1.5], "texture": "#4"},
				"west": {"uv": [4.75, 6.75, 5.15625, 7.25], "texture": "#4"},
				"up": {"uv": [0.59375, 6.90625, 0, 6.5], "texture": "#4"},
				"down": {"uv": [7.09375, 0.5, 6.5, 0.90625], "texture": "#4"}
			}
		},
		{
			"from": [5.15993, 17.5937, 7.67942],
			"to": [6.35618, 20.17147, 8.31742],
			"rotation": {"angle": 22.5, "axis": "z", "origin": [6.98855, 14.79482, 7.66781]},
			"faces": {
				"north": {"uv": [0, 5.5, 0.375, 6.3125], "texture": "#4"},
				"east": {"uv": [4.25, 7.5, 4.4375, 8.3125], "texture": "#4"},
				"south": {"uv": [0.5, 5.5, 0.875, 6.3125], "texture": "#4"},
				"west": {"uv": [7.5, 4.25, 7.6875, 5.0625], "texture": "#4"},
				"up": {"uv": [9.625, 4.9375, 9.25, 4.75], "texture": "#4"},
				"down": {"uv": [5.375, 9.25, 5, 9.4375], "texture": "#4"}
			}
		},
		{
			"from": [4.13698, 12.35365, 7.60693],
			"to": [5.33323, 17.13865, 8.40443],
			"rotation": {"angle": 0, "axis": "y", "origin": [7.09115, 12.97858, 7.86234]},
			"faces": {
				"north": {"uv": [0, 4, 0.375, 5.5], "texture": "#4"},
				"east": {"uv": [4.5, 1.5, 4.75, 3], "texture": "#4"},
				"south": {"uv": [4, 0, 4.375, 1.5], "texture": "#4"},
				"west": {"uv": [4.25, 4.5, 4.5, 6], "texture": "#4"},
				"up": {"uv": [0.375, 9, 0, 8.75], "texture": "#4"},
				"down": {"uv": [0.875, 8.75, 0.5, 9], "texture": "#4"}
			}
		},
		{
			"from": [4.41437, 10.23222, 7.76715],
			"to": [5.21187, 12.22597, 8.2297],
			"rotation": {"angle": 22.5, "axis": "z", "origin": [7.42551, 10.36494, 8.2289]},
			"faces": {
				"north": {"uv": [3, 7.5, 3.25, 8.125], "texture": "#4"},
				"east": {"uv": [7.25, 8.5, 7.40625, 9.125], "texture": "#4"},
				"south": {"uv": [7.5, 3, 7.75, 3.625], "texture": "#4"},
				"west": {"uv": [7.5, 8.5, 7.65625, 9.125], "texture": "#4"},
				"up": {"uv": [8.5, 9.90625, 8.25, 9.75], "texture": "#4"},
				"down": {"uv": [10, 8.25, 9.75, 8.40625], "texture": "#4"}
			}
		},
		{
			"from": [4.63366, 7.62495, 7.75917],
			"to": [5.43116, 9.39519, 8.23767],
			"rotation": {"angle": 0, "axis": "y", "origin": [3.87358, 13.79641, 8.09433]},
			"faces": {
				"north": {"uv": [4.5, 7.5, 4.75, 8.0625], "texture": "#4"},
				"east": {"uv": [4, 8.75, 4.15625, 9.3125], "texture": "#4"},
				"south": {"uv": [7.75, 2.5, 8, 3.0625], "texture": "#4"},
				"west": {"uv": [7, 8.75, 7.15625, 9.3125], "texture": "#4"},
				"up": {"uv": [8.75, 9.90625, 8.5, 9.75], "texture": "#4"},
				"down": {"uv": [9, 9.75, 8.75, 9.90625], "texture": "#4"}
			}
		},
		{
			"from": [5.29507, 10.26457, 7.4322],
			"to": [6.49132, 13.05582, 8.54072],
			"rotation": {"angle": -22.5, "axis": "z", "origin": [6.96281, 15.05574, 7.9127]},
			"faces": {
				"north": {"uv": [2.75, 4.75, 3.125, 5.625], "texture": "#4"},
				"east": {"uv": [3.75, 5.5, 4.09375, 6.375], "texture": "#4"},
				"south": {"uv": [3.25, 4.75, 3.625, 5.625], "texture": "#4"},
				"west": {"uv": [5.5, 4.75, 5.84375, 5.625], "texture": "#4"},
				"up": {"uv": [2.875, 8.34375, 2.5, 8], "texture": "#4"},
				"down": {"uv": [8.375, 2.5, 8, 2.84375], "texture": "#4"}
			}
		},
		{
			"from": [3.58852, 10.86875, 7.59967],
			"to": [4.78477, 11.2675, 8.39717],
			"rotation": {"angle": 0, "axis": "y", "origin": [7.08627, 15.44141, 7.28416]},
			"faces": {
				"north": {"uv": [9.75, 0.5, 10.125, 0.625], "texture": "#4"},
				"east": {"uv": [5, 10, 5.25, 10.125], "texture": "#4"},
				"south": {"uv": [9.75, 0.75, 10.125, 0.875], "texture": "#4"},
				"west": {"uv": [10, 5, 10.25, 5.125], "texture": "#4"},
				"up": {"uv": [9.125, 0.75, 8.75, 0.5], "texture": "#4"},
				"down": {"uv": [9.125, 0.75, 8.75, 1], "texture": "#4"}
			}
		},
		{
			"from": [2.91843, 12.45948, 7.44017],
			"to": [4.51343, 13.25698, 8.53275],
			"rotation": {"angle": 45, "axis": "z", "origin": [6.65731, 12.87174, 6.51539]},
			"faces": {
				"north": {"uv": [8.25, 3.5, 8.75, 3.75], "texture": "#4"},
				"east": {"uv": [0.25, 9, 0.59375, 9.25], "texture": "#4"},
				"south": {"uv": [8.25, 4.75, 8.75, 5], "texture": "#4"},
				"west": {"uv": [9, 0.25, 9.34375, 0.5], "texture": "#4"},
				"up": {"uv": [7.5, 6.34375, 7, 6], "texture": "#4"},
				"down": {"uv": [7.75, 0.5, 7.25, 0.84375], "texture": "#4"}
			}
		},
		{
			"from": [3.74111, 10.50035, 7.63955],
			"to": [4.93736, 10.8991, 8.3573],
			"rotation": {"angle": 22.5, "axis": "z", "origin": [3.74111, 10.50035, 6.7623]},
			"faces": {
				"north": {"uv": [9.75, 1, 10.125, 1.125], "texture": "#4"},
				"east": {"uv": [6, 10, 6.21875, 10.125], "texture": "#4"},
				"south": {"uv": [1.25, 9.75, 1.625, 9.875], "texture": "#4"},
				"west": {"uv": [10, 6, 10.21875, 6.125], "texture": "#4"},
				"up": {"uv": [9.375, 1.21875, 9, 1], "texture": "#4"},
				"down": {"uv": [1.625, 9, 1.25, 9.21875], "texture": "#4"}
			}
		},
		{
			"from": [2.29212, 9.46935, 7.83183],
			"to": [2.7785, 9.95572, 8.12365],
			"rotation": {"angle": 22.5, "axis": "z", "origin": [7.85591, 13.21043, 7.87743]},
			"faces": {
				"north": {"uv": [7.25, 10, 7.40625, 10.15625], "texture": "#4"},
				"east": {"uv": [10, 10, 10.09375, 10.15625], "texture": "#4"},
				"south": {"uv": [10, 7.25, 10.15625, 7.40625], "texture": "#4"},
				"west": {"uv": [0, 10.25, 0.09375, 10.40625], "texture": "#4"},
				"up": {"uv": [0.40625, 10.34375, 0.25, 10.25], "texture": "#4"},
				"down": {"uv": [0.65625, 10.25, 0.5, 10.34375], "texture": "#4"}
			}
		},
		{
			"from": [1.21126, 10.47764, 7.68523],
			"to": [2.18401, 11.27514, 8.26887],
			"rotation": {"angle": 45, "axis": "z", "origin": [7.93433, 13.73328, 7.98996]},
			"faces": {
				"north": {"uv": [9, 1.75, 9.3125, 2], "texture": "#4"},
				"east": {"uv": [9.75, 1.25, 9.9375, 1.5], "texture": "#4"},
				"south": {"uv": [4.75, 9, 5.0625, 9.25], "texture": "#4"},
				"west": {"uv": [9.75, 1.5, 9.9375, 1.75], "texture": "#4"},
				"up": {"uv": [9.8125, 6.1875, 9.5, 6], "texture": "#4"},
				"down": {"uv": [6.5625, 9.5, 6.25, 9.6875], "texture": "#4"}
			}
		},
		{
			"from": [5.47677, 4.95377, 7.58864],
			"to": [6.44952, 6.69109, 8.36683],
			"rotation": {"angle": 0, "axis": "y", "origin": [7.93433, 13.73328, 7.98996]},
			"faces": {
				"north": {"uv": [7.25, 6.5, 7.5625, 7.03125], "texture": "#4"},
				"east": {"uv": [0.5, 8, 0.75, 8.53125], "texture": "#4"},
				"south": {"uv": [6.75, 7.25, 7.0625, 7.78125], "texture": "#4"},
				"west": {"uv": [0.75, 8, 1, 8.53125], "texture": "#4"},
				"up": {"uv": [5.5625, 9.25, 5.25, 9], "texture": "#4"},
				"down": {"uv": [9.3125, 5.25, 9, 5.5], "texture": "#4"}
			}
		},
		{
			"from": [5.26247, 6.76739, 7.76715],
			"to": [5.74886, 8.56489, 8.1659],
			"rotation": {"angle": 45, "axis": "z", "origin": [5.26247, 7.76739, 7.7193]},
			"faces": {
				"north": {"uv": [9.75, 9, 9.90625, 9.25], "texture": "#4"},
				"east": {"uv": [5.25, 10, 5.375, 10.25], "texture": "#4"},
				"south": {"uv": [9.75, 9.25, 9.90625, 9.5], "texture": "#4"},
				"west": {"uv": [10, 5.25, 10.125, 5.5], "texture": "#4"},
				"up": {"uv": [8.90625, 10.125, 8.75, 10], "texture": "#4"},
				"down": {"uv": [10.15625, 8.75, 10, 8.875], "texture": "#4"}
			}
		},
		{
			"from": [4.14729, 7.62495, 7.75917],
			"to": [5.12004, 8.11132, 8.14828],
			"rotation": {"angle": 0, "axis": "y", "origin": [5.43613, 14.20449, 7.92607]},
			"faces": {
				"north": {"uv": [9.5, 8.5, 9.8125, 8.65625], "texture": "#4"},
				"east": {"uv": [9, 10, 9.125, 10.15625], "texture": "#4"},
				"south": {"uv": [9.5, 8.75, 9.8125, 8.90625], "texture": "#4"},
				"west": {"uv": [10, 9, 10.125, 9.15625], "texture": "#4"},
				"up": {"uv": [10.0625, 9.625, 9.75, 9.5], "texture": "#4"},
				"down": {"uv": [10.0625, 9.75, 9.75, 9.875], "texture": "#4"}
			}
		},
		{
			"from": [2.89486, 7.79535, 7.63728],
			"to": [3.8676, 8.52491, 8.3182],
			"rotation": {"angle": 22.5, "axis": "z", "origin": [7.93433, 13.73328, 7.98996]},
			"faces": {
				"north": {"uv": [7.25, 9.25, 7.5625, 9.46875], "texture": "#4"},
				"east": {"uv": [7.5, 6.25, 7.71875, 6.46875], "texture": "#4"},
				"south": {"uv": [9.25, 7.25, 9.5625, 7.46875], "texture": "#4"},
				"west": {"uv": [8, 3, 8.21875, 3.21875], "texture": "#4"},
				"up": {"uv": [9.5625, 7.71875, 9.25, 7.5], "texture": "#4"},
				"down": {"uv": [8.0625, 9.25, 7.75, 9.46875], "texture": "#4"}
			}
		},
		{
			"from": [2.39725, 19.52353, 7.6236],
			"to": [4.15175, 20.95903, 8.453],
			"rotation": {"angle": 0, "axis": "y", "origin": [7.18225, 19.52353, 7.21687]},
			"faces": {
				"north": {"uv": [5.75, 6.25, 6.3125, 6.6875], "texture": "#4"},
				"east": {"uv": [1.5, 7.75, 1.84375, 8.1875], "texture": "#4"},
				"south": {"uv": [5, 6.25, 5.5625, 6.6875], "texture": "#4"},
				"west": {"uv": [7.75, 0.5, 8.09375, 0.9375], "texture": "#4"},
				"up": {"uv": [7.5625, 2.84375, 7, 2.5], "texture": "#4"},
				"down": {"uv": [3.5625, 7, 3, 7.34375], "texture": "#4"}
			}
		},
		{
			"from": [3.31856, 22.01558, 7.63157],
			"to": [4.91356, 23.45108, 8.44502],
			"rotation": {"angle": 22.5, "axis": "z", "origin": [7.18849, 19.57236, 7.4003]},
			"faces": {
				"north": {"uv": [6.5, 5.25, 7, 5.6875], "texture": "#4"},
				"east": {"uv": [7.75, 7.75, 8.0625, 8.1875], "texture": "#4"},
				"south": {"uv": [6.5, 1, 7, 1.4375], "texture": "#4"},
				"west": {"uv": [7.75, 7.25, 8.0625, 7.6875], "texture": "#4"},
				"up": {"uv": [3.75, 7.8125, 3.25, 7.5], "texture": "#4"},
				"down": {"uv": [8, 3.75, 7.5, 4.0625], "texture": "#4"}
			}
		},
		{
			"from": [4.93868, 24.01898, 7.63955],
			"to": [6.53368, 25.45448, 8.43705],
			"rotation": {"angle": 45, "axis": "z", "origin": [7.16083, 19.61376, 7.40827]},
			"faces": {
				"north": {"uv": [6.5, 6.25, 7, 6.6875], "texture": "#4"},
				"east": {"uv": [0.75, 6.5, 1, 6.9375], "texture": "#4"},
				"south": {"uv": [6.5, 5.75, 7, 6.1875], "texture": "#4"},
				"west": {"uv": [3.5, 5.75, 3.75, 6.1875], "texture": "#4"},
				"up": {"uv": [8.75, 5.25, 8.25, 5], "texture": "#4"},
				"down": {"uv": [8.75, 6.25, 8.25, 6.5], "texture": "#4"}
			}
		},
		{
			"from": [4.48392, 15.80544, 7.60765],
			"to": [5.20167, 17.45626, 8.46895],
			"rotation": {"angle": -45, "axis": "z", "origin": [7.26561, 19.5202, 7.32852]},
			"faces": {
				"north": {"uv": [4.5, 8.25, 4.71875, 8.78125], "texture": "#4"},
				"east": {"uv": [0, 7.5, 0.3125, 8.03125], "texture": "#4"},
				"south": {"uv": [3, 8.25, 3.21875, 8.78125], "texture": "#4"},
				"west": {"uv": [7.25, 7.25, 7.5625, 7.78125], "texture": "#4"},
				"up": {"uv": [9.71875, 1.8125, 9.5, 1.5], "texture": "#4"},
				"down": {"uv": [1.96875, 9.5, 1.75, 9.8125], "texture": "#4"}
			}
		},
		{
			"from": [2.76911, 20.66857, 7.61562],
			"to": [4.34816, 21.38632, 8.46097],
			"rotation": {"angle": 22.5, "axis": "z", "origin": [7.26561, 19.5202, 7.34447]},
			"faces": {
				"north": {"uv": [3.25, 8.5, 3.75, 8.71875], "texture": "#4"},
				"east": {"uv": [5, 9.5, 5.28125, 9.71875], "texture": "#4"},
				"south": {"uv": [8.5, 2.75, 9, 2.96875], "texture": "#4"},
				"west": {"uv": [9.5, 4, 9.78125, 4.21875], "texture": "#4"},
				"up": {"uv": [8.25, 3.53125, 7.75, 3.25], "texture": "#4"},
				"down": {"uv": [4.25, 7.75, 3.75, 8.03125], "texture": "#4"}
			}
		},
		{
			"from": [0.57432, 21.424, 7.60765],
			"to": [2.29692, 23.57725, 8.4849],
			"rotation": {"angle": -22.5, "axis": "z", "origin": [7.26561, 19.5202, 7.32852]},
			"faces": {
				"north": {"uv": [0.5, 4.75, 1.03125, 5.4375], "texture": "#4"},
				"east": {"uv": [5.75, 2.25, 6.15625, 2.9375], "texture": "#4"},
				"south": {"uv": [4.5, 4.5, 5.03125, 5.1875], "texture": "#4"},
				"west": {"uv": [5.75, 1.5, 6.15625, 2.1875], "texture": "#4"},
				"up": {"uv": [7.28125, 0.40625, 6.75, 0], "texture": "#4"},
				"down": {"uv": [7.28125, 1.5, 6.75, 1.90625], "texture": "#4"}
			}
		},
		{
			"from": [5.40292, 25.39782, 7.61562],
			"to": [6.83842, 27.12042, 8.46097],
			"rotation": {"angle": 22.5, "axis": "z", "origin": [7.26561, 19.5202, 7.32852]},
			"faces": {
				"north": {"uv": [6.5, 4.5, 6.9375, 5.03125], "texture": "#4"},
				"east": {"uv": [2, 7, 2.375, 7.53125], "texture": "#4"},
				"south": {"uv": [3.75, 6.5, 4.1875, 7.03125], "texture": "#4"},
				"west": {"uv": [1.5, 7, 1.875, 7.53125], "texture": "#4"},
				"up": {"uv": [7.9375, 1.875, 7.5, 1.5], "texture": "#4"},
				"down": {"uv": [2.9375, 7.5, 2.5, 7.875], "texture": "#4"}
			}
		},
		{
			"from": [0.09287, 21.37479, 7.6236],
			"to": [0.95417, 23.74337, 8.453],
			"rotation": {"angle": -45, "axis": "z", "origin": [7.26561, 19.5202, 7.32852]},
			"faces": {
				"north": {"uv": [4.25, 6.75, 4.53125, 7.5], "texture": "#4"},
				"east": {"uv": [6.5, 3, 6.8125, 3.75], "texture": "#4"},
				"south": {"uv": [2.5, 6.75, 2.78125, 7.5], "texture": "#4"},
				"west": {"uv": [3.25, 6.25, 3.5625, 7], "texture": "#4"},
				"up": {"uv": [9.03125, 7.5625, 8.75, 7.25], "texture": "#4"},
				"down": {"uv": [8.03125, 8.75, 7.75, 9.0625], "texture": "#4"}
			}
		},
		{
			"from": [-0.0272, 17.5474, 7.61562],
			"to": [1.55185, 19.54115, 8.46097],
			"rotation": {"angle": -45, "axis": "z", "origin": [6.87087, 19.12546, 7.22485]},
			"faces": {
				"north": {"uv": [5.25, 1.25, 5.75, 1.875], "texture": "#4"},
				"east": {"uv": [5.25, 2, 5.75, 2.625], "texture": "#4"},
				"south": {"uv": [3.75, 4.75, 4.25, 5.375], "texture": "#4"},
				"west": {"uv": [5.25, 0.5, 5.75, 1.125], "texture": "#4"},
				"up": {"uv": [6.75, 2, 6.25, 1.5], "texture": "#4"},
				"down": {"uv": [6.75, 2, 6.25, 2.5], "texture": "#4"}
			}
		},
		{
			"from": [1.94614, 23.37424, 7.63157],
			"to": [2.80744, 25.24039, 8.44502],
			"rotation": {"angle": -22.5, "axis": "z", "origin": [7.26561, 19.5202, 7.32852]},
			"faces": {
				"north": {"uv": [5.75, 7.25, 6.03125, 7.84375], "texture": "#4"},
				"east": {"uv": [6.25, 7.25, 6.53125, 7.84375], "texture": "#4"},
				"south": {"uv": [4.75, 7.25, 5.03125, 7.84375], "texture": "#4"},
				"west": {"uv": [5.25, 7.25, 5.53125, 7.84375], "texture": "#4"},
				"up": {"uv": [9.28125, 4.03125, 9, 3.75], "texture": "#4"},
				"down": {"uv": [4.53125, 9, 4.25, 9.28125], "texture": "#4"}
			}
		},
		{
			"from": [4.92768, 26.96929, 7.61562],
			"to": [5.78898, 27.60729, 8.46097],
			"rotation": {"angle": 0, "axis": "y", "origin": [4.92768, 26.96929, 7.54385]},
			"faces": {
				"north": {"uv": [7.25, 9.5, 7.53125, 9.6875], "texture": "#4"},
				"east": {"uv": [9.5, 6.75, 9.8125, 6.9375], "texture": "#4"},
				"south": {"uv": [9.5, 7, 9.78125, 7.1875], "texture": "#4"},
				"west": {"uv": [6.75, 9.5, 7.0625, 9.6875], "texture": "#4"},
				"up": {"uv": [9.03125, 8.0625, 8.75, 7.75], "texture": "#4"},
				"down": {"uv": [8.53125, 8.75, 8.25, 9.0625], "texture": "#4"}
			}
		},
		{
			"from": [7.4359, 23.15736, 7.72087],
			"to": [8.5762, 23.72751, 8.40505],
			"rotation": {"angle": 22.5, "axis": "z", "origin": [7.4359, 24.29766, 7.16266]},
			"faces": {
				"north": {"uv": [9.25, 8.25, 9.59375, 8.4375], "texture": "#4"},
				"east": {"uv": [5.25, 9.75, 5.46875, 9.9375], "texture": "#4"},
				"south": {"uv": [2, 9.5, 2.34375, 9.6875], "texture": "#4"},
				"west": {"uv": [5.5, 9.75, 5.71875, 9.9375], "texture": "#4"},
				"up": {"uv": [9.34375, 8.71875, 9, 8.5], "texture": "#4"},
				"down": {"uv": [9.34375, 8.75, 9, 8.96875], "texture": "#4"}
			}
		},
		{
			"from": [7.16414, 22.65282, 7.72087],
			"to": [7.73428, 23.79311, 8.40505],
			"rotation": {"angle": 45, "axis": "z", "origin": [8.30443, 23.79311, 7.16266]},
			"faces": {
				"north": {"uv": [9.25, 8.25, 9.59375, 8.4375], "texture": "#4"},
				"east": {"uv": [6.75, 9, 6.96875, 9.34375], "texture": "#4"},
				"south": {"uv": [2, 9.5, 2.34375, 9.6875], "texture": "#4"},
				"west": {"uv": [9, 9, 9.21875, 9.34375], "texture": "#4"},
				"up": {"uv": [5.9375, 9.96875, 5.75, 9.75], "texture": "#4"},
				"down": {"uv": [6.1875, 9.75, 6, 9.96875], "texture": "#4"}
			}
		},
		{
			"from": [8.09046, 22.93322, 7.72087],
			"to": [9.23075, 23.50336, 8.40505],
			"rotation": {"angle": -22.5, "axis": "z", "origin": [8.09046, 24.07351, 7.16266]},
			"faces": {
				"north": {"uv": [9.25, 8.25, 9.59375, 8.4375], "texture": "#4"},
				"east": {"uv": [5.25, 9.75, 5.46875, 9.9375], "texture": "#4"},
				"south": {"uv": [2, 9.5, 2.34375, 9.6875], "texture": "#4"},
				"west": {"uv": [5.5, 9.75, 5.71875, 9.9375], "texture": "#4"},
				"up": {"uv": [9.34375, 8.71875, 9, 8.5], "texture": "#4"},
				"down": {"uv": [9.34375, 8.75, 9, 8.96875], "texture": "#4"}
			}
		},
		{
			"from": [7.78548, 23.11039, 7.72087],
			"to": [8.92577, 23.68054, 8.40505],
			"rotation": {"angle": 0, "axis": "y", "origin": [7.78548, 24.25069, 7.16266]},
			"faces": {
				"north": {"uv": [9.25, 8.25, 9.59375, 8.4375], "texture": "#4"},
				"east": {"uv": [5.25, 9.75, 5.46875, 9.9375], "texture": "#4"},
				"south": {"uv": [2, 9.5, 2.34375, 9.6875], "texture": "#4"},
				"west": {"uv": [5.5, 9.75, 5.71875, 9.9375], "texture": "#4"},
				"up": {"uv": [9.34375, 8.71875, 9, 8.5], "texture": "#4"},
				"down": {"uv": [9.34375, 8.75, 9, 8.96875], "texture": "#4"}
			}
		},
		{
			"from": [8.4155, 23.11039, 7.72087],
			"to": [8.92577, 23.68054, 8.40505],
			"rotation": {"angle": 0, "axis": "y", "origin": [7.78548, 24.25069, 7.16266]},
			"faces": {
				"north": {"uv": [9.25, 8.25, 9.59375, 8.4375], "texture": "#4"},
				"east": {"uv": [5.25, 9.75, 5.46875, 9.9375], "texture": "#4"},
				"south": {"uv": [2, 9.5, 2.34375, 9.6875], "texture": "#4"},
				"west": {"uv": [5.5, 9.75, 5.71875, 9.9375], "texture": "#4"},
				"up": {"uv": [9.34375, 8.71875, 9, 8.5], "texture": "#4"},
				"down": {"uv": [9.34375, 8.75, 9, 8.96875], "texture": "#4"}
			}
		},
		{
			"from": [7.09496, 23.06699, 7.72087],
			"to": [8.23526, 23.63714, 8.40505],
			"rotation": {"angle": 45, "axis": "z", "origin": [7.09496, 24.20729, 7.27669]},
			"faces": {
				"north": {"uv": [2.5, 9.5, 2.84375, 9.6875], "texture": "#4"},
				"east": {"uv": [6.25, 9.75, 6.46875, 9.9375], "texture": "#4"},
				"south": {"uv": [9.5, 2.5, 9.84375, 2.6875], "texture": "#4"},
				"west": {"uv": [9.75, 6.25, 9.96875, 6.4375], "texture": "#4"},
				"up": {"uv": [0.59375, 9.46875, 0.25, 9.25], "texture": "#4"},
				"down": {"uv": [9.59375, 0.5, 9.25, 0.71875], "texture": "#4"}
			}
		},
		{
			"from": [7.46251, 23.15736, 7.72087],
			"to": [8.60281, 23.72751, 8.40505],
			"rotation": {"angle": -22.5, "axis": "z", "origin": [8.60281, 24.29766, 8.18893]},
			"faces": {
				"north": {"uv": [2, 9.5, 2.34375, 9.6875], "texture": "#4"},
				"east": {"uv": [5.5, 9.75, 5.71875, 9.9375], "texture": "#4"},
				"south": {"uv": [9.25, 8.25, 9.59375, 8.4375], "texture": "#4"},
				"west": {"uv": [5.25, 9.75, 5.46875, 9.9375], "texture": "#4"},
				"up": {"uv": [9.34375, 8.71875, 9, 8.5], "texture": "#4"},
				"down": {"uv": [9.34375, 8.75, 9, 8.96875], "texture": "#4"}
			}
		},
		{
			"from": [8.30443, 22.65282, 7.72087],
			"to": [8.87457, 23.79311, 8.40505],
			"rotation": {"angle": -45, "axis": "z", "origin": [7.73428, 23.79311, 8.18893]},
			"faces": {
				"north": {"uv": [2, 9.5, 2.34375, 9.6875], "texture": "#4"},
				"east": {"uv": [9, 9, 9.21875, 9.34375], "texture": "#4"},
				"south": {"uv": [9.25, 8.25, 9.59375, 8.4375], "texture": "#4"},
				"west": {"uv": [6.75, 9, 6.96875, 9.34375], "texture": "#4"},
				"up": {"uv": [5.9375, 9.96875, 5.75, 9.75], "texture": "#4"},
				"down": {"uv": [6.1875, 9.75, 6, 9.96875], "texture": "#4"}
			}
		},
		{
			"from": [6.80796, 22.93322, 7.72087],
			"to": [7.94825, 23.50336, 8.40505],
			"rotation": {"angle": 22.5, "axis": "z", "origin": [7.94825, 24.07351, 8.18893]},
			"faces": {
				"north": {"uv": [2, 9.5, 2.34375, 9.6875], "texture": "#4"},
				"east": {"uv": [5.5, 9.75, 5.71875, 9.9375], "texture": "#4"},
				"south": {"uv": [9.25, 8.25, 9.59375, 8.4375], "texture": "#4"},
				"west": {"uv": [5.25, 9.75, 5.46875, 9.9375], "texture": "#4"},
				"up": {"uv": [9.34375, 8.71875, 9, 8.5], "texture": "#4"},
				"down": {"uv": [9.34375, 8.75, 9, 8.96875], "texture": "#4"}
			}
		},
		{
			"from": [7.11294, 23.11039, 7.72087],
			"to": [8.25323, 23.68054, 8.40505],
			"rotation": {"angle": 0, "axis": "y", "origin": [8.25323, 24.25069, 8.18893]},
			"faces": {
				"north": {"uv": [2, 9.5, 2.34375, 9.6875], "texture": "#4"},
				"east": {"uv": [5.5, 9.75, 5.71875, 9.9375], "texture": "#4"},
				"south": {"uv": [9.25, 8.25, 9.59375, 8.4375], "texture": "#4"},
				"west": {"uv": [5.25, 9.75, 5.46875, 9.9375], "texture": "#4"},
				"up": {"uv": [9.34375, 8.71875, 9, 8.5], "texture": "#4"},
				"down": {"uv": [9.34375, 8.75, 9, 8.96875], "texture": "#4"}
			}
		},
		{
			"from": [7.11294, 23.11039, 7.72087],
			"to": [7.62321, 23.68054, 8.40505],
			"rotation": {"angle": 0, "axis": "y", "origin": [8.25323, 24.25069, 8.18893]},
			"faces": {
				"north": {"uv": [2, 9.5, 2.34375, 9.6875], "texture": "#4"},
				"east": {"uv": [5.5, 9.75, 5.71875, 9.9375], "texture": "#4"},
				"south": {"uv": [9.25, 8.25, 9.59375, 8.4375], "texture": "#4"},
				"west": {"uv": [5.25, 9.75, 5.46875, 9.9375], "texture": "#4"},
				"up": {"uv": [9.34375, 8.71875, 9, 8.5], "texture": "#4"},
				"down": {"uv": [9.34375, 8.75, 9, 8.96875], "texture": "#4"}
			}
		},
		{
			"from": [7.80345, 23.06699, 7.72087],
			"to": [8.94375, 23.63714, 8.40505],
			"rotation": {"angle": -45, "axis": "z", "origin": [8.94375, 24.20729, 8.0749]},
			"faces": {
				"north": {"uv": [9.5, 2.5, 9.84375, 2.6875], "texture": "#4"},
				"east": {"uv": [9.75, 6.25, 9.96875, 6.4375], "texture": "#4"},
				"south": {"uv": [2.5, 9.5, 2.84375, 9.6875], "texture": "#4"},
				"west": {"uv": [6.25, 9.75, 6.46875, 9.9375], "texture": "#4"},
				"up": {"uv": [0.59375, 9.46875, 0.25, 9.25], "texture": "#4"},
				"down": {"uv": [9.59375, 0.5, 9.25, 0.71875], "texture": "#4"}
			}
		},
		{
			"from": [7.73428, 23.47014, 7.72087],
			"to": [8.30443, 24.61044, 8.40505],
			"rotation": {"angle": 0, "axis": "y", "origin": [8.87457, 23.47014, 8.0749]},
			"faces": {
				"north": {"uv": [9.5, 2.5, 9.84375, 2.6875], "texture": "#4"},
				"east": {"uv": [1.25, 9.25, 1.46875, 9.59375], "texture": "#4"},
				"south": {"uv": [2.5, 9.5, 2.84375, 9.6875], "texture": "#4"},
				"west": {"uv": [1.5, 9.25, 1.71875, 9.59375], "texture": "#4"},
				"up": {"uv": [6.6875, 9.96875, 6.5, 9.75], "texture": "#4"},
				"down": {"uv": [9.9375, 6.5, 9.75, 6.71875], "texture": "#4"}
			}
		},
		{
			"from": [7.73428, 22.18049, 7.72087],
			"to": [8.30443, 23.32078, 8.40505],
			"rotation": {"angle": 0, "axis": "y", "origin": [8.87457, 21.55047, 8.0749]},
			"faces": {
				"north": {"uv": [9.5, 2.5, 9.84375, 2.6875], "texture": "#4"},
				"east": {"uv": [1.25, 9.25, 1.46875, 9.59375], "texture": "#4"},
				"south": {"uv": [2.5, 9.5, 2.84375, 9.6875], "texture": "#4"},
				"west": {"uv": [1.5, 9.25, 1.71875, 9.59375], "texture": "#4"},
				"up": {"uv": [6.6875, 9.96875, 6.5, 9.75], "texture": "#4"},
				"down": {"uv": [9.9375, 6.5, 9.75, 6.71875], "texture": "#4"}
			}
		},
		{
			"from": [6.55, 0.9, 6.68413],
			"to": [11.39752, 9.68614, 6.68413],
			"rotation": {"angle": -45, "axis": "z", "origin": [8.42928, 3.41934, 4.84105]},
			"faces": {
				"north": {"uv": [15.5625, 0, 7.5625, 14.5], "texture": "#1"},
				"east": {"uv": [0, 0, 0, 464], "texture": "#missing"},
				"south": {"uv": [7.6875, 0, 15.6875, 14.5], "texture": "#1"},
				"west": {"uv": [0, 0, 0, 464], "texture": "#missing"},
				"up": {"uv": [0, 256, 0, 0], "rotation": 270, "texture": "#missing"},
				"down": {"uv": [0, 0, 0, 256], "rotation": 90, "texture": "#missing"}
			}
		},
		{
			"from": [4.085, 26.2, 7.855],
			"to": [12.1035, 29.782, 7.855],
			"rotation": {"angle": 0, "axis": "y", "origin": [5.709, 27.71, 9.0424]},
			"faces": {
				"north": {"uv": [0, 0, 1.75, 0.5625], "texture": "#4"},
				"east": {"uv": [0, 0, 0, 1], "texture": "#4"},
				"south": {"uv": [0, 1, 1.75, 1.625], "texture": "#4"},
				"west": {"uv": [0, 0, 0, 1], "texture": "#4"},
				"up": {"uv": [1.75, 0, 0, 0], "texture": "#4"},
				"down": {"uv": [1.75, 0, 0, 0], "texture": "#4"}
			}
		},
		{
			"from": [4.60248, 0.9, 9.31587],
			"to": [9.45, 9.68614, 9.31587],
			"rotation": {"angle": 45, "axis": "z", "origin": [7.57072, 3.41934, 11.15895]},
			"faces": {
				"north": {"uv": [7.6875, 0, 15.6875, 14.5], "texture": "#1"},
				"east": {"uv": [0, 0, 0, 464], "texture": "#missing"},
				"south": {"uv": [15.5625, 0, 7.5625, 14.5], "texture": "#1"},
				"west": {"uv": [0, 0, 0, 464], "texture": "#missing"},
				"up": {"uv": [0, 0, 0, 256], "rotation": 270, "texture": "#missing"},
				"down": {"uv": [0, 256, 0, 0], "rotation": 90, "texture": "#missing"}
			}
		},
		{
			"from": [6.55, 0.9, 9.31587],
			"to": [11.39752, 9.68614, 9.31587],
			"rotation": {"angle": -45, "axis": "z", "origin": [8.42928, 3.41934, 11.15895]},
			"faces": {
				"north": {"uv": [15.6875, 0, 7.6875, 14.5], "texture": "#1"},
				"east": {"uv": [0, 0, 0, 464], "texture": "#missing"},
				"south": {"uv": [7.5625, 0, 15.5625, 14.5], "texture": "#1"},
				"west": {"uv": [0, 0, 0, 464], "texture": "#missing"},
				"up": {"uv": [0, 256, 0, 0], "rotation": 270, "texture": "#missing"},
				"down": {"uv": [0, 0, 0, 256], "rotation": 90, "texture": "#missing"}
			}
		},
		{
			"from": [4.60248, 0.9, 6.68413],
			"to": [9.45, 9.68614, 6.68413],
			"rotation": {"angle": 45, "axis": "z", "origin": [7.57072, 3.41934, 4.84105]},
			"faces": {
				"north": {"uv": [7.5625, 0, 15.5625, 14.5], "texture": "#1"},
				"east": {"uv": [0, 0, 0, 464], "texture": "#missing"},
				"south": {"uv": [15.6875, 0, 7.6875, 14.5], "texture": "#1"},
				"west": {"uv": [0, 0, 0, 464], "texture": "#missing"},
				"up": {"uv": [0, 0, 0, 256], "rotation": 270, "texture": "#missing"},
				"down": {"uv": [0, 256, 0, 0], "rotation": 90, "texture": "#missing"}
			}
		},
		{
			"name": "Tanduk",
			"from": [6.13382, 4.176, 7.2945],
			"to": [6.38932, 5.198, 8.6945],
			"rotation": {"angle": 0, "axis": "y", "origin": [7.92232, -4, 9.0945]},
			"faces": {
				"north": {"uv": [2, 8.75, 2.1875, 9], "texture": "#0"},
				"east": {"uv": [8.375, 7.25, 8.625, 7.5], "texture": "#0"},
				"south": {"uv": [2.25, 8.75, 2.4375, 9], "texture": "#0"},
				"west": {"uv": [8.375, 7.5, 8.625, 7.75], "texture": "#0"},
				"up": {"uv": [8.9375, 2.5, 8.75, 2.25], "texture": "#0"},
				"down": {"uv": [2.6875, 8.75, 2.5, 9], "texture": "#0"}
			}
		},
		{
			"name": "Tanduk",
			"from": [6.03878, 3.90202, 7.3185],
			"to": [6.68315, 4.89336, 8.6765],
			"rotation": {"angle": -22.5, "axis": "z", "origin": [6.68315, 4.89336, 8.56883]},
			"faces": {
				"north": {"uv": [8.125, 8.75, 8.28125, 9], "texture": "#0"},
				"east": {"uv": [8.625, 6.75, 8.84375, 7], "texture": "#0"},
				"south": {"uv": [8.375, 8.75, 8.53125, 9], "texture": "#0"},
				"west": {"uv": [8.625, 7, 8.84375, 7.25], "texture": "#0"},
				"up": {"uv": [9.03125, 6.21875, 8.875, 6], "texture": "#0"},
				"down": {"uv": [9.03125, 6.75, 8.875, 6.96875], "texture": "#0"}
			}
		},
		{
			"name": "Tanduk",
			"from": [5.89876, 3.93188, 7.3025],
			"to": [6.45524, 4.94366, 8.6885],
			"rotation": {"angle": -45, "axis": "z", "origin": [6.45524, 4.94366, 8.57861]},
			"faces": {
				"north": {"uv": [6.125, 7.25, 6.25, 7.5], "texture": "#0"},
				"east": {"uv": [8.75, 2.5, 8.9375, 2.75], "texture": "#0"},
				"south": {"uv": [5.5, 8.875, 5.625, 9.125], "texture": "#0"},
				"west": {"uv": [2.75, 8.75, 2.9375, 9], "texture": "#0"},
				"up": {"uv": [4, 9.3125, 3.875, 9.125], "texture": "#0"},
				"down": {"uv": [9.25, 5.25, 9.125, 5.4375], "texture": "#0"}
			}
		},
		{
			"name": "Tanduk",
			"from": [5.86913, 3.89217, 7.3105],
			"to": [6.36991, 4.74349, 8.6825],
			"rotation": {"angle": -45, "axis": "z", "origin": [6.36991, 4.89373, 8.57372]},
			"faces": {
				"north": {"uv": [8.25, 8.25, 8.625, 8.46875], "texture": "#0"},
				"east": {"uv": [7.125, 8.75, 7.3125, 8.96875], "texture": "#0"},
				"south": {"uv": [8.375, 0, 8.75, 0.21875], "texture": "#0"},
				"west": {"uv": [7.375, 8.75, 7.5625, 8.96875], "texture": "#0"},
				"up": {"uv": [5.625, 8.5625, 5.25, 8.375], "texture": "#0"},
				"down": {"uv": [8.75, 5.25, 8.375, 5.4375], "texture": "#0"}
			}
		},
		{
			"name": "Tanduk",
			"from": [5.12613, 5.23536, 7.3265],
			"to": [6.62575, 6.21648, 8.6705],
			"rotation": {"angle": -45, "axis": "z", "origin": [5.12613, 5.23536, 8.56394]},
			"faces": {
				"north": {"uv": [8.875, 7.5, 9, 7.75], "texture": "#0"},
				"east": {"uv": [8.875, 3.5, 9.03125, 3.75], "texture": "#0"},
				"south": {"uv": [9, 7.5, 8.875, 7.75], "texture": "#0"},
				"west": {"uv": [3.75, 8.875, 3.90625, 9.125], "texture": "#0"},
				"up": {"uv": [8.5, 9.28125, 8.375, 9.125], "texture": "#0"},
				"down": {"uv": [8.625, 9.125, 8.5, 9.28125], "texture": "#0"}
			}
		},
		{
			"name": "Tanduk",
			"from": [4.96108, 5.13228, 7.3345],
			"to": [5.59216, 6.10318, 8.6645],
			"rotation": {"angle": -22.5, "axis": "z", "origin": [4.96108, 5.13228, 8.55905]},
			"faces": {
				"north": {"uv": [8.625, 8.75, 8.78125, 9], "texture": "#0"},
				"east": {"uv": [8.875, 7, 9, 7.25], "texture": "#0"},
				"south": {"uv": [8.78125, 8.75, 8.625, 9], "texture": "#0"},
				"west": {"uv": [8.875, 7.25, 9, 7.5], "texture": "#0"},
				"up": {"uv": [9.28125, 8.125, 9.125, 8], "texture": "#0"},
				"down": {"uv": [8.28125, 9.125, 8.125, 9.25], "texture": "#0"}
			}
		},
		{
			"name": "Tanduk",
			"from": [4.78581, 4.88166, 7.3505],
			"to": [5.49865, 5.83212, 8.6525],
			"rotation": {"angle": 0, "axis": "y", "origin": [7.92232, -3.72, 9.0245]},
			"faces": {
				"north": {"uv": [8.75, 2.75, 8.9375, 3], "texture": "#0"},
				"east": {"uv": [5.5, 9.125, 5.59375, 9.375], "texture": "#0"},
				"south": {"uv": [8.9375, 2.75, 8.75, 3], "texture": "#0"},
				"west": {"uv": [9.125, 5.5, 9.21875, 5.75], "texture": "#0"},
				"up": {"uv": [9.3125, 8.21875, 9.125, 8.125], "texture": "#0"},
				"down": {"uv": [9.3125, 8.5, 9.125, 8.59375], "texture": "#0"}
			}
		},
		{
			"name": "Tanduk",
			"from": [4.57425, 4.86968, 7.3665],
			"to": [5.27177, 5.5207, 8.6405],
			"rotation": {"angle": -22.5, "axis": "z", "origin": [5.27177, 5.6137, 8.53949]},
			"faces": {
				"north": {"uv": [8.875, 5.5, 9.0625, 5.6875], "texture": "#0"},
				"east": {"uv": [9, 9.125, 9.0625, 9.3125], "texture": "#0"},
				"south": {"uv": [9.0625, 5.5, 8.875, 5.6875], "texture": "#0"},
				"west": {"uv": [9.125, 9.125, 9.1875, 9.3125], "texture": "#0"},
				"up": {"uv": [9.4375, 0.0625, 9.25, 0], "texture": "#0"},
				"down": {"uv": [9.4375, 0.125, 9.25, 0.1875], "texture": "#0"}
			}
		},
		{
			"name": "Tanduk",
			"from": [4.01167, 5.03553, 7.3825],
			"to": [5.01167, 5.44484, 8.6285],
			"rotation": {"angle": -45, "axis": "z", "origin": [5.01167, 5.58128, 8.52971]},
			"faces": {
				"north": {"uv": [9.125, 5.75, 9.3125, 5.875], "texture": "#0"},
				"east": {"uv": [2, 9.25, 2.0625, 9.375], "texture": "#0"},
				"south": {"uv": [9.3125, 5.75, 9.125, 5.875], "texture": "#0"},
				"west": {"uv": [2.125, 9.25, 2.1875, 9.375], "texture": "#0"},
				"up": {"uv": [0.5625, 9.3125, 0.375, 9.25], "texture": "#0"},
				"down": {"uv": [1.0625, 9.25, 0.875, 9.3125], "texture": "#0"}
			}
		},
		{
			"from": [-1.582, 20.7, 7.855],
			"to": [3, 24.2, 7.855],
			"rotation": {"angle": 0, "axis": "y", "origin": [1.709, 21.71, 9.0424]},
			"faces": {
				"north": {"uv": [4.21875, 0.25, 4.625, 0.59375], "rotation": 90, "texture": "#0"},
				"east": {"uv": [1.75, 0, 0, 0], "rotation": 270, "texture": "#0"},
				"south": {"uv": [4.625, 0.25, 4.21875, 0.59375], "rotation": 270, "texture": "#0"},
				"west": {"uv": [1.75, 0, 0, 0], "rotation": 270, "texture": "#0"},
				"up": {"uv": [0, 0, 0, 1], "rotation": 270, "texture": "#0"},
				"down": {"uv": [0, 0, 0, 1], "rotation": 270, "texture": "#0"}
			}
		},
		{
			"from": [2, 8.4, 8],
			"to": [4.582, 10.4185, 8],
			"rotation": {"angle": -45, "axis": "z", "origin": [2.709, 8.71, 10.0424]},
			"faces": {
				"north": {"uv": [4, 0, 4.84375, 0.71875], "rotation": 90, "texture": "#0"},
				"east": {"uv": [1.75, 0, 0, 0], "rotation": 270, "texture": "#0"},
				"south": {"uv": [4, 0, 4.84375, 0.71875], "rotation": 270, "texture": "#0"},
				"west": {"uv": [1.75, 0, 0, 0], "rotation": 270, "texture": "#0"},
				"up": {"uv": [0, 0, 0, 1], "rotation": 270, "texture": "#0"},
				"down": {"uv": [0, 0, 0, 1], "rotation": 270, "texture": "#0"}
			}
		},
		{
			"name": "Handle",
			"from": [7.3357, 0.11, 7.3357],
			"to": [8.6643, 0.8765, 8.6643],
			"rotation": {"angle": 0, "axis": "y", "origin": [8, -5, 8]},
			"faces": {
				"north": {"uv": [8.625, 1.4375, 8.9375, 1.25], "texture": "#0"},
				"east": {"uv": [8.625, 1.6875, 8.9375, 1.5], "texture": "#0"},
				"south": {"uv": [8.625, 1.9375, 8.9375, 1.75], "texture": "#0"},
				"west": {"uv": [8.625, 2.1875, 8.9375, 2], "texture": "#0"},
				"up": {"uv": [8.1875, 0.6875, 7.875, 0.375], "texture": "#0"},
				"down": {"uv": [6.0625, 7.75, 5.75, 8.0625], "texture": "#0"}
			}
		},
		{
			"name": "Handle",
			"from": [6.4, 0, 7.61675],
			"to": [7.6, 0.7665, 8.38325],
			"rotation": {"angle": 0, "axis": "y", "origin": [8, -5, 8]},
			"faces": {
				"north": {"uv": [9, 0, 8.75, 0.1875], "texture": "#0"},
				"east": {"uv": [5.1875, 8.875, 5, 9.0625], "texture": "#0"},
				"south": {"uv": [0.5, 8.75, 0.25, 8.9375], "texture": "#0"},
				"west": {"uv": [4.9375, 8.875, 4.75, 9.0625], "texture": "#0"},
				"up": {"uv": [0.5, 8.9375, 0.75, 8.75], "texture": "#0"},
				"down": {"uv": [0.75, 8.75, 1, 8.9375], "texture": "#0"}
			}
		},
		{
			"from": [13.55267, 1.6, 7.95855],
			"to": [16.8995, 4.33418, 7.95855],
			"rotation": {"angle": -22.5, "axis": "z", "origin": [2.91601, 12.2571, 7.26046]},
			"faces": {
				"north": {"uv": [6.75, 0, 0, 5.5], "texture": "#6"},
				"east": {"uv": [0, 0, 0, 5.5], "texture": "#6"},
				"south": {"uv": [0, 0, 6.75, 5.5], "texture": "#6"},
				"west": {"uv": [0, 0, 0, 5.5], "texture": "#6"},
				"up": {"uv": [0, 0, 6.75, 0], "texture": "#6"},
				"down": {"uv": [0, 0, 6.75, 0], "texture": "#6"}
			}
		},
		{
			"from": [-0.33153, -9, 8.0383],
			"to": [3.0153, -6.26582, 8.0383],
			"rotation": {"angle": -22.5, "axis": "z", "origin": [13.65196, -17.2571, 8.73639]},
			"faces": {
				"north": {"uv": [0, 5.5, 6.75, 0], "texture": "#6"},
				"east": {"uv": [0, 5.5, 0, 0], "texture": "#6"},
				"south": {"uv": [6.75, 5.5, 0, 0], "texture": "#6"},
				"west": {"uv": [0, 5.5, 0, 0], "texture": "#6"},
				"up": {"uv": [6.75, 0, 0, 0], "texture": "#6"},
				"down": {"uv": [6.75, 0, 0, 0], "texture": "#6"}
			}
		},
		{
			"name": "Handle",
			"from": [7.50842, -6.76405, 7.50842],
			"to": [8.49158, -5.45684, 8.49158],
			"rotation": {"angle": 0, "axis": "y", "origin": [8, -6.44, 8]},
			"faces": {
				"north": {"uv": [8.625, 1.25, 8.9375, 1.4375], "texture": "#0"},
				"east": {"uv": [8.625, 1.5, 8.9375, 1.6875], "texture": "#0"},
				"south": {"uv": [8.625, 1.75, 8.9375, 1.9375], "texture": "#0"},
				"west": {"uv": [8.625, 2, 8.9375, 2.1875], "texture": "#0"},
				"up": {"uv": [6.0625, 8.0625, 5.75, 7.75], "texture": "#0"},
				"down": {"uv": [8.1875, 0.375, 7.875, 0.6875], "texture": "#0"}
			}
		},
		{
			"name": "Handle",
			"from": [7.3357, -5.5, 7.3357],
			"to": [8.6643, -4.5, 8.6643],
			"rotation": {"angle": 0, "axis": "y", "origin": [8, -11, 8]},
			"faces": {
				"north": {"uv": [8.625, 1.4375, 8.9375, 1.25], "texture": "#0"},
				"east": {"uv": [8.625, 1.6875, 8.9375, 1.5], "texture": "#0"},
				"south": {"uv": [8.625, 1.9375, 8.9375, 1.75], "texture": "#0"},
				"west": {"uv": [8.625, 2.1875, 8.9375, 2], "texture": "#0"},
				"up": {"uv": [8.1875, 0.6875, 7.875, 0.375], "texture": "#0"},
				"down": {"uv": [6.0625, 7.75, 5.75, 8.0625], "texture": "#0"}
			}
		},
		{
			"name": "Tanduk",
			"from": [9.61068, 4.176, 7.2945],
			"to": [9.86618, 5.198, 8.6945],
			"rotation": {"angle": 0, "axis": "y", "origin": [8.07768, -4, 9.0945]},
			"faces": {
				"north": {"uv": [2.1875, 8.75, 2, 9], "texture": "#0"},
				"east": {"uv": [8.625, 7.5, 8.375, 7.75], "texture": "#0"},
				"south": {"uv": [2.4375, 8.75, 2.25, 9], "texture": "#0"},
				"west": {"uv": [8.625, 7.25, 8.375, 7.5], "texture": "#0"},
				"up": {"uv": [8.75, 2.5, 8.9375, 2.25], "texture": "#0"},
				"down": {"uv": [2.5, 8.75, 2.6875, 9], "texture": "#0"}
			}
		},
		{
			"name": "Tanduk",
			"from": [9.31685, 3.90202, 7.3185],
			"to": [9.96122, 4.89336, 8.6765],
			"rotation": {"angle": 22.5, "axis": "z", "origin": [9.31685, 4.89336, 8.56883]},
			"faces": {
				"north": {"uv": [8.28125, 8.75, 8.125, 9], "texture": "#0"},
				"east": {"uv": [8.84375, 7, 8.625, 7.25], "texture": "#0"},
				"south": {"uv": [8.53125, 8.75, 8.375, 9], "texture": "#0"},
				"west": {"uv": [8.84375, 6.75, 8.625, 7], "texture": "#0"},
				"up": {"uv": [8.875, 6.21875, 9.03125, 6], "texture": "#0"},
				"down": {"uv": [8.875, 6.75, 9.03125, 6.96875], "texture": "#0"}
			}
		},
		{
			"name": "Tanduk",
			"from": [9.54476, 3.93188, 7.3025],
			"to": [10.10124, 4.94366, 8.6885],
			"rotation": {"angle": 45, "axis": "z", "origin": [9.54476, 4.94366, 8.57861]},
			"faces": {
				"north": {"uv": [6.25, 7.25, 6.125, 7.5], "texture": "#0"},
				"east": {"uv": [2.9375, 8.75, 2.75, 9], "texture": "#0"},
				"south": {"uv": [5.625, 8.875, 5.5, 9.125], "texture": "#0"},
				"west": {"uv": [8.9375, 2.5, 8.75, 2.75], "texture": "#0"},
				"up": {"uv": [3.875, 9.3125, 4, 9.125], "texture": "#0"},
				"down": {"uv": [9.125, 5.25, 9.25, 5.4375], "texture": "#0"}
			}
		},
		{
			"name": "Tanduk",
			"from": [9.63009, 3.89217, 7.3105],
			"to": [10.13087, 4.74349, 8.6825],
			"rotation": {"angle": 45, "axis": "z", "origin": [9.63009, 4.89373, 8.57372]},
			"faces": {
				"north": {"uv": [8.625, 8.25, 8.25, 8.46875], "texture": "#0"},
				"east": {"uv": [7.5625, 8.75, 7.375, 8.96875], "texture": "#0"},
				"south": {"uv": [8.75, 0, 8.375, 0.21875], "texture": "#0"},
				"west": {"uv": [7.3125, 8.75, 7.125, 8.96875], "texture": "#0"},
				"up": {"uv": [5.25, 8.5625, 5.625, 8.375], "texture": "#0"},
				"down": {"uv": [8.375, 5.25, 8.75, 5.4375], "texture": "#0"}
			}
		},
		{
			"name": "Tanduk",
			"from": [9.37425, 5.23536, 7.3265],
			"to": [10.87387, 6.21648, 8.6705],
			"rotation": {"angle": 45, "axis": "z", "origin": [10.87387, 5.23536, 8.56394]},
			"faces": {
				"north": {"uv": [9, 7.5, 8.875, 7.75], "texture": "#0"},
				"east": {"uv": [3.90625, 8.875, 3.75, 9.125], "texture": "#0"},
				"south": {"uv": [8.875, 7.5, 9, 7.75], "texture": "#0"},
				"west": {"uv": [9.03125, 3.5, 8.875, 3.75], "texture": "#0"},
				"up": {"uv": [8.375, 9.28125, 8.5, 9.125], "texture": "#0"},
				"down": {"uv": [8.5, 9.125, 8.625, 9.28125], "texture": "#0"}
			}
		},
		{
			"name": "Tanduk",
			"from": [10.40784, 5.13228, 7.3345],
			"to": [11.03892, 6.10318, 8.6645],
			"rotation": {"angle": 22.5, "axis": "z", "origin": [11.03892, 5.13228, 8.55905]},
			"faces": {
				"north": {"uv": [8.78125, 8.75, 8.625, 9], "texture": "#0"},
				"east": {"uv": [9, 7.25, 8.875, 7.5], "texture": "#0"},
				"south": {"uv": [8.625, 8.75, 8.78125, 9], "texture": "#0"},
				"west": {"uv": [9, 7, 8.875, 7.25], "texture": "#0"},
				"up": {"uv": [9.125, 8.125, 9.28125, 8], "texture": "#0"},
				"down": {"uv": [8.125, 9.125, 8.28125, 9.25], "texture": "#0"}
			}
		},
		{
			"name": "Tanduk",
			"from": [10.50135, 4.88166, 7.3505],
			"to": [11.21419, 5.83212, 8.6525],
			"rotation": {"angle": 0, "axis": "y", "origin": [8.07768, -3.72, 9.0245]},
			"faces": {
				"north": {"uv": [8.9375, 2.75, 8.75, 3], "texture": "#0"},
				"east": {"uv": [9.21875, 5.5, 9.125, 5.75], "texture": "#0"},
				"south": {"uv": [8.75, 2.75, 8.9375, 3], "texture": "#0"},
				"west": {"uv": [5.59375, 9.125, 5.5, 9.375], "texture": "#0"},
				"up": {"uv": [9.125, 8.21875, 9.3125, 8.125], "texture": "#0"},
				"down": {"uv": [9.125, 8.5, 9.3125, 8.59375], "texture": "#0"}
			}
		},
		{
			"name": "Tanduk",
			"from": [10.72823, 4.86968, 7.3665],
			"to": [11.42575, 5.5207, 8.6405],
			"rotation": {"angle": 22.5, "axis": "z", "origin": [10.72823, 5.6137, 8.53949]},
			"faces": {
				"north": {"uv": [9.0625, 5.5, 8.875, 5.6875], "texture": "#0"},
				"east": {"uv": [9.1875, 9.125, 9.125, 9.3125], "texture": "#0"},
				"south": {"uv": [8.875, 5.5, 9.0625, 5.6875], "texture": "#0"},
				"west": {"uv": [9.0625, 9.125, 9, 9.3125], "texture": "#0"},
				"up": {"uv": [9.25, 0.0625, 9.4375, 0], "texture": "#0"},
				"down": {"uv": [9.25, 0.125, 9.4375, 0.1875], "texture": "#0"}
			}
		},
		{
			"name": "Tanduk",
			"from": [10.98833, 5.03553, 7.3825],
			"to": [11.98833, 5.44484, 8.6285],
			"rotation": {"angle": 45, "axis": "z", "origin": [10.98833, 5.58128, 8.52971]},
			"faces": {
				"north": {"uv": [9.3125, 5.75, 9.125, 5.875], "texture": "#0"},
				"east": {"uv": [2.1875, 9.25, 2.125, 9.375], "texture": "#0"},
				"south": {"uv": [9.125, 5.75, 9.3125, 5.875], "texture": "#0"},
				"west": {"uv": [2.0625, 9.25, 2, 9.375], "texture": "#0"},
				"up": {"uv": [0.375, 9.3125, 0.5625, 9.25], "texture": "#0"},
				"down": {"uv": [0.875, 9.25, 1.0625, 9.3125], "texture": "#0"}
			}
		},
		{
			"from": [5.184, 3.4806, 8.11962],
			"to": [11.01333, 18.66259, 8.11962],
			"rotation": {"angle": 0, "axis": "y", "origin": [9.41157, 4.2781, 7.32595]},
			"faces": {
				"north": {"uv": [13.3724, 0, 10.75, 3.9375], "texture": "#5"},
				"east": {"uv": [0, 0, 0, 16], "texture": "#5"},
				"south": {"uv": [2.6125, 3.0625, 3.6474, 6.2375], "texture": "#5"},
				"west": {"uv": [0, 0, 0, 16], "texture": "#5"},
				"up": {"uv": [13.3724, 0, 0, 0], "texture": "#5"},
				"down": {"uv": [13.3724, 0, 0, 0], "texture": "#5"}
			}
		},
		{
			"from": [-0.8995, 1.6, 7.95855],
			"to": [2.44733, 4.33418, 7.95855],
			"rotation": {"angle": 22.5, "axis": "z", "origin": [13.08399, 12.2571, 7.26046]},
			"faces": {
				"north": {"uv": [0, 0, 6.75, 5.5], "texture": "#6"},
				"east": {"uv": [0, 0, 0, 5.5], "texture": "#6"},
				"south": {"uv": [6.75, 0, 0, 5.5], "texture": "#6"},
				"west": {"uv": [0, 0, 0, 5.5], "texture": "#6"},
				"up": {"uv": [6.75, 0, 0, 0], "texture": "#6"},
				"down": {"uv": [6.75, 0, 0, 0], "texture": "#6"}
			}
		},
		{
			"from": [12.9847, -9, 8.0383],
			"to": [16.33153, -6.26582, 8.0383],
			"rotation": {"angle": 22.5, "axis": "z", "origin": [2.34804, -17.2571, 8.73639]},
			"faces": {
				"north": {"uv": [6.75, 5.5, 0, 0], "texture": "#6"},
				"east": {"uv": [0, 5.5, 0, 0], "texture": "#6"},
				"south": {"uv": [0, 5.5, 6.75, 0], "texture": "#6"},
				"west": {"uv": [0, 5.5, 0, 0], "texture": "#6"},
				"up": {"uv": [0, 0, 6.75, 0], "texture": "#6"},
				"down": {"uv": [0, 0, 6.75, 0], "texture": "#6"}
			}
		},
		{
			"name": "Handle",
			"from": [7.3357, -6.89, 7.3357],
			"to": [8.6643, -5.89, 8.6643],
			"rotation": {"angle": 0, "axis": "y", "origin": [8, -12, 8]},
			"faces": {
				"north": {"uv": [8.625, 1.4375, 8.9375, 1.25], "texture": "#0"},
				"east": {"uv": [8.625, 1.6875, 8.9375, 1.5], "texture": "#0"},
				"south": {"uv": [8.625, 1.9375, 8.9375, 1.75], "texture": "#0"},
				"west": {"uv": [8.625, 2.1875, 8.9375, 2], "texture": "#0"},
				"up": {"uv": [8.1875, 0.6875, 7.875, 0.375], "texture": "#0"},
				"down": {"uv": [6.0625, 7.75, 5.75, 8.0625], "texture": "#0"}
			}
		},
		{
			"from": [13, 20.7, 7.855],
			"to": [17.582, 24.2, 7.855],
			"rotation": {"angle": 0, "axis": "y", "origin": [14.291, 21.71, 9.0424]},
			"faces": {
				"north": {"uv": [4.21875, 0.59375, 4.625, 0.25], "rotation": 90, "texture": "#0"},
				"east": {"uv": [1.75, 0, 0, 0], "rotation": 270, "texture": "#0"},
				"south": {"uv": [4.625, 0.59375, 4.21875, 0.25], "rotation": 270, "texture": "#0"},
				"west": {"uv": [1.75, 0, 0, 0], "rotation": 270, "texture": "#0"},
				"up": {"uv": [0, 1, 0, 0], "rotation": 270, "texture": "#0"},
				"down": {"uv": [0, 1, 0, 0], "rotation": 270, "texture": "#0"}
			}
		},
		{
			"from": [-1, 8, 7.88047],
			"to": [-0.27044, 9.48637, 8.07502],
			"rotation": {"angle": 45, "axis": "z", "origin": [3.00267, 14.54078, 8.0386]},
			"faces": {
				"north": {"uv": [10, 1.25, 10.21875, 1.40625], "texture": "#4"},
				"east": {"uv": [10.25, 2.25, 10.3125, 2.40625], "texture": "#4"},
				"south": {"uv": [1.5, 10, 1.71875, 10.15625], "texture": "#4"},
				"west": {"uv": [2.5, 10.25, 2.5625, 10.40625], "texture": "#4"},
				"up": {"uv": [10.46875, 0.8125, 10.25, 0.75], "texture": "#4"},
				"down": {"uv": [10.46875, 1, 10.25, 1.0625], "texture": "#4"}
			}
		},
		{
			"from": [11.418, 8.4, 8],
			"to": [14, 10.4185, 8],
			"rotation": {"angle": 45, "axis": "z", "origin": [13.291, 8.71, 10.0424]},
			"faces": {
				"north": {"uv": [4, 0.71875, 4.84375, 0], "rotation": 90, "texture": "#0"},
				"east": {"uv": [1.75, 0, 0, 0], "rotation": 270, "texture": "#0"},
				"south": {"uv": [4, 0.71875, 4.84375, 0], "rotation": 270, "texture": "#0"},
				"west": {"uv": [1.75, 0, 0, 0], "rotation": 270, "texture": "#0"},
				"up": {"uv": [0, 1, 0, 0], "rotation": 270, "texture": "#0"},
				"down": {"uv": [0, 1, 0, 0], "rotation": 270, "texture": "#0"}
			}
		},
		{
			"from": [20.18894, 6.29099, 7.45612],
			"to": [21.22569, 7.68862, 8.57423],
			"rotation": {"angle": -45, "axis": "z", "origin": [12.77729, 16.517, 7.88817]},
			"faces": {
				"north": {"uv": [8.0625, 6.25, 7.75, 6.6875], "texture": "#4"},
				"east": {"uv": [7.84375, 5.75, 7.5, 6.1875], "texture": "#4"},
				"south": {"uv": [8.0625, 6.75, 7.75, 7.1875], "texture": "#4"},
				"west": {"uv": [7.84375, 5.25, 7.5, 5.6875], "texture": "#4"},
				"up": {"uv": [8.5, 4.09375, 8.8125, 3.75], "texture": "#4"},
				"down": {"uv": [4.75, 8.5, 5.0625, 8.84375], "texture": "#4"}
			}
		},
		{
			"from": [12.9847, -9, 8.0383],
			"to": [16.33153, -6.26582, 8.0383],
			"rotation": {"angle": 22.5, "axis": "z", "origin": [2.34804, -17.2571, 8.73639]},
			"faces": {
				"north": {"uv": [6.75, 5.5, 0, 0], "texture": "#6"},
				"east": {"uv": [0, 5.5, 0, 0], "texture": "#6"},
				"south": {"uv": [0, 5.5, 6.75, 0], "texture": "#6"},
				"west": {"uv": [0, 5.5, 0, 0], "texture": "#6"},
				"up": {"uv": [0, 0, 6.75, 0], "texture": "#6"},
				"down": {"uv": [0, 0, 6.75, 0], "texture": "#6"}
			}
		},
		{
			"from": [-0.33153, -9, 8.0383],
			"to": [3.0153, -6.26582, 8.0383],
			"rotation": {"angle": -22.5, "axis": "z", "origin": [13.65196, -17.2571, 8.73639]},
			"faces": {
				"north": {"uv": [0, 5.5, 6.75, 0], "texture": "#6"},
				"east": {"uv": [0, 5.5, 0, 0], "texture": "#6"},
				"south": {"uv": [6.75, 5.5, 0, 0], "texture": "#6"},
				"west": {"uv": [0, 5.5, 0, 0], "texture": "#6"},
				"up": {"uv": [6.75, 0, 0, 0], "texture": "#6"},
				"down": {"uv": [6.75, 0, 0, 0], "texture": "#6"}
			}
		},
		{
			"from": [-0.8995, 1.6, 7.95855],
			"to": [2.44733, 4.33418, 7.95855],
			"rotation": {"angle": 22.5, "axis": "z", "origin": [13.08399, 12.2571, 7.26046]},
			"faces": {
				"north": {"uv": [0, 0, 6.75, 5.5], "texture": "#6"},
				"east": {"uv": [0, 0, 0, 5.5], "texture": "#6"},
				"south": {"uv": [6.75, 0, 0, 5.5], "texture": "#6"},
				"west": {"uv": [0, 0, 0, 5.5], "texture": "#6"},
				"up": {"uv": [6.75, 0, 0, 0], "texture": "#6"},
				"down": {"uv": [6.75, 0, 0, 0], "texture": "#6"}
			}
		},
		{
			"from": [13.55267, 1.6, 7.95855],
			"to": [16.8995, 4.33418, 7.95855],
			"rotation": {"angle": -22.5, "axis": "z", "origin": [2.91601, 12.2571, 7.26046]},
			"faces": {
				"north": {"uv": [6.75, 0, 0, 5.5], "texture": "#6"},
				"east": {"uv": [0, 0, 0, 5.5], "texture": "#6"},
				"south": {"uv": [0, 0, 6.75, 5.5], "texture": "#6"},
				"west": {"uv": [0, 0, 0, 5.5], "texture": "#6"},
				"up": {"uv": [0, 0, 6.75, 0], "texture": "#6"},
				"down": {"uv": [0, 0, 6.75, 0], "texture": "#6"}
			}
		},
		{
			"from": [10.899, 1.72698, 7.95855],
			"to": [15.24583, 5.46116, 7.95855],
			"rotation": {"angle": 0, "axis": "y", "origin": [7.91601, -4.7429, 7.26046]},
			"faces": {
				"north": {"uv": [6.5625, 1.96875, 5.15625, 2.9375], "texture": "#0"},
				"east": {"uv": [0, 0, 0, 0.84375], "texture": "#0"},
				"south": {"uv": [5.15625, 1.96875, 6.5625, 2.9375], "texture": "#0"},
				"west": {"uv": [0, 0, 0, 0.84375], "texture": "#0"},
				"up": {"uv": [0, 0, 1.0625, 0], "texture": "#0"},
				"down": {"uv": [0, 0, 1.0625, 0], "texture": "#0"}
			}
		},
		{
			"from": [0.75417, 1.72698, 7.95855],
			"to": [5.101, 5.46116, 7.95855],
			"rotation": {"angle": 0, "axis": "y", "origin": [8.08399, -4.7429, 7.26046]},
			"faces": {
				"north": {"uv": [5.15625, 1.96875, 6.5625, 2.9375], "texture": "#0"},
				"east": {"uv": [0, 0, 0, 0.84375], "texture": "#0"},
				"south": {"uv": [6.5625, 1.96875, 5.15625, 2.9375], "texture": "#0"},
				"west": {"uv": [0, 0, 0, 0.84375], "texture": "#0"},
				"up": {"uv": [1.0625, 0, 0, 0], "texture": "#0"},
				"down": {"uv": [1.0625, 0, 0, 0], "texture": "#0"}
			}
		},
		{
			"from": [9.9179, 3.48582, 7.39894],
			"to": [11.77552, 5.03355, 8.65681],
			"rotation": {"angle": 0, "axis": "y", "origin": [8.28413, 16.0603, 7.86277]},
			"faces": {
				"north": {"uv": [6.34375, 0.5, 5.75, 1], "texture": "#4"},
				"east": {"uv": [5.15625, 6.75, 4.75, 7.25], "texture": "#4"},
				"south": {"uv": [6.34375, 1, 5.75, 1.5], "texture": "#4"},
				"west": {"uv": [7.15625, 2, 6.75, 2.5], "texture": "#4"},
				"up": {"uv": [0, 6.90625, 0.59375, 6.5], "texture": "#4"},
				"down": {"uv": [6.5, 0.5, 7.09375, 0.90625], "texture": "#4"}
			}
		},
		{
			"from": [9.64382, 17.5937, 7.67942],
			"to": [10.84007, 20.17147, 8.31742],
			"rotation": {"angle": -22.5, "axis": "z", "origin": [9.01145, 14.79482, 7.66781]},
			"faces": {
				"north": {"uv": [0.375, 5.5, 0, 6.3125], "texture": "#4"},
				"east": {"uv": [7.6875, 4.25, 7.5, 5.0625], "texture": "#4"},
				"south": {"uv": [0.875, 5.5, 0.5, 6.3125], "texture": "#4"},
				"west": {"uv": [4.4375, 7.5, 4.25, 8.3125], "texture": "#4"},
				"up": {"uv": [9.25, 4.9375, 9.625, 4.75], "texture": "#4"},
				"down": {"uv": [5, 9.25, 5.375, 9.4375], "texture": "#4"}
			}
		},
		{
			"from": [10.66677, 12.35365, 7.60693],
			"to": [11.86302, 17.13865, 8.40443],
			"rotation": {"angle": 0, "axis": "y", "origin": [8.90885, 12.97858, 7.86234]},
			"faces": {
				"north": {"uv": [0.375, 4, 0, 5.5], "texture": "#4"},
				"east": {"uv": [4.5, 4.5, 4.25, 6], "texture": "#4"},
				"south": {"uv": [4.375, 0, 4, 1.5], "texture": "#4"},
				"west": {"uv": [4.75, 1.5, 4.5, 3], "texture": "#4"},
				"up": {"uv": [0, 9, 0.375, 8.75], "texture": "#4"},
				"down": {"uv": [0.5, 8.75, 0.875, 9], "texture": "#4"}
			}
		},
		{
			"from": [10.78813, 10.23222, 7.76715],
			"to": [11.58563, 12.22597, 8.2297],
			"rotation": {"angle": -22.5, "axis": "z", "origin": [8.57449, 10.36494, 8.2289]},
			"faces": {
				"north": {"uv": [3.25, 7.5, 3, 8.125], "texture": "#4"},
				"east": {"uv": [7.65625, 8.5, 7.5, 9.125], "texture": "#4"},
				"south": {"uv": [7.75, 3, 7.5, 3.625], "texture": "#4"},
				"west": {"uv": [7.40625, 8.5, 7.25, 9.125], "texture": "#4"},
				"up": {"uv": [8.25, 9.90625, 8.5, 9.75], "texture": "#4"},
				"down": {"uv": [9.75, 8.25, 10, 8.40625], "texture": "#4"}
			}
		},
		{
			"from": [10.56884, 7.62495, 7.75917],
			"to": [11.36634, 9.39519, 8.23767],
			"rotation": {"angle": 0, "axis": "y", "origin": [12.12642, 13.79641, 8.09433]},
			"faces": {
				"north": {"uv": [4.75, 7.5, 4.5, 8.0625], "texture": "#4"},
				"east": {"uv": [7.15625, 8.75, 7, 9.3125], "texture": "#4"},
				"south": {"uv": [8, 2.5, 7.75, 3.0625], "texture": "#4"},
				"west": {"uv": [4.15625, 8.75, 4, 9.3125], "texture": "#4"},
				"up": {"uv": [8.5, 9.90625, 8.75, 9.75], "texture": "#4"},
				"down": {"uv": [8.75, 9.75, 9, 9.90625], "texture": "#4"}
			}
		},
		{
			"from": [9.50868, 10.26457, 7.4322],
			"to": [10.70493, 13.05582, 8.54072],
			"rotation": {"angle": 22.5, "axis": "z", "origin": [9.03719, 15.05574, 7.9127]},
			"faces": {
				"north": {"uv": [3.125, 4.75, 2.75, 5.625], "texture": "#4"},
				"east": {"uv": [5.84375, 4.75, 5.5, 5.625], "texture": "#4"},
				"south": {"uv": [3.625, 4.75, 3.25, 5.625], "texture": "#4"},
				"west": {"uv": [4.09375, 5.5, 3.75, 6.375], "texture": "#4"},
				"up": {"uv": [2.5, 8.34375, 2.875, 8], "texture": "#4"},
				"down": {"uv": [8, 2.5, 8.375, 2.84375], "texture": "#4"}
			}
		},
		{
			"from": [11.21523, 10.86875, 7.59967],
			"to": [12.41148, 11.2675, 8.39717],
			"rotation": {"angle": 0, "axis": "y", "origin": [8.91373, 15.44141, 7.28416]},
			"faces": {
				"north": {"uv": [10.125, 0.5, 9.75, 0.625], "texture": "#4"},
				"east": {"uv": [10.25, 5, 10, 5.125], "texture": "#4"},
				"south": {"uv": [10.125, 0.75, 9.75, 0.875], "texture": "#4"},
				"west": {"uv": [5.25, 10, 5, 10.125], "texture": "#4"},
				"up": {"uv": [8.75, 0.75, 9.125, 0.5], "texture": "#4"},
				"down": {"uv": [8.75, 0.75, 9.125, 1], "texture": "#4"}
			}
		},
		{
			"from": [11.48657, 12.45948, 7.44017],
			"to": [13.08157, 13.25698, 8.53275],
			"rotation": {"angle": -45, "axis": "z", "origin": [9.34269, 12.87174, 6.51539]},
			"faces": {
				"north": {"uv": [8.75, 3.5, 8.25, 3.75], "texture": "#4"},
				"east": {"uv": [9.34375, 0.25, 9, 0.5], "texture": "#4"},
				"south": {"uv": [8.75, 4.75, 8.25, 5], "texture": "#4"},
				"west": {"uv": [0.59375, 9, 0.25, 9.25], "texture": "#4"},
				"up": {"uv": [7, 6.34375, 7.5, 6], "texture": "#4"},
				"down": {"uv": [7.25, 0.5, 7.75, 0.84375], "texture": "#4"}
			}
		},
		{
			"from": [11.06264, 10.50035, 7.63955],
			"to": [12.25889, 10.8991, 8.3573],
			"rotation": {"angle": -22.5, "axis": "z", "origin": [12.25889, 10.50035, 6.7623]},
			"faces": {
				"north": {"uv": [10.125, 1, 9.75, 1.125], "texture": "#4"},
				"east": {"uv": [10.21875, 6, 10, 6.125], "texture": "#4"},
				"south": {"uv": [1.625, 9.75, 1.25, 9.875], "texture": "#4"},
				"west": {"uv": [6.21875, 10, 6, 10.125], "texture": "#4"},
				"up": {"uv": [9, 1.21875, 9.375, 1], "texture": "#4"},
				"down": {"uv": [1.25, 9, 1.625, 9.21875], "texture": "#4"}
			}
		},
		{
			"from": [13.2215, 9.46935, 7.83183],
			"to": [13.70788, 9.95572, 8.12365],
			"rotation": {"angle": -22.5, "axis": "z", "origin": [8.14409, 13.21043, 7.87743]},
			"faces": {
				"north": {"uv": [7.40625, 10, 7.25, 10.15625], "texture": "#4"},
				"east": {"uv": [0.09375, 10.25, 0, 10.40625], "texture": "#4"},
				"south": {"uv": [10.15625, 7.25, 10, 7.40625], "texture": "#4"},
				"west": {"uv": [10.09375, 10, 10, 10.15625], "texture": "#4"},
				"up": {"uv": [0.25, 10.34375, 0.40625, 10.25], "texture": "#4"},
				"down": {"uv": [0.5, 10.25, 0.65625, 10.34375], "texture": "#4"}
			}
		},
		{
			"from": [13.81599, 10.47764, 7.68523],
			"to": [14.78874, 11.27514, 8.26887],
			"rotation": {"angle": -45, "axis": "z", "origin": [8.06567, 13.73328, 7.98996]},
			"faces": {
				"north": {"uv": [9.3125, 1.75, 9, 2], "texture": "#4"},
				"east": {"uv": [9.9375, 1.5, 9.75, 1.75], "texture": "#4"},
				"south": {"uv": [5.0625, 9, 4.75, 9.25], "texture": "#4"},
				"west": {"uv": [9.9375, 1.25, 9.75, 1.5], "texture": "#4"},
				"up": {"uv": [9.5, 6.1875, 9.8125, 6], "texture": "#4"},
				"down": {"uv": [6.25, 9.5, 6.5625, 9.6875], "texture": "#4"}
			}
		},
		{
			"from": [16.27044, 8, 7.88047],
			"to": [17, 9.48637, 8.07502],
			"rotation": {"angle": -45, "axis": "z", "origin": [12.99733, 14.54078, 8.0386]},
			"faces": {
				"north": {"uv": [10.21875, 1.25, 10, 1.40625], "texture": "#4"},
				"east": {"uv": [2.5625, 10.25, 2.5, 10.40625], "texture": "#4"},
				"south": {"uv": [1.71875, 10, 1.5, 10.15625], "texture": "#4"},
				"west": {"uv": [10.3125, 2.25, 10.25, 2.40625], "texture": "#4"},
				"up": {"uv": [10.25, 0.8125, 10.46875, 0.75], "texture": "#4"},
				"down": {"uv": [10.25, 1, 10.46875, 1.0625], "texture": "#4"}
			}
		},
		{
			"from": [9.55048, 4.95377, 7.58864],
			"to": [10.52323, 6.69109, 8.36683],
			"rotation": {"angle": 0, "axis": "y", "origin": [8.06567, 13.73328, 7.98996]},
			"faces": {
				"north": {"uv": [7.5625, 6.5, 7.25, 7.03125], "texture": "#4"},
				"east": {"uv": [1, 8, 0.75, 8.53125], "texture": "#4"},
				"south": {"uv": [7.0625, 7.25, 6.75, 7.78125], "texture": "#4"},
				"west": {"uv": [0.75, 8, 0.5, 8.53125], "texture": "#4"},
				"up": {"uv": [5.25, 9.25, 5.5625, 9], "texture": "#4"},
				"down": {"uv": [9, 5.25, 9.3125, 5.5], "texture": "#4"}
			}
		},
		{
			"from": [10.25114, 6.76739, 7.76715],
			"to": [10.73753, 8.56489, 8.1659],
			"rotation": {"angle": -45, "axis": "z", "origin": [10.73753, 7.76739, 7.7193]},
			"faces": {
				"north": {"uv": [9.90625, 9, 9.75, 9.25], "texture": "#4"},
				"east": {"uv": [10.125, 5.25, 10, 5.5], "texture": "#4"},
				"south": {"uv": [9.90625, 9.25, 9.75, 9.5], "texture": "#4"},
				"west": {"uv": [5.375, 10, 5.25, 10.25], "texture": "#4"},
				"up": {"uv": [8.75, 10.125, 8.90625, 10], "texture": "#4"},
				"down": {"uv": [10, 8.75, 10.15625, 8.875], "texture": "#4"}
			}
		},
		{
			"from": [10.87996, 7.62495, 7.75917],
			"to": [11.85271, 8.11132, 8.14828],
			"rotation": {"angle": 0, "axis": "y", "origin": [10.56387, 14.20449, 7.92607]},
			"faces": {
				"north": {"uv": [9.8125, 8.5, 9.5, 8.65625], "texture": "#4"},
				"east": {"uv": [10.125, 9, 10, 9.15625], "texture": "#4"},
				"south": {"uv": [9.8125, 8.75, 9.5, 8.90625], "texture": "#4"},
				"west": {"uv": [9.125, 10, 9, 10.15625], "texture": "#4"},
				"up": {"uv": [9.75, 9.625, 10.0625, 9.5], "texture": "#4"},
				"down": {"uv": [9.75, 9.75, 10.0625, 9.875], "texture": "#4"}
			}
		},
		{
			"from": [12.1324, 7.79535, 7.63728],
			"to": [13.10514, 8.52491, 8.3182],
			"rotation": {"angle": -22.5, "axis": "z", "origin": [8.06567, 13.73328, 7.98996]},
			"faces": {
				"north": {"uv": [7.5625, 9.25, 7.25, 9.46875], "texture": "#4"},
				"east": {"uv": [8.21875, 3, 8, 3.21875], "texture": "#4"},
				"south": {"uv": [9.5625, 7.25, 9.25, 7.46875], "texture": "#4"},
				"west": {"uv": [7.71875, 6.25, 7.5, 6.46875], "texture": "#4"},
				"up": {"uv": [9.25, 7.71875, 9.5625, 7.5], "texture": "#4"},
				"down": {"uv": [7.75, 9.25, 8.0625, 9.46875], "texture": "#4"}
			}
		},
		{
			"from": [11.84825, 19.52353, 7.6236],
			"to": [13.60275, 20.95903, 8.453],
			"rotation": {"angle": 0, "axis": "y", "origin": [8.81775, 19.52353, 7.21687]},
			"faces": {
				"north": {"uv": [6.3125, 6.25, 5.75, 6.6875], "texture": "#4"},
				"east": {"uv": [8.09375, 0.5, 7.75, 0.9375], "texture": "#4"},
				"south": {"uv": [5.5625, 6.25, 5, 6.6875], "texture": "#4"},
				"west": {"uv": [1.84375, 7.75, 1.5, 8.1875], "texture": "#4"},
				"up": {"uv": [7, 2.84375, 7.5625, 2.5], "texture": "#4"},
				"down": {"uv": [3, 7, 3.5625, 7.34375], "texture": "#4"}
			}
		},
		{
			"from": [11.08644, 22.01558, 7.63157],
			"to": [12.68144, 23.45108, 8.44502],
			"rotation": {"angle": -22.5, "axis": "z", "origin": [8.81151, 19.57236, 7.4003]},
			"faces": {
				"north": {"uv": [7, 5.25, 6.5, 5.6875], "texture": "#4"},
				"east": {"uv": [8.0625, 7.25, 7.75, 7.6875], "texture": "#4"},
				"south": {"uv": [7, 1, 6.5, 1.4375], "texture": "#4"},
				"west": {"uv": [8.0625, 7.75, 7.75, 8.1875], "texture": "#4"},
				"up": {"uv": [3.25, 7.8125, 3.75, 7.5], "texture": "#4"},
				"down": {"uv": [7.5, 3.75, 8, 4.0625], "texture": "#4"}
			}
		},
		{
			"from": [9.46632, 24.01898, 7.63955],
			"to": [11.06132, 25.45448, 8.43705],
			"rotation": {"angle": -45, "axis": "z", "origin": [8.83917, 19.61376, 7.40827]},
			"faces": {
				"north": {"uv": [7, 6.25, 6.5, 6.6875], "texture": "#4"},
				"east": {"uv": [3.75, 5.75, 3.5, 6.1875], "texture": "#4"},
				"south": {"uv": [7, 5.75, 6.5, 6.1875], "texture": "#4"},
				"west": {"uv": [1, 6.5, 0.75, 6.9375], "texture": "#4"},
				"up": {"uv": [8.25, 5.25, 8.75, 5], "texture": "#4"},
				"down": {"uv": [8.25, 6.25, 8.75, 6.5], "texture": "#4"}
			}
		},
		{
			"from": [10.79833, 15.80544, 7.60765],
			"to": [11.51608, 17.45626, 8.46895],
			"rotation": {"angle": 45, "axis": "z", "origin": [8.73439, 19.5202, 7.32852]},
			"faces": {
				"north": {"uv": [4.71875, 8.25, 4.5, 8.78125], "texture": "#4"},
				"east": {"uv": [7.5625, 7.25, 7.25, 7.78125], "texture": "#4"},
				"south": {"uv": [3.21875, 8.25, 3, 8.78125], "texture": "#4"},
				"west": {"uv": [0.3125, 7.5, 0, 8.03125], "texture": "#4"},
				"up": {"uv": [9.5, 1.8125, 9.71875, 1.5], "texture": "#4"},
				"down": {"uv": [1.75, 9.5, 1.96875, 9.8125], "texture": "#4"}
			}
		},
		{
			"from": [11.65184, 20.66857, 7.61562],
			"to": [13.23089, 21.38632, 8.46097],
			"rotation": {"angle": -22.5, "axis": "z", "origin": [8.73439, 19.5202, 7.34447]},
			"faces": {
				"north": {"uv": [3.75, 8.5, 3.25, 8.71875], "texture": "#4"},
				"east": {"uv": [9.78125, 4, 9.5, 4.21875], "texture": "#4"},
				"south": {"uv": [9, 2.75, 8.5, 2.96875], "texture": "#4"},
				"west": {"uv": [5.28125, 9.5, 5, 9.71875], "texture": "#4"},
				"up": {"uv": [7.75, 3.53125, 8.25, 3.25], "texture": "#4"},
				"down": {"uv": [3.75, 7.75, 4.25, 8.03125], "texture": "#4"}
			}
		},
		{
			"from": [13.70308, 21.424, 7.60765],
			"to": [15.42568, 23.57725, 8.4849],
			"rotation": {"angle": 22.5, "axis": "z", "origin": [8.73439, 19.5202, 7.32852]},
			"faces": {
				"north": {"uv": [1.03125, 4.75, 0.5, 5.4375], "texture": "#4"},
				"east": {"uv": [6.15625, 1.5, 5.75, 2.1875], "texture": "#4"},
				"south": {"uv": [5.03125, 4.5, 4.5, 5.1875], "texture": "#4"},
				"west": {"uv": [6.15625, 2.25, 5.75, 2.9375], "texture": "#4"},
				"up": {"uv": [6.75, 0.40625, 7.28125, 0], "texture": "#4"},
				"down": {"uv": [6.75, 1.5, 7.28125, 1.90625], "texture": "#4"}
			}
		},
		{
			"from": [9.16158, 25.39782, 7.61562],
			"to": [10.59708, 27.12042, 8.46097],
			"rotation": {"angle": -22.5, "axis": "z", "origin": [8.73439, 19.5202, 7.32852]},
			"faces": {
				"north": {"uv": [6.9375, 4.5, 6.5, 5.03125], "texture": "#4"},
				"east": {"uv": [1.875, 7, 1.5, 7.53125], "texture": "#4"},
				"south": {"uv": [4.1875, 6.5, 3.75, 7.03125], "texture": "#4"},
				"west": {"uv": [2.375, 7, 2, 7.53125], "texture": "#4"},
				"up": {"uv": [7.5, 1.875, 7.9375, 1.5], "texture": "#4"},
				"down": {"uv": [2.5, 7.5, 2.9375, 7.875], "texture": "#4"}
			}
		},
		{
			"from": [15.04583, 21.37479, 7.6236],
			"to": [15.90713, 23.74337, 8.453],
			"rotation": {"angle": 45, "axis": "z", "origin": [8.73439, 19.5202, 7.32852]},
			"faces": {
				"north": {"uv": [4.53125, 6.75, 4.25, 7.5], "texture": "#4"},
				"east": {"uv": [3.5625, 6.25, 3.25, 7], "texture": "#4"},
				"south": {"uv": [2.78125, 6.75, 2.5, 7.5], "texture": "#4"},
				"west": {"uv": [6.8125, 3, 6.5, 3.75], "texture": "#4"},
				"up": {"uv": [8.75, 7.5625, 9.03125, 7.25], "texture": "#4"},
				"down": {"uv": [7.75, 8.75, 8.03125, 9.0625], "texture": "#4"}
			}
		},
		{
			"from": [14.44815, 17.5474, 7.61562],
			"to": [16.0272, 19.54115, 8.46097],
			"rotation": {"angle": 45, "axis": "z", "origin": [9.12913, 19.12546, 7.22485]},
			"faces": {
				"north": {"uv": [5.75, 1.25, 5.25, 1.875], "texture": "#4"},
				"east": {"uv": [5.75, 0.5, 5.25, 1.125], "texture": "#4"},
				"south": {"uv": [4.25, 4.75, 3.75, 5.375], "texture": "#4"},
				"west": {"uv": [5.75, 2, 5.25, 2.625], "texture": "#4"},
				"up": {"uv": [6.25, 2, 6.75, 1.5], "texture": "#4"},
				"down": {"uv": [6.25, 2, 6.75, 2.5], "texture": "#4"}
			}
		},
		{
			"from": [13.19256, 23.37424, 7.63157],
			"to": [14.05386, 25.24039, 8.44502],
			"rotation": {"angle": 22.5, "axis": "z", "origin": [8.73439, 19.5202, 7.32852]},
			"faces": {
				"north": {"uv": [6.03125, 7.25, 5.75, 7.84375], "texture": "#4"},
				"east": {"uv": [5.53125, 7.25, 5.25, 7.84375], "texture": "#4"},
				"south": {"uv": [5.03125, 7.25, 4.75, 7.84375], "texture": "#4"},
				"west": {"uv": [6.53125, 7.25, 6.25, 7.84375], "texture": "#4"},
				"up": {"uv": [9, 4.03125, 9.28125, 3.75], "texture": "#4"},
				"down": {"uv": [4.25, 9, 4.53125, 9.28125], "texture": "#4"}
			}
		},
		{
			"from": [10.21102, 26.96929, 7.61562],
			"to": [11.07232, 27.60729, 8.46097],
			"rotation": {"angle": 0, "axis": "y", "origin": [11.07232, 26.96929, 7.54385]},
			"faces": {
				"north": {"uv": [7.53125, 9.5, 7.25, 9.6875], "texture": "#4"},
				"east": {"uv": [7.0625, 9.5, 6.75, 9.6875], "texture": "#4"},
				"south": {"uv": [9.78125, 7, 9.5, 7.1875], "texture": "#4"},
				"west": {"uv": [9.8125, 6.75, 9.5, 6.9375], "texture": "#4"},
				"up": {"uv": [8.75, 8.0625, 9.03125, 7.75], "texture": "#4"},
				"down": {"uv": [8.25, 8.75, 8.53125, 9.0625], "texture": "#4"}
			}
		},
		{
			"from": [3.44291, 3.31219, 7.6555],
			"to": [4.47966, 4.57006, 8.35432],
			"rotation": {"angle": 0, "axis": "y", "origin": [8.67934, 16.26028, 7.83642]},
			"faces": {
				"north": {"uv": [4.75, 8, 5.0625, 8.40625], "texture": "#4"},
				"east": {"uv": [8.75, 3, 8.96875, 3.40625], "texture": "#4"},
				"south": {"uv": [5.25, 8, 5.5625, 8.40625], "texture": "#4"},
				"west": {"uv": [3.25, 8.75, 3.46875, 9.15625], "texture": "#4"},
				"up": {"uv": [9.5625, 6.46875, 9.25, 6.25], "texture": "#4"},
				"down": {"uv": [9.5625, 6.5, 9.25, 6.71875], "texture": "#4"}
			}
		},
		{
			"from": [11.52034, 3.31219, 7.6555],
			"to": [12.55709, 4.57006, 8.35432],
			"rotation": {"angle": 0, "axis": "y", "origin": [7.32066, 16.26028, 7.83642]},
			"faces": {
				"north": {"uv": [5.0625, 8, 4.75, 8.40625], "texture": "#4"},
				"east": {"uv": [3.46875, 8.75, 3.25, 9.15625], "texture": "#4"},
				"south": {"uv": [5.5625, 8, 5.25, 8.40625], "texture": "#4"},
				"west": {"uv": [8.96875, 3, 8.75, 3.40625], "texture": "#4"},
				"up": {"uv": [9.25, 6.46875, 9.5625, 6.25], "texture": "#4"},
				"down": {"uv": [9.25, 6.5, 9.5625, 6.71875], "texture": "#4"}
			}
		},
		{
			"from": [4.98667, 3.4806, 7.88038],
			"to": [10.816, 18.66259, 7.88038],
			"rotation": {"angle": 0, "axis": "y", "origin": [6.58843, 4.2781, 8.67405]},
			"faces": {
				"north": {"uv": [2.6125, 3.0625, 3.6474, 6.2375], "texture": "#5"},
				"east": {"uv": [0, 0, 0, 16], "texture": "#5"},
				"south": {"uv": [13.3724, 0, 10.75, 3.9375], "texture": "#5"},
				"west": {"uv": [0, 0, 0, 16], "texture": "#5"},
				"up": {"uv": [0, 0, 13.3724, 0], "texture": "#5"},
				"down": {"uv": [0, 0, 13.3724, 0], "texture": "#5"}
			}
		}
	],
	"display": {
		"thirdperson_righthand": {
			"rotation": [-12.16, 88.9, 11.18],
			"translation": [0.5, 11, 1],
			"scale": [1.49, 1.29859, 1.56711]
		},
		"thirdperson_lefthand": {
			"rotation": [66.91, 0.69, -145.75],
			"translation": [-9.5, -6, 7.5],
			"scale": [1.17555, 1.08766, 1.4382]
		},
		"firstperson_righthand": {
			"rotation": [-7, 101, 0],
			"translation": [6.5, -5.75, -4.25],
			"scale": [1.04, 1.42, 2.04]
		},
		"firstperson_lefthand": {
			"rotation": [-7, 101, 0],
			"translation": [6.5, -5.75, -4.25],
			"scale": [1.04, 1.42, 2.04]
		},
		"ground": {
			"rotation": [-0.49, -30.16, -37.86],
			"translation": [0, 11.5, 0],
			"scale": [1.74, 1.88, 1.85]
		},
		"gui": {
			"rotation": [-1.38, -0.01, -43],
			"translation": [-1, -2, 0],
			"scale": [0.70133, 0.70992, 1]
		},
		"head": {
			"rotation": [-25.93, 65.11, -118.4],
			"translation": [19.75, -11.75, -25.75],
			"scale": [2.42, 2.41, 3.46]
		},
		"fixed": {
			"rotation": [87.51, -1.22, 26.23],
			"translation": [21, -1.5, -38.75],
			"scale": [3.12, 3.12, 3.23]
		}
	},
	"groups": [
		{
			"name": "dombringer_v3",
			"origin": [8, -4, 8],
			"color": 0,
			"children": [
				{
					"name": "Handle",
					"origin": [8, -4, 8],
					"color": 1,
					"children": []
				},
				{
					"name": "Tanduk",
					"origin": [8.92232, -4, 8.0945],
					"color": 4,
					"children": []
				},
				{
					"name": "Tanduk",
					"origin": [8.92232, -4, 8.0945],
					"color": 4,
					"children": []
				}
			]
		},
		{
			"name": "Warth_Sword_Evo_2",
			"origin": [38.44458, 6.79628, -32.3575],
			"color": 0,
			"children": [
				{
					"name": "Main_Skull",
					"origin": [-9.99256, 6.13386, -0.38286],
					"color": 0,
					"children": []
				},
				{
					"name": "A_1",
					"origin": [-23.74265, 6.79628, -32.35908],
					"color": 0,
					"children": [
						{
							"name": "A_12",
							"origin": [-23.74265, 6.79628, -32.35908],
							"color": 0,
							"children": [
								{
									"name": "group2",
									"origin": [13.30113, 12.19652, -2.66942],
									"color": 0,
									"children": []
								},
								{
									"name": "group",
									"origin": [9.40552, 14.85994, 1.34099],
									"color": 0,
									"children": []
								}
							]
						},
						{
							"name": "B_1",
							"origin": [0.87564, -0.92388, -0.35908],
							"color": 0,
							"children": []
						}
					]
				},
				{
					"name": "A_1",
					"origin": [-23.74265, 6.79628, -32.35908],
					"color": 0,
					"children": [
						{
							"name": "A_12",
							"origin": [-23.74265, 6.79628, -32.35908],
							"color": 0,
							"children": [
								{
									"name": "group2",
									"origin": [13.30113, 12.19652, -2.66942],
									"color": 0,
									"children": []
								},
								{
									"name": "group",
									"origin": [9.40552, 14.85994, 1.34099],
									"color": 0,
									"children": []
								}
							]
						},
						{
							"name": "B_1",
							"origin": [0.87564, -0.92388, -0.35908],
							"color": 0,
							"children": []
						}
					]
				},
				{
					"name": "Orb",
					"origin": [-2.24564, 4.0782, -0.3575],
					"color": 0,
					"children": [
						{
							"name": "orb",
							"origin": [-2.24564, 4.0782, -0.3575],
							"color": 0,
							"children": []
						}
					]
				},
				{
					"name": "Fire_Eye",
					"origin": [7.08362, -0.58336, -0.74643],
					"color": 0,
					"children": [
						{
							"name": "group",
							"origin": [7.08362, -0.58336, -0.74643],
							"color": 0,
							"children": []
						},
						{
							"name": "group",
							"origin": [7.08362, -0.58336, -0.74643],
							"color": 0,
							"children": []
						},
						{
							"name": "Fire",
							"origin": [14.74019, 0.85745, -3.61931],
							"color": 0,
							"children": [
								{
									"name": "group",
									"origin": [6.58843, 4.2781, 8.67405],
									"color": 0,
									"children": [
										0,
										1,
										2,
										3,
										4,
										5,
										6,
										7,
										8,
										9,
										10,
										11,
										12,
										13,
										14,
										15,
										16,
										17,
										18,
										19,
										20,
										21,
										22,
										23,
										24,
										25,
										26,
										27,
										28,
										29,
										30,
										31,
										32,
										33,
										34,
										35,
										36,
										37,
										38,
										39,
										40,
										41,
										42,
										43,
										44,
										45,
										46,
										47,
										48,
										49,
										50,
										51,
										52,
										53,
										54,
										55,
										56,
										57,
										58,
										59,
										60,
										61,
										62,
										63,
										64,
										65,
										66,
										67,
										68,
										69,
										70,
										71,
										72,
										73,
										74,
										75,
										76,
										77,
										78,
										79,
										80,
										81,
										82,
										83,
										84,
										85,
										86,
										87,
										88,
										89,
										90,
										91,
										92,
										93,
										94,
										95,
										96,
										97,
										98,
										99,
										100,
										101,
										102,
										103,
										104,
										105,
										106,
										107,
										108,
										109,
										110,
										111,
										112,
										113,
										114,
										115,
										116,
										117,
										118,
										119,
										120,
										121,
										122,
										123,
										124,
										125,
										126,
										127,
										128,
										129,
										130,
										131,
										132
									]
								}
							]
						}
					]
				}
			]
		}
	]
}