{
	"credit": "Made with Blockbench",
	"textures": {
		"0": "./monoclemerchant",
		"particle": "./monoclemerchant"
	},
	"elements": [
		{
			"from": [3, 6, 7],
			"to": [11, 14, 7],
			"faces": {
				"north": {"uv": [0, 0, 8, 8], "texture": "#0"},
				"east": {"uv": [0, 0, 0, 8], "texture": "#0"},
				"south": {"uv": [8, 0, 0, 8], "texture": "#0"},
				"west": {"uv": [0, 0, 0, 8], "texture": "#0"},
				"up": {"uv": [8, 0, 0, 0], "texture": "#0"},
				"down": {"uv": [8, 0, 0, 0], "texture": "#0"}
			}
		},
		{
			"from": [5, -3, 8],
			"to": [7, 1, 8],
			"rotation": {"angle": -22.5, "axis": "x", "origin": [0, 0, 0]},
			"faces": {
				"north": {"uv": [14, 0, 16, 4], "texture": "#0"},
				"east": {"uv": [0, 0, 0, 4], "texture": "#0"},
				"south": {"uv": [14, 0, 16, 4], "texture": "#0"},
				"west": {"uv": [0, 0, 0, 4], "texture": "#0"},
				"up": {"uv": [2, 0, 0, 0], "texture": "#0"},
				"down": {"uv": [2, 0, 0, 0], "texture": "#0"}
			}
		},
		{
			"from": [5, 3.04265, 6.69971],
			"to": [7, 3.04265, 10.69971],
			"rotation": {"angle": 22.5, "axis": "x", "origin": [0, -2.95735, 0.69971]},
			"faces": {
				"north": {"uv": [12, 5, 12, 10], "texture": "#0"},
				"east": {"uv": [14, 6, 14, 10], "rotation": 90, "texture": "#0"},
				"south": {"uv": [12, 4, 12, 11], "texture": "#0"},
				"west": {"uv": [14, 6, 14, 10], "rotation": 270, "texture": "#0"},
				"up": {"uv": [14, 12, 16, 16], "texture": "#0"},
				"down": {"uv": [14, 12, 16, 16], "rotation": 180, "texture": "#0"}
			}
		},
		{
			"from": [5, 4, 7],
			"to": [7, 6, 7],
			"faces": {
				"north": {"uv": [8, 0, 10, 2], "texture": "#0"},
				"east": {"uv": [0, 0, 0, 4], "texture": "#0"},
				"south": {"uv": [8, 0, 10, 2], "texture": "#0"},
				"west": {"uv": [0, 0, 0, 4], "texture": "#0"},
				"up": {"uv": [2, 0, 0, 0], "texture": "#0"},
				"down": {"uv": [2, 0, 0, 0], "texture": "#0"}
			}
		}
	],
	"display": {
		"thirdperson_righthand": {
			"translation": [1, 2.5, 1],
			"scale": [0.5, 0.5, 0.5]
		},
		"thirdperson_lefthand": {
			"translation": [-0.75, 2.5, 1],
			"scale": [0.5, 0.5, 0.5]
		},
		"firstperson_righthand": {
			"translation": [3.75, 7.25, -5.5],
			"scale": [0.84, 0.84, 1]
		},
		"firstperson_lefthand": {
			"translation": [3.75, 7.25, -5.5],
			"scale": [0.84, 0.84, 1]
		},
		"ground": {
			"translation": [1.75, 4.25, -0.25]
		},
		"gui": {
			"rotation": [-154.82, 47.29, 179.22],
			"translation": [0, 1.25, 0],
			"scale": [0.95, 0.95, 0.95]
		},
		"head": {
			"translation": [-2.5, -5, -5.5],
			"scale": [0.84, 0.84, 1]
		},
		"fixed": {
			"translation": [0, 0, 0.25]
		}
	}
}