{
	"credit": "Made with Blockbench",
	"textures": {
		"1": "null_texture/null_arrow"
	},
	"elements": [
		{
			"from": [7.67, 7.67, 3.23],
			"to": [8.33, 8.33, 15.77],
			"rotation": {"angle": 0, "axis": "y", "origin": [8, 8, 8]},
			"faces": {
				"north": {"uv": [3, 0.5, 3.25, 0.75], "texture": "#1"},
				"east": {"uv": [0, 3, 4.75, 3.25], "texture": "#1"},
				"south": {"uv": [3, 1, 3.25, 1.25], "texture": "#1"},
				"west": {"uv": [3, 0, 7.75, 0.25], "texture": "#1"},
				"up": {"uv": [0.25, 8.25, 0, 3.5], "texture": "#1"},
				"down": {"uv": [0.75, 3.5, 0.5, 8.25], "texture": "#1"}
			}
		},
		{
			"from": [7.67, 7.67, 0.69],
			"to": [8.33, 8.33, 3.23],
			"rotation": {"angle": 0, "axis": "y", "origin": [8, 8, 8]},
			"faces": {
				"north": {"uv": [3, 0, 3.125, 0.25], "texture": "#1"},
				"east": {"uv": [3, 0, 3.875, 0.25], "texture": "#1"},
				"south": {"uv": [3, 0, 3.875, 0.25], "texture": "#1"},
				"west": {"uv": [3, 0, 3.875, 0.25], "texture": "#1"},
				"up": {"uv": [0.25, 8.25, 0, 7.375], "texture": "#1"},
				"down": {"uv": [0.75, 7.375, 0.5, 8.25], "texture": "#1"}
			}
		},
		{
			"from": [8, 6.35, -1.09],
			"to": [8, 9.65, 1.55],
			"rotation": {"angle": 0, "axis": "y", "origin": [8, 8, 8]},
			"faces": {
				"north": {"uv": [1.25, 3.5, 1.25, 4.75], "texture": "#1"},
				"east": {"uv": [1.75, 0, 2.75, 1.25], "texture": "#1"},
				"south": {"uv": [1.5, 3.5, 1.5, 4.75], "texture": "#1"},
				"west": {"uv": [1.75, 1.5, 2.75, 2.75], "texture": "#1"},
				"up": {"uv": [1.75, 4.5, 1.75, 3.5], "texture": "#1"},
				"down": {"uv": [2, 3.5, 2, 4.5], "texture": "#1"}
			}
		},
		{
			"from": [6.35, 8, -1.09],
			"to": [9.65, 8, 1.55],
			"rotation": {"angle": 0, "axis": "y", "origin": [8, 8, 8]},
			"faces": {
				"north": {"uv": [1.25, 3.5, 1.25, 4.75], "rotation": 90, "texture": "#1"},
				"east": {"uv": [2, 3.5, 2, 4.5], "rotation": 270, "texture": "#1"},
				"south": {"uv": [1.5, 3.5, 1.5, 4.75], "rotation": 270, "texture": "#1"},
				"west": {"uv": [1.75, 4.5, 1.75, 3.5], "rotation": 270, "texture": "#1"},
				"up": {"uv": [1.75, 0, 2.75, 1.25], "rotation": 270, "texture": "#1"},
				"down": {"uv": [1.75, 1.5, 2.75, 2.75], "rotation": 270, "texture": "#1"}
			}
		},
		{
			"from": [8, 6.35, 13.79],
			"to": [8, 9.65, 17.75],
			"rotation": {"angle": 0, "axis": "y", "origin": [8, 8, 8]},
			"faces": {
				"north": {"uv": [3, 1.5, 3, 2.75], "texture": "#1"},
				"east": {"uv": [0, 0, 1.5, 1.25], "texture": "#1"},
				"south": {"uv": [3.25, 1.5, 3.25, 2.75], "texture": "#1"},
				"west": {"uv": [0, 1.5, 1.5, 2.75], "texture": "#1"},
				"up": {"uv": [3.5, 2, 3.5, 0.5], "texture": "#1"},
				"down": {"uv": [1, 3.5, 1, 5], "texture": "#1"}
			}
		},
		{
			"from": [6.35, 8, 13.79],
			"to": [9.65, 8, 17.75],
			"rotation": {"angle": 0, "axis": "y", "origin": [8, 8, 8]},
			"faces": {
				"north": {"uv": [3, 1.5, 3, 2.75], "rotation": 90, "texture": "#1"},
				"east": {"uv": [1, 3.5, 1, 5], "rotation": 270, "texture": "#1"},
				"south": {"uv": [3.25, 1.5, 3.25, 2.75], "rotation": 270, "texture": "#1"},
				"west": {"uv": [3.5, 2, 3.5, 0.5], "rotation": 270, "texture": "#1"},
				"up": {"uv": [0, 0, 1.5, 1.25], "rotation": 270, "texture": "#1"},
				"down": {"uv": [0, 1.5, 1.5, 2.75], "rotation": 270, "texture": "#1"}
			}
		}
	],
	"gui_light": "front",
	"display": {
		"thirdperson_righthand": {
			"rotation": [90, 0, 0],
			"translation": [0, -1.75, 1]
		},
		"thirdperson_lefthand": {
			"rotation": [90, 0, 0],
			"translation": [0, -1.75, 1]
		},
		"firstperson_righthand": {
			"rotation": [74, 0, 0],
			"translation": [2.75, 0, 1]
		},
		"firstperson_lefthand": {
			"rotation": [74, 0, 0],
			"translation": [2.75, 0, 1]
		},
		"gui": {
			"rotation": [90, -45, 0],
			"translation": [0.5, 0, -0.25]
		},
		"fixed": {
			"rotation": [90, 45, 0],
			"translation": [0, 0, -0.25]
		}
	},
	"groups": [
		{
			"name": "group",
			"origin": [8, 10.5, 19],
			"color": 0,
			"children": [0, 1, 2, 3, 4, 5]
		}
	]
}