{
	"credit": "Made with Blockbench",
	"texture_size": [128, 128],
	"textures": {
		"0": "null_texture/null_head",
		"particle": "null_texture/null_head"
	},
	"elements": [
		{
			"from": [3.5, 3.5, 3.5],
			"to": [12.5, 12.5, 12.5],
			"rotation": {"angle": 0, "axis": "y", "origin": [8, 10.5168, 6.44213]},
			"faces": {
				"north": {"uv": [0, 0, 1.125, 1.125], "texture": "#0"},
				"east": {"uv": [0, 1.25, 1.125, 2.375], "texture": "#0"},
				"south": {"uv": [1.25, 0, 2.375, 1.125], "texture": "#0"},
				"west": {"uv": [1.25, 1.25, 2.375, 2.375], "texture": "#0"},
				"up": {"uv": [1.125, 3.625, 0, 2.5], "texture": "#0"},
				"down": {"uv": [3.625, 0, 2.5, 1.125], "texture": "#0"}
			}
		},
		{
			"from": [12, 4, 3],
			"to": [14, 9, 5],
			"rotation": {"angle": 0, "axis": "y", "origin": [8, 10.5168, 6.44213]},
			"faces": {
				"north": {"uv": [2.875, 6.375, 3.125, 7], "texture": "#0"},
				"east": {"uv": [0, 6.5, 0.25, 7.125], "texture": "#0"},
				"south": {"uv": [6.5, 0, 6.75, 0.625], "texture": "#0"},
				"west": {"uv": [0.375, 6.5, 0.625, 7.125], "texture": "#0"},
				"up": {"uv": [7.625, 1.75, 7.375, 1.5], "texture": "#0"},
				"down": {"uv": [4.25, 7.375, 4, 7.625], "texture": "#0"}
			}
		},
		{
			"from": [12, 9, 3],
			"to": [14, 13, 6],
			"rotation": {"angle": 0, "axis": "y", "origin": [8, 10.5168, 6.44213]},
			"faces": {
				"north": {"uv": [6.75, 4.75, 7, 5.25], "texture": "#0"},
				"east": {"uv": [3.5, 6.125, 3.875, 6.625], "texture": "#0"},
				"south": {"uv": [5.375, 6.75, 5.625, 7.25], "texture": "#0"},
				"west": {"uv": [6.125, 3.625, 6.5, 4.125], "texture": "#0"},
				"up": {"uv": [0.25, 7.625, 0, 7.25], "texture": "#0"},
				"down": {"uv": [7.5, 0, 7.25, 0.375], "texture": "#0"}
			}
		},
		{
			"from": [2, 9, 3],
			"to": [4, 13, 6],
			"rotation": {"angle": 0, "axis": "y", "origin": [8, 10.5168, 6.44213]},
			"faces": {
				"north": {"uv": [5.75, 6.75, 6, 7.25], "texture": "#0"},
				"east": {"uv": [4, 6.125, 4.375, 6.625], "texture": "#0"},
				"south": {"uv": [6.875, 0, 7.125, 0.5], "texture": "#0"},
				"west": {"uv": [4.5, 6.125, 4.875, 6.625], "texture": "#0"},
				"up": {"uv": [0.625, 7.625, 0.375, 7.25], "texture": "#0"},
				"down": {"uv": [1, 7.25, 0.75, 7.625], "texture": "#0"}
			}
		},
		{
			"from": [2, 4, 3],
			"to": [4, 9, 5],
			"rotation": {"angle": 0, "axis": "y", "origin": [8, 10.5168, 6.44213]},
			"faces": {
				"north": {"uv": [0.75, 6.5, 1, 7.125], "texture": "#0"},
				"east": {"uv": [1.125, 6.5, 1.375, 7.125], "texture": "#0"},
				"south": {"uv": [6.625, 1.75, 6.875, 2.375], "texture": "#0"},
				"west": {"uv": [5, 6.625, 5.25, 7.25], "texture": "#0"},
				"up": {"uv": [7.875, 7.875, 7.625, 7.625], "texture": "#0"},
				"down": {"uv": [0.25, 7.75, 0, 8], "texture": "#0"}
			}
		},
		{
			"from": [11, 1.66412, 8.71612],
			"to": [13, 3.66412, 10.71612],
			"rotation": {"angle": 45, "axis": "x", "origin": [8, 10.5168, 6.44213]},
			"faces": {
				"north": {"uv": [5.875, 7.375, 6.125, 7.625], "texture": "#0"},
				"east": {"uv": [7.375, 6.5, 7.625, 6.75], "texture": "#0"},
				"south": {"uv": [7.375, 6.875, 7.625, 7.125], "texture": "#0"},
				"west": {"uv": [7.5, 1, 7.75, 1.25], "texture": "#0"},
				"up": {"uv": [7.75, 2.75, 7.5, 2.5], "texture": "#0"},
				"down": {"uv": [7.75, 3.625, 7.5, 3.875], "texture": "#0"}
			}
		},
		{
			"from": [14.85071, 8.15137, 3.05],
			"to": [16.85071, 10.15137, 5.05],
			"rotation": {"angle": -45, "axis": "z", "origin": [8, 10.5168, 6.44213]},
			"faces": {
				"north": {"uv": [4.375, 7.375, 4.625, 7.625], "texture": "#0"},
				"east": {"uv": [4.75, 7.375, 5, 7.625], "texture": "#0"},
				"south": {"uv": [5.125, 7.375, 5.375, 7.625], "texture": "#0"},
				"west": {"uv": [7.375, 5.25, 7.625, 5.5], "texture": "#0"},
				"up": {"uv": [5.75, 7.625, 5.5, 7.375], "texture": "#0"},
				"down": {"uv": [7.625, 5.625, 7.375, 5.875], "texture": "#0"}
			}
		},
		{
			"from": [-0.85071, 8.15137, 3.05],
			"to": [1.14929, 10.15137, 5.05],
			"rotation": {"angle": 45, "axis": "z", "origin": [8, 10.5168, 6.44213]},
			"faces": {
				"north": {"uv": [7.625, 1.875, 7.875, 2.125], "texture": "#0"},
				"east": {"uv": [3, 7.625, 3.25, 7.875], "texture": "#0"},
				"south": {"uv": [3.375, 7.625, 3.625, 7.875], "texture": "#0"},
				"west": {"uv": [6.25, 7.625, 6.5, 7.875], "texture": "#0"},
				"up": {"uv": [7.5, 7.875, 7.25, 7.625], "texture": "#0"},
				"down": {"uv": [7.875, 7.25, 7.625, 7.5], "texture": "#0"}
			}
		},
		{
			"from": [3, 1.66412, 8.71612],
			"to": [5, 3.66412, 10.71612],
			"rotation": {"angle": 45, "axis": "x", "origin": [8, 10.5168, 6.44213]},
			"faces": {
				"north": {"uv": [7.5, 4, 7.75, 4.25], "texture": "#0"},
				"east": {"uv": [7.5, 4.375, 7.75, 4.625], "texture": "#0"},
				"south": {"uv": [7.5, 4.75, 7.75, 5], "texture": "#0"},
				"west": {"uv": [7.5, 6, 7.75, 6.25], "texture": "#0"},
				"up": {"uv": [7.875, 0.25, 7.625, 0], "texture": "#0"},
				"down": {"uv": [1.75, 7.625, 1.5, 7.875], "texture": "#0"}
			}
		},
		{
			"from": [6.5, 5.5, 2.5],
			"to": [9.5, 13.5, 10.5],
			"rotation": {"angle": 0, "axis": "y", "origin": [8, 10.5168, 6.44213]},
			"faces": {
				"north": {"uv": [2.625, 3.75, 3, 4.75], "texture": "#0"},
				"east": {"uv": [1.25, 2.5, 2.25, 3.5], "texture": "#0"},
				"south": {"uv": [0.625, 4.375, 1, 5.375], "texture": "#0"},
				"west": {"uv": [2.5, 1.25, 3.5, 2.25], "texture": "#0"},
				"up": {"uv": [4.875, 3.875, 4.5, 2.875], "texture": "#0"},
				"down": {"uv": [4.875, 4, 4.5, 5], "texture": "#0"}
			}
		},
		{
			"from": [8, 13.5, 2.5],
			"to": [8, 16.5, 10.5],
			"rotation": {"angle": 0, "axis": "y", "origin": [8, 10.5168, 6.44213]},
			"faces": {
				"north": {"uv": [6.375, 1.75, 6.375, 2.125], "texture": "#0"},
				"east": {"uv": [5.125, 0, 6.125, 0.375], "texture": "#0"},
				"south": {"uv": [1.5, 6.5, 1.5, 6.875], "texture": "#0"},
				"west": {"uv": [6.125, 0, 5.125, 0.375], "texture": "#0"},
				"up": {"uv": [2, 8.75, 2, 7.75], "texture": "#0"},
				"down": {"uv": [2.125, 7.75, 2.125, 8.75], "texture": "#0"}
			}
		},
		{
			"from": [8, 5.5, -0.5],
			"to": [8, 13.5, 2.5],
			"rotation": {"angle": 0, "axis": "y", "origin": [8, 10.5168, 6.44213]},
			"faces": {
				"north": {"uv": [1.125, 3.75, 1.125, 4.75], "texture": "#0"},
				"east": {"uv": [5, 2.875, 5.375, 3.875], "texture": "#0"},
				"south": {"uv": [1.875, 7.75, 1.875, 8.75], "texture": "#0"},
				"west": {"uv": [5.375, 2.875, 5, 3.875], "texture": "#0"},
				"up": {"uv": [6.25, 0.375, 6.25, 0], "texture": "#0"},
				"down": {"uv": [6.375, 0, 6.375, 0.375], "texture": "#0"}
			}
		},
		{
			"from": [3, 9, 10],
			"to": [13, 11, 13],
			"rotation": {"angle": 0, "axis": "y", "origin": [8, 10.5168, 6.44213]},
			"faces": {
				"north": {"uv": [5, 2, 6.25, 2.25], "texture": "#0"},
				"east": {"uv": [7.25, 2.875, 7.625, 3.125], "texture": "#0"},
				"south": {"uv": [5.25, 2.375, 6.5, 2.625], "texture": "#0"},
				"west": {"uv": [3, 7.25, 3.375, 7.5], "texture": "#0"},
				"up": {"uv": [4.875, 2.25, 3.625, 1.875], "texture": "#0"},
				"down": {"uv": [5.125, 2.375, 3.875, 2.75], "texture": "#0"}
			}
		},
		{
			"from": [7, 3, 8],
			"to": [9, 6, 13],
			"rotation": {"angle": 0, "axis": "y", "origin": [8, 10.5168, 6.44213]},
			"faces": {
				"north": {"uv": [7.125, 4.25, 7.375, 4.625], "texture": "#0"},
				"east": {"uv": [5.5, 4.375, 6.125, 4.75], "texture": "#0"},
				"south": {"uv": [7.125, 4.75, 7.375, 5.125], "texture": "#0"},
				"west": {"uv": [5.625, 1.125, 6.25, 1.5], "texture": "#0"},
				"up": {"uv": [2.375, 7, 2.125, 6.375], "texture": "#0"},
				"down": {"uv": [2.75, 6.375, 2.5, 7], "texture": "#0"}
			}
		},
		{
			"from": [3, 6, 9],
			"to": [13, 8, 13],
			"rotation": {"angle": 0, "axis": "y", "origin": [8, 10.5168, 6.44213]},
			"faces": {
				"north": {"uv": [0, 5.5, 1.25, 5.75], "texture": "#0"},
				"east": {"uv": [6.875, 1.125, 7.375, 1.375], "texture": "#0"},
				"south": {"uv": [5.5, 2.75, 6.75, 3], "texture": "#0"},
				"west": {"uv": [6.875, 2.5, 7.375, 2.75], "texture": "#0"},
				"up": {"uv": [4.875, 1.75, 3.625, 1.25], "texture": "#0"},
				"down": {"uv": [5, 0, 3.75, 0.5], "texture": "#0"}
			}
		},
		{
			"from": [14, 4, 4],
			"to": [19, 13, 4],
			"rotation": {"angle": 0, "axis": "y", "origin": [8, 10.5168, 6.44213]},
			"faces": {
				"north": {"uv": [2.375, 2.5, 3, 3.625], "texture": "#0"},
				"east": {"uv": [3.75, 7.625, 3.75, 8.75], "texture": "#0"},
				"south": {"uv": [3, 2.5, 2.375, 3.625], "texture": "#0"},
				"west": {"uv": [3.875, 7.625, 3.875, 8.75], "texture": "#0"},
				"up": {"uv": [5.75, 0.5, 5.125, 0.5], "texture": "#0"},
				"down": {"uv": [8.125, 1.375, 7.5, 1.375], "texture": "#0"}
			}
		},
		{
			"from": [-3, 4, 4],
			"to": [2, 13, 4],
			"rotation": {"angle": 0, "axis": "y", "origin": [8, 10.5168, 6.44213]},
			"faces": {
				"north": {"uv": [3, 2.5, 2.375, 3.625], "texture": "#0"},
				"east": {"uv": [3.875, 7.625, 3.875, 8.75], "texture": "#0"},
				"south": {"uv": [2.375, 2.5, 3, 3.625], "texture": "#0"},
				"west": {"uv": [3.75, 7.625, 3.75, 8.75], "texture": "#0"},
				"up": {"uv": [5.125, 0.5, 5.75, 0.5], "texture": "#0"},
				"down": {"uv": [7.5, 1.375, 8.125, 1.375], "texture": "#0"}
			}
		},
		{
			"from": [-0.09933, 11.77112, 2.75],
			"to": [4.90067, 15.77112, 2.75],
			"rotation": {"angle": -45, "axis": "z", "origin": [0.90067, 9.77112, 2.75]},
			"faces": {
				"north": {"uv": [3, 3.125, 2.375, 3.625], "texture": "#0"},
				"east": {"uv": [3.875, 7.625, 3.875, 8.75], "texture": "#0"},
				"south": {"uv": [2.375, 3.125, 3, 3.625], "texture": "#0"},
				"west": {"uv": [3.75, 7.625, 3.75, 8.75], "texture": "#0"},
				"up": {"uv": [5.125, 0.5, 5.75, 0.5], "texture": "#0"},
				"down": {"uv": [7.5, 1.375, 8.125, 1.375], "texture": "#0"}
			}
		},
		{
			"from": [4, 10, 3],
			"to": [12, 13, 6.5],
			"rotation": {"angle": 0, "axis": "y", "origin": [8, 10.5168, 6.44213]},
			"faces": {
				"north": {"uv": [4.875, 0.625, 5.875, 1], "texture": "#0"},
				"east": {"uv": [6.125, 4.875, 6.625, 5.25], "texture": "#0"},
				"south": {"uv": [1.125, 4.875, 2.125, 5.25], "texture": "#0"},
				"west": {"uv": [5, 6.125, 5.5, 6.5], "texture": "#0"},
				"up": {"uv": [1, 4.25, 0, 3.75], "texture": "#0"},
				"down": {"uv": [4.75, 0.625, 3.75, 1.125], "texture": "#0"}
			}
		},
		{
			"from": [8.49775, 8.50861, 2.975],
			"to": [11.49775, 10.50861, 6.475],
			"rotation": {"angle": 22.5, "axis": "z", "origin": [8, 10.5168, 6.44213]},
			"faces": {
				"north": {"uv": [7.25, 3.25, 7.625, 3.5], "texture": "#0"},
				"east": {"uv": [7, 2.125, 7.5, 2.375], "texture": "#0"},
				"south": {"uv": [3.5, 7.25, 3.875, 7.5], "texture": "#0"},
				"west": {"uv": [7.125, 0.625, 7.625, 0.875], "texture": "#0"},
				"up": {"uv": [6.75, 1.625, 6.375, 1.125], "texture": "#0"},
				"down": {"uv": [2, 6.375, 1.625, 6.875], "texture": "#0"}
			}
		},
		{
			"from": [4.50225, 8.50861, 2.975],
			"to": [7.50225, 10.50861, 6.475],
			"rotation": {"angle": -22.5, "axis": "z", "origin": [8, 10.5168, 6.44213]},
			"faces": {
				"north": {"uv": [7.625, 3.25, 7.25, 3.5], "texture": "#0"},
				"east": {"uv": [7.625, 0.625, 7.125, 0.875], "texture": "#0"},
				"south": {"uv": [3.875, 7.25, 3.5, 7.5], "texture": "#0"},
				"west": {"uv": [7.5, 2.125, 7, 2.375], "texture": "#0"},
				"up": {"uv": [6.375, 1.625, 6.75, 1.125], "texture": "#0"},
				"down": {"uv": [1.625, 6.375, 2, 6.875], "texture": "#0"}
			}
		},
		{
			"from": [2.5, 6.75, 2.5],
			"to": [6.5, 9.75, 4.5],
			"rotation": {"angle": 0, "axis": "y", "origin": [8, 10.5168, 6.44213]},
			"faces": {
				"north": {"uv": [1, 6, 1.5, 6.375], "texture": "#0"},
				"east": {"uv": [7.125, 6, 7.375, 6.375], "texture": "#0"},
				"south": {"uv": [6.125, 3.125, 6.625, 3.5], "texture": "#0"},
				"west": {"uv": [6.5, 7.125, 6.75, 7.5], "texture": "#0"},
				"up": {"uv": [6.125, 1.875, 5.625, 1.625], "texture": "#0"},
				"down": {"uv": [7, 0.75, 6.5, 1], "texture": "#0"}
			}
		},
		{
			"from": [6.5, 12.97908, 8.82009],
			"to": [9.5, 16.97908, 11.82009],
			"rotation": {"angle": 22.5, "axis": "x", "origin": [8, 10.5168, 6.44213]},
			"faces": {
				"north": {"uv": [3, 5.75, 3.375, 6.25], "texture": "#0"},
				"east": {"uv": [0, 5.875, 0.375, 6.375], "texture": "#0"},
				"south": {"uv": [0.5, 5.875, 0.875, 6.375], "texture": "#0"},
				"west": {"uv": [6, 0.5, 6.375, 1], "texture": "#0"},
				"up": {"uv": [6.875, 7, 6.5, 6.625], "texture": "#0"},
				"down": {"uv": [7.125, 3.125, 6.75, 3.5], "texture": "#0"}
			}
		},
		{
			"from": [7, 11.34419, 12.50378],
			"to": [9, 15.34419, 14.50378],
			"rotation": {"angle": -22.5, "axis": "x", "origin": [8, 10.5168, 6.44213]},
			"faces": {
				"north": {"uv": [3.5, 4.875, 3.75, 5.375], "texture": "#0"},
				"east": {"uv": [6.75, 4.125, 7, 4.625], "texture": "#0"},
				"south": {"uv": [4.25, 6.75, 4.5, 7.25], "texture": "#0"},
				"west": {"uv": [4.625, 6.75, 4.875, 7.25], "texture": "#0"},
				"up": {"uv": [1.875, 6.25, 1.625, 6], "texture": "#0"},
				"down": {"uv": [7.5, 7.25, 7.25, 7.5], "texture": "#0"}
			}
		},
		{
			"from": [3.27826, 10.87583, 6],
			"to": [7.27826, 16.87583, 10],
			"rotation": {"angle": 22.5, "axis": "z", "origin": [8, 10.5168, 6.44213]},
			"faces": {
				"north": {"uv": [2, 3.75, 2.5, 4.5], "texture": "#0"},
				"east": {"uv": [3.875, 2.875, 4.375, 3.625], "texture": "#0"},
				"south": {"uv": [3.875, 3.75, 4.375, 4.5], "texture": "#0"},
				"west": {"uv": [0, 4.375, 0.5, 5.125], "texture": "#0"},
				"up": {"uv": [1.875, 5.875, 1.375, 5.375], "texture": "#0"},
				"down": {"uv": [6, 3.125, 5.5, 3.625], "texture": "#0"}
			}
		},
		{
			"from": [0.34669, 11.61388, 6.5],
			"to": [3.34669, 15.61388, 9.5],
			"rotation": {"angle": -22.5, "axis": "z", "origin": [8, 10.5168, 6.44213]},
			"faces": {
				"north": {"uv": [5.625, 4.875, 6, 5.375], "texture": "#0"},
				"east": {"uv": [5.625, 5.5, 6, 6], "texture": "#0"},
				"south": {"uv": [2, 5.75, 2.375, 6.25], "texture": "#0"},
				"west": {"uv": [2.5, 5.75, 2.875, 6.25], "texture": "#0"},
				"up": {"uv": [7, 4, 6.625, 3.625], "texture": "#0"},
				"down": {"uv": [7, 6.125, 6.625, 6.5], "texture": "#0"}
			}
		},
		{
			"from": [-0.62012, 12.02336, 7],
			"to": [1.37988, 16.02336, 9],
			"rotation": {"angle": -45, "axis": "z", "origin": [8, 10.5168, 6.44213]},
			"faces": {
				"north": {"uv": [1.5, 7, 1.75, 7.5], "texture": "#0"},
				"east": {"uv": [7, 1.5, 7.25, 2], "texture": "#0"},
				"south": {"uv": [7, 5.375, 7.25, 5.875], "texture": "#0"},
				"west": {"uv": [7, 6.625, 7.25, 7.125], "texture": "#0"},
				"up": {"uv": [0.625, 8, 0.375, 7.75], "texture": "#0"},
				"down": {"uv": [8, 0.375, 7.75, 0.625], "texture": "#0"}
			}
		},
		{
			"from": [12.65331, 11.61388, 6.5],
			"to": [15.65331, 15.61388, 9.5],
			"rotation": {"angle": 22.5, "axis": "z", "origin": [8, 10.5168, 6.44213]},
			"faces": {
				"north": {"uv": [6.125, 5.375, 6.5, 5.875], "texture": "#0"},
				"east": {"uv": [5.625, 6.125, 6, 6.625], "texture": "#0"},
				"south": {"uv": [6.125, 6, 6.5, 6.5], "texture": "#0"},
				"west": {"uv": [6.25, 4.25, 6.625, 4.75], "texture": "#0"},
				"up": {"uv": [3.625, 7.125, 3.25, 6.75], "texture": "#0"},
				"down": {"uv": [4.125, 6.75, 3.75, 7.125], "texture": "#0"}
			}
		},
		{
			"from": [14.62012, 12.02336, 7],
			"to": [16.62012, 16.02336, 9],
			"rotation": {"angle": 45, "axis": "z", "origin": [8, 10.5168, 6.44213]},
			"faces": {
				"north": {"uv": [1.875, 7.125, 2.125, 7.625], "texture": "#0"},
				"east": {"uv": [2.25, 7.125, 2.5, 7.625], "texture": "#0"},
				"south": {"uv": [2.625, 7.125, 2.875, 7.625], "texture": "#0"},
				"west": {"uv": [7.125, 3.625, 7.375, 4.125], "texture": "#0"},
				"up": {"uv": [1, 8, 0.75, 7.75], "texture": "#0"},
				"down": {"uv": [1.375, 7.75, 1.125, 8], "texture": "#0"}
			}
		},
		{
			"from": [8.72174, 10.87583, 6],
			"to": [12.72174, 16.87583, 10],
			"rotation": {"angle": -22.5, "axis": "z", "origin": [8, 10.5168, 6.44213]},
			"faces": {
				"north": {"uv": [3.875, 4.625, 4.375, 5.375], "texture": "#0"},
				"east": {"uv": [2.25, 4.875, 2.75, 5.625], "texture": "#0"},
				"south": {"uv": [2.875, 4.875, 3.375, 5.625], "texture": "#0"},
				"west": {"uv": [5, 1.125, 5.5, 1.875], "texture": "#0"},
				"up": {"uv": [4, 6, 3.5, 5.5], "texture": "#0"},
				"down": {"uv": [6, 3.75, 5.5, 4.25], "texture": "#0"}
			}
		}
	],
	"gui_light": "front",
	"display": {
		"thirdperson_righthand": {
			"scale": [0.7, 0.7, 0.7]
		},
		"thirdperson_lefthand": {
			"scale": [0.7, 0.7, 0.7]
		},
		"firstperson_righthand": {
			"translation": [1.5, 0, 0],
			"scale": [0.7, 0.7, 0.7]
		},
		"firstperson_lefthand": {
			"translation": [1.5, 0, 0],
			"scale": [0.7, 0.7, 0.7]
		},
		"ground": {
			"translation": [1.5, 0, 0],
			"scale": [0.7, 0.7, 0.7]
		},
		"gui": {
			"rotation": [0, -180, 0],
			"translation": [0, -2, 0],
			"scale": [0.7, 0.7, 0.7]
		},
		"head": {
			"scale": [1.65, 1.65, 1.65]
		},
		"fixed": {
			"translation": [0, -1.75, 0],
			"scale": [0.8, 0.8, 0.8]
		}
	}
}