{
	"credit": "Made by samus2002",
	"textures": {
		"0": "null_texture/void_blackhole",
		"particle": "null_texture/void_blackhole"
	},
	"elements": [
		{
			"from": [-11, -11, 8],
			"to": [27, 27, 8],
			"rotation": {"angle": 0, "axis": "y", "origin": [8, 8, 8]},
			"faces": {
				"north": {"uv": [3.25, 3.5, 12.25, 12.5], "texture": "#0"},
				"east": {"uv": [0.5, 1, 3, 2.5], "texture": "#0"},
				"south": {"uv": [12.25, 3.5, 3.25, 12.5], "texture": "#0"},
				"west": {"uv": [0.5, 1, 3, 2.5], "texture": "#0"},
				"up": {"uv": [0.5, 1, 3, 2.5], "rotation": 90, "texture": "#0"},
				"down": {"uv": [0.5, 1, 3, 2.5], "rotation": 270, "texture": "#0"}
			}
		},
		{
			"from": [8, -11, -11],
			"to": [8, 27, 27],
			"rotation": {"angle": 0, "axis": "y", "origin": [8, 8, 8]},
			"faces": {
				"north": {"uv": [0.5, 1, 3, 2.5], "texture": "#0"},
				"east": {"uv": [3.25, 3.5, 12.25, 12.5], "texture": "#0"},
				"south": {"uv": [0.5, 1, 3, 2.5], "texture": "#0"},
				"west": {"uv": [12.25, 3.5, 3.25, 12.5], "texture": "#0"},
				"up": {"uv": [0.5, 1, 3, 2.5], "rotation": 180, "texture": "#0"},
				"down": {"uv": [0.5, 1, 3, 2.5], "rotation": 180, "texture": "#0"}
			}
		}
	],
	"display": {
		"head": {
			"translation": [0, -17.75, 0]
		}
	}
}