{
	"credit": "Made by samus2002",
	"textures": {
		"0": "null_texture/void_portal",
		"particle": "null_texture/void_portal"
	},
	"elements": [
		{
			"from": [-8, -8, 8],
			"to": [24, 24, 8],
			"rotation": {"angle": 0, "axis": "y", "origin": [8, 8, 8]},
			"faces": {
				"north": {"uv": [0, 0, 16, 16], "texture": "#0"},
				"east": {"uv": [0.5, 1, 3, 2.5], "texture": "#0"},
				"south": {"uv": [16, 0, 0, 16], "texture": "#0"},
				"west": {"uv": [0.5, 1, 3, 2.5], "texture": "#0"},
				"up": {"uv": [0.5, 1, 3, 2.5], "rotation": 90, "texture": "#0"},
				"down": {"uv": [0.5, 1, 3, 2.5], "rotation": 270, "texture": "#0"}
			}
		}
	],
	"display": {
		"head": {
			"translation": [0, -16.5, 0],
			"scale": [1.41, 2, 2]
		}
	}
}