{
	"credit": "Made by samus2002",
	"textures": {
		"0": "null_texture/void_pulse",
		"particle": "null_texture/void_pulse"
	},
	"elements": [
		{
			"from": [8, -11, -11],
			"to": [8, 27, 27],
			"rotation": {"angle": 0, "axis": "y", "origin": [8, 8, 8]},
			"faces": {
				"north": {"uv": [0.5, 1, 3, 2.5], "texture": "#0"},
				"east": {"uv": [16, 0, 0, 16], "texture": "#0"},
				"south": {"uv": [0.5, 1, 3, 2.5], "texture": "#0"},
				"west": {"uv": [0, 0, 16, 16], "texture": "#0"},
				"up": {"uv": [0.5, 1, 3, 2.5], "rotation": 180, "texture": "#0"},
				"down": {"uv": [0.5, 1, 3, 2.5], "rotation": 180, "texture": "#0"}
			}
		}
	],
	"display": {
		"head": {
			"rotation": [0, 90, 0],
			"translation": [0, -15, 0],
			"scale": [2, 2, 2]
		}
	}
}