{
	"credit": "Made with Blockbench",
	"texture_size": [32, 32],
	"textures": {
		"3": "./main",
		"particle": "./main"
	},
	"elements": [
		{
			"from": [1, -4, 7],
			"to": [10, 15, 7],
			"rotation": {"angle": 0, "axis": "y", "origin": [7, 0, 7]},
			"faces": {
				"north": {"uv": [4.5, 0, 9, 9.5], "texture": "#3"},
				"east": {"uv": [0, 0, 0, 9.5], "texture": "#3"},
				"south": {"uv": [0, 0, 4.5, 9.5], "texture": "#3"},
				"west": {"uv": [0, 0, 0, 9.5], "texture": "#3"},
				"up": {"uv": [4.5, 0, 0, 0], "texture": "#3"},
				"down": {"uv": [4.5, 0, 0, 0], "texture": "#3"}
			}
		},
		{
			"from": [10, -4, 7],
			"to": [19, 15, 7],
			"rotation": {"angle": 0, "axis": "y", "origin": [13, 0, 7]},
			"faces": {
				"north": {"uv": [0, 0, 4.5, 9.5], "texture": "#3"},
				"east": {"uv": [0, 0, 0, 9.5], "texture": "#3"},
				"south": {"uv": [4.5, 0, 9, 9.5], "texture": "#3"},
				"west": {"uv": [0, 0, 0, 9.5], "texture": "#3"},
				"up": {"uv": [4.5, 0, 0, 0], "texture": "#3"},
				"down": {"uv": [4.5, 0, 0, 0], "texture": "#3"}
			}
		},
		{
			"from": [1, 13, 6],
			"to": [8, 15, 8],
			"rotation": {"angle": -45, "axis": "x", "origin": [1, 13, 6]},
			"faces": {
				"north": {"uv": [9, 4, 12.5, 5], "texture": "#3"},
				"east": {"uv": [9, 13, 10, 14], "texture": "#3"},
				"south": {"uv": [9, 5, 12.5, 6], "texture": "#3"},
				"west": {"uv": [10, 13, 11, 14], "texture": "#3"},
				"up": {"uv": [12.5, 7, 9, 6], "texture": "#3"},
				"down": {"uv": [12.5, 7, 9, 8], "texture": "#3"}
			}
		},
		{
			"from": [1, 13, 6],
			"to": [8, 15, 8],
			"rotation": {"angle": 45, "axis": "x", "origin": [1, 13, 8]},
			"faces": {
				"north": {"uv": [9, 8, 12.5, 9], "texture": "#3"},
				"east": {"uv": [13, 13, 14, 14], "texture": "#3"},
				"south": {"uv": [9, 6, 12.5, 7], "texture": "#3"},
				"west": {"uv": [0, 13.5, 1, 14.5], "texture": "#3"},
				"up": {"uv": [12.5, 10, 9, 9], "texture": "#3"},
				"down": {"uv": [3.5, 9.5, 0, 10.5], "texture": "#3"}
			}
		},
		{
			"from": [-2.3515, 18, 7.347],
			"to": [0.041, 21, 7.347],
			"rotation": {"angle": -22.5, "axis": "z", "origin": [-4.0915, 18.9205, 6.347]},
			"faces": {
				"north": {"uv": [12.5, 2, 13.6875, 3.5], "texture": "#3"},
				"east": {"uv": [0, 0, 0, 1.5], "texture": "#3"},
				"south": {"uv": [2.5, 12.5, 3.6875, 14], "texture": "#3"},
				"west": {"uv": [0, 0, 0, 1.5], "texture": "#3"},
				"up": {"uv": [1.1875, 0, 0, 0], "texture": "#3"},
				"down": {"uv": [1.1875, 0, 0, 0], "texture": "#3"}
			}
		},
		{
			"from": [-3.00387, 16.28, 6.5],
			"to": [-0.61622, 16.86, 7.45874],
			"rotation": {"angle": -22.5, "axis": "z", "origin": [-4.01307, 16.23389, 6.04126]},
			"faces": {
				"north": {"uv": [14, 11, 15.1875, 11.3125], "texture": "#3"},
				"east": {"uv": [8.5, 9.5, 9, 9.8125], "texture": "#3"},
				"south": {"uv": [11.5, 14, 12.6875, 14.3125], "texture": "#3"},
				"west": {"uv": [6.5, 11.5, 7, 11.8125], "texture": "#3"},
				"up": {"uv": [8.1875, 10, 7, 9.5], "texture": "#3"},
				"down": {"uv": [6.1875, 11.5, 5, 12], "texture": "#3"}
			}
		},
		{
			"from": [1, 14, 6],
			"to": [8, 16, 8],
			"rotation": {"angle": 0, "axis": "y", "origin": [1, 14, 6]},
			"faces": {
				"north": {"uv": [9, 0, 12.5, 1], "texture": "#3"},
				"east": {"uv": [7, 13, 8, 14], "texture": "#3"},
				"south": {"uv": [9, 1, 12.5, 2], "texture": "#3"},
				"west": {"uv": [8, 13, 9, 14], "texture": "#3"},
				"up": {"uv": [12.5, 3, 9, 2], "texture": "#3"},
				"down": {"uv": [12.5, 3, 9, 4], "texture": "#3"}
			}
		},
		{
			"from": [-3.4055, 17.39, 6.5],
			"to": [-2.47252, 18.06, 7.60751],
			"rotation": {"angle": -45, "axis": "z", "origin": [-4.7713, 17.33673, 6.89249]},
			"faces": {
				"north": {"uv": [14.5, 8.5, 14.9375, 8.8125], "texture": "#3"},
				"east": {"uv": [4, 12.5, 4.5625, 12.8125], "texture": "#3"},
				"south": {"uv": [9, 14.5, 9.4375, 14.8125], "texture": "#3"},
				"west": {"uv": [0, 14.5, 0.5625, 14.8125], "texture": "#3"},
				"up": {"uv": [14.4375, 13.0625, 14, 12.5], "texture": "#3"},
				"down": {"uv": [13.4375, 14, 13, 14.5625], "texture": "#3"}
			}
		},
		{
			"from": [-3.012, 15.788, 6.347],
			"to": [-2.012, 18.1805, 8],
			"rotation": {"angle": 22.5, "axis": "z", "origin": [-3.0915, 19.9205, 6.347]},
			"faces": {
				"north": {"uv": [8, 14, 8.5, 15.1875], "texture": "#3"},
				"east": {"uv": [14, 3, 14.8125, 4.1875], "texture": "#3"},
				"south": {"uv": [14, 8, 14.5, 9.1875], "texture": "#3"},
				"west": {"uv": [4, 14, 4.8125, 15.1875], "texture": "#3"},
				"up": {"uv": [10.5, 14.8125, 10, 14], "texture": "#3"},
				"down": {"uv": [11, 14, 10.5, 14.8125], "texture": "#3"}
			}
		},
		{
			"from": [-1.45, 18, 6.1],
			"to": [1.3, 19.9, 8],
			"rotation": {"angle": -45, "axis": "z", "origin": [-3.45, 19.15, 6.1]},
			"faces": {
				"north": {"uv": [12.5, 6.5, 13.875, 7.4375], "texture": "#3"},
				"east": {"uv": [6, 14, 6.9375, 14.9375], "texture": "#3"},
				"south": {"uv": [12.5, 7.5, 13.875, 8.4375], "texture": "#3"},
				"west": {"uv": [14, 6, 14.9375, 6.9375], "texture": "#3"},
				"up": {"uv": [13.875, 9.4375, 12.5, 8.5], "texture": "#3"},
				"down": {"uv": [13.875, 12, 12.5, 12.9375], "texture": "#3"}
			}
		},
		{
			"from": [-1, 15, 6],
			"to": [4, 17, 8],
			"rotation": {"angle": -22.5, "axis": "z", "origin": [-1, 15, 6]},
			"faces": {
				"north": {"uv": [0, 11.5, 2.5, 12.5], "texture": "#3"},
				"east": {"uv": [11, 13, 12, 14], "texture": "#3"},
				"south": {"uv": [2.5, 11.5, 5, 12.5], "texture": "#3"},
				"west": {"uv": [12, 13, 13, 14], "texture": "#3"},
				"up": {"uv": [7.5, 13, 5, 12], "texture": "#3"},
				"down": {"uv": [10, 12, 7.5, 13], "texture": "#3"}
			}
		},
		{
			"from": [13, 13, 6],
			"to": [20, 15, 8],
			"rotation": {"angle": -45, "axis": "x", "origin": [20, 13, 6]},
			"faces": {
				"north": {"uv": [9, 6, 12.5, 7], "texture": "#3"},
				"east": {"uv": [0, 13.5, 1, 14.5], "texture": "#3"},
				"south": {"uv": [9, 8, 12.5, 9], "texture": "#3"},
				"west": {"uv": [13, 13, 14, 14], "texture": "#3"},
				"up": {"uv": [12.5, 5, 9, 4], "texture": "#3"},
				"down": {"uv": [7, 9.5, 3.5, 10.5], "texture": "#3"}
			}
		},
		{
			"from": [13, 13, 6],
			"to": [20, 15, 8],
			"rotation": {"angle": 45, "axis": "x", "origin": [20, 13, 8]},
			"faces": {
				"north": {"uv": [9, 5, 12.5, 6], "texture": "#3"},
				"east": {"uv": [10, 13, 11, 14], "texture": "#3"},
				"south": {"uv": [9, 4, 12.5, 5], "texture": "#3"},
				"west": {"uv": [9, 13, 10, 14], "texture": "#3"},
				"up": {"uv": [10.5, 11, 7, 10], "texture": "#3"},
				"down": {"uv": [3.5, 10.5, 0, 11.5], "texture": "#3"}
			}
		},
		{
			"from": [20.959, 18, 7.347],
			"to": [23.3515, 21, 7.347],
			"rotation": {"angle": 22.5, "axis": "z", "origin": [25.0915, 18.9205, 6.347]},
			"faces": {
				"north": {"uv": [12.5, 3.5, 13.6875, 5], "texture": "#3"},
				"east": {"uv": [0, 0, 0, 1.5], "texture": "#3"},
				"south": {"uv": [12.5, 5, 13.6875, 6.5], "texture": "#3"},
				"west": {"uv": [0, 0, 0, 1.5], "texture": "#3"},
				"up": {"uv": [1.1875, 0, 0, 0], "texture": "#3"},
				"down": {"uv": [1.1875, 0, 0, 0], "texture": "#3"}
			}
		},
		{
			"from": [21.61622, 16.28, 6.5],
			"to": [24.00387, 16.86, 7.45874],
			"rotation": {"angle": 22.5, "axis": "z", "origin": [25.01307, 16.23389, 6.04126]},
			"faces": {
				"north": {"uv": [14, 11.5, 15.1875, 11.8125], "texture": "#3"},
				"east": {"uv": [2, 13.5, 2.5, 13.8125], "texture": "#3"},
				"south": {"uv": [14, 12, 15.1875, 12.3125], "texture": "#3"},
				"west": {"uv": [8.5, 14.5, 9, 14.8125], "texture": "#3"},
				"up": {"uv": [13.6875, 10, 12.5, 9.5], "texture": "#3"},
				"down": {"uv": [9.6875, 14, 8.5, 14.5], "texture": "#3"}
			}
		},
		{
			"from": [13, 14, 6],
			"to": [20, 16, 8],
			"rotation": {"angle": 0, "axis": "y", "origin": [20, 14, 6]},
			"faces": {
				"north": {"uv": [3.5, 10.5, 7, 11.5], "texture": "#3"},
				"east": {"uv": [1, 13.5, 2, 14.5], "texture": "#3"},
				"south": {"uv": [10.5, 10, 14, 11], "texture": "#3"},
				"west": {"uv": [2, 14, 3, 15], "texture": "#3"},
				"up": {"uv": [10.5, 12, 7, 11], "texture": "#3"},
				"down": {"uv": [14, 11, 10.5, 12], "texture": "#3"}
			}
		},
		{
			"from": [23.47253, 17.39, 6.5],
			"to": [24.4055, 18.06, 7.60751],
			"rotation": {"angle": 45, "axis": "z", "origin": [25.77131, 17.33673, 6.89249]},
			"faces": {
				"north": {"uv": [14.5, 9, 14.9375, 9.3125], "texture": "#3"},
				"east": {"uv": [1, 14.5, 1.5625, 14.8125], "texture": "#3"},
				"south": {"uv": [9.5, 14.5, 9.9375, 14.8125], "texture": "#3"},
				"west": {"uv": [14.5, 8, 15.0625, 8.3125], "texture": "#3"},
				"up": {"uv": [13.9375, 14.5625, 13.5, 14], "texture": "#3"},
				"down": {"uv": [14.4375, 13.5, 14, 14.0625], "texture": "#3"}
			}
		},
		{
			"from": [23.012, 15.788, 6.347],
			"to": [24.012, 18.1805, 8],
			"rotation": {"angle": -22.5, "axis": "z", "origin": [24.0915, 19.9205, 6.347]},
			"faces": {
				"north": {"uv": [14, 9.5, 14.5, 10.6875], "texture": "#3"},
				"east": {"uv": [14, 4.5, 14.8125, 5.6875], "texture": "#3"},
				"south": {"uv": [10, 14, 10.5, 14.8125], "texture": "#3"},
				"west": {"uv": [5, 14, 5.8125, 15.1875], "texture": "#3"},
				"up": {"uv": [14.5, 9.1875, 14, 8], "texture": "#3"},
				"down": {"uv": [11.5, 14, 11, 14.8125], "texture": "#3"}
			}
		},
		{
			"from": [19.7, 18, 6.1],
			"to": [22.45, 19.9, 8],
			"rotation": {"angle": 45, "axis": "z", "origin": [24.45, 19.15, 6.1]},
			"faces": {
				"north": {"uv": [4, 13, 5.375, 13.9375], "texture": "#3"},
				"east": {"uv": [7, 14, 7.9375, 14.9375], "texture": "#3"},
				"south": {"uv": [12.5, 12, 13.875, 12.9375], "texture": "#3"},
				"west": {"uv": [14, 7, 14.9375, 7.9375], "texture": "#3"},
				"up": {"uv": [6.875, 13.9375, 5.5, 13], "texture": "#3"},
				"down": {"uv": [13.875, 7.5, 12.5, 8.4375], "texture": "#3"}
			}
		},
		{
			"from": [17, 15, 6],
			"to": [22, 17, 8],
			"rotation": {"angle": 22.5, "axis": "z", "origin": [22, 15, 6]},
			"faces": {
				"north": {"uv": [10, 12, 12.5, 13], "texture": "#3"},
				"east": {"uv": [14, 2, 15, 3], "texture": "#3"},
				"south": {"uv": [0, 12.5, 2.5, 13.5], "texture": "#3"},
				"west": {"uv": [3, 14, 4, 15], "texture": "#3"},
				"up": {"uv": [15, 1, 12.5, 0], "texture": "#3"},
				"down": {"uv": [15, 1, 12.5, 2], "texture": "#3"}
			}
		}
	],
	"display": {
		"ground": {
			"translation": [-2, 6.25, 0]
		},
		"gui": {
			"rotation": [-154.82, 128, 179.22],
			"translation": [-0.5, -0.25, 0],
			"scale": [0.48, 0.48, 0.458]
		},
		"head": {
			"translation": [-4.5, -21.25, 6],
			"scale": [2.08313, 2.12, 2.19]
		}
	},
	"groups": [
		0,
		1,
		{
			"name": "group",
			"origin": [3, 13, 8],
			"color": 0,
			"children": [2, 3, 4, 5, 6, 7, 8, 9, 10]
		},
		{
			"name": "group",
			"origin": [3, 13, 8],
			"color": 0,
			"children": [11, 12, 13, 14, 15, 16, 17, 18, 19]
		}
	]
}