{
	"credit": "Made with Blockbench",
	"texture_size": [32, 32],
	"textures": {
		"5": "./main"
	},
	"elements": [
		{
			"from": [-4.6, 0, 6.6],
			"to": [2.4, 2.8, 6.6],
			"rotation": {"angle": 0, "axis": "y", "origin": [-1.8, 0, 6.6]},
			"faces": {
				"north": {"uv": [4, 7.5, 7.5, 8.90625], "texture": "#5"},
				"east": {"uv": [0, 0, 0, 1.40625], "texture": "#5"},
				"south": {"uv": [7.5, 7.5, 11, 8.90625], "texture": "#5"},
				"west": {"uv": [0, 0, 0, 1.40625], "texture": "#5"},
				"up": {"uv": [3.5, 0, 0, 0], "texture": "#5"},
				"down": {"uv": [3.5, 0, 0, 0], "texture": "#5"}
			}
		},
		{
			"from": [-4.6, -0.98, 6.6],
			"to": [-4.6, 2.24, 14.6],
			"rotation": {"angle": 0, "axis": "y", "origin": [-4.6, 0, 10.8]},
			"faces": {
				"north": {"uv": [0, 0, 0, 1.625], "texture": "#5"},
				"east": {"uv": [4.5, 0, 8.5, 1.625], "texture": "#5"},
				"south": {"uv": [0, 0, 0, 1.625], "texture": "#5"},
				"west": {"uv": [4.5, 2, 8.5, 3.625], "texture": "#5"},
				"up": {"uv": [0, 4, 0, 0], "texture": "#5"},
				"down": {"uv": [0, 0, 0, 4], "texture": "#5"}
			}
		},
		{
			"from": [-4.6, -3.78, 6.6],
			"to": [-4.6, -0.98, 14.6],
			"rotation": {"angle": 0, "axis": "y", "origin": [-4.6, -2.8, 10.8]},
			"faces": {
				"north": {"uv": [0, 0, 0, 1.625], "texture": "#5"},
				"east": {"uv": [7, 4, 11, 5.40625], "texture": "#5"},
				"south": {"uv": [0, 0, 0, 1.625], "texture": "#5"},
				"west": {"uv": [0, 7.5, 4, 8.90625], "texture": "#5"},
				"up": {"uv": [0, 4, 0, 0], "texture": "#5"},
				"down": {"uv": [0, 0, 0, 4], "texture": "#5"}
			}
		},
		{
			"from": [-4.6, -2.8, 6.6],
			"to": [2.4, 0, 6.6],
			"rotation": {"angle": 0, "axis": "y", "origin": [-1.8, -2.8, 6.6]},
			"faces": {
				"north": {"uv": [8, 5.5, 11.5, 6.90625], "texture": "#5"},
				"east": {"uv": [0, 0, 0, 1.625], "texture": "#5"},
				"south": {"uv": [8.5, 0, 12, 1.40625], "texture": "#5"},
				"west": {"uv": [0, 0, 0, 1.625], "texture": "#5"},
				"up": {"uv": [0, 4, 0, 0], "texture": "#5"},
				"down": {"uv": [0, 0, 0, 4], "texture": "#5"}
			}
		},
		{
			"from": [2.4, -2.8, 6.6],
			"to": [9.4, 0, 6.6],
			"rotation": {"angle": 0, "axis": "y", "origin": [6.6, -2.8, 6.6]},
			"faces": {
				"north": {"uv": [8.5, 1.5, 12, 2.90625], "texture": "#5"},
				"east": {"uv": [0, 0, 0, 1.40625], "texture": "#5"},
				"south": {"uv": [0, 9, 3.5, 10.40625], "texture": "#5"},
				"west": {"uv": [0, 0, 0, 1.40625], "texture": "#5"},
				"up": {"uv": [3.5, 0, 0, 0], "texture": "#5"},
				"down": {"uv": [3.5, 0, 0, 0], "texture": "#5"}
			}
		},
		{
			"from": [9.4, -3.878, 6.6],
			"to": [9.4, -0.938, 14.6],
			"rotation": {"angle": 0, "axis": "y", "origin": [9.4, -2.8, 10.8]},
			"faces": {
				"north": {"uv": [0, 0, 0, 1.46875], "texture": "#5"},
				"east": {"uv": [0, 6, 4, 7.46875], "texture": "#5"},
				"south": {"uv": [0, 0, 0, 1.46875], "texture": "#5"},
				"west": {"uv": [4, 6, 8, 7.46875], "texture": "#5"},
				"up": {"uv": [0, 4, 0, 0], "texture": "#5"},
				"down": {"uv": [0, 0, 0, 4], "texture": "#5"}
			}
		},
		{
			"from": [2.4, 0, 6.6],
			"to": [9.4, 2.8, 6.6],
			"rotation": {"angle": 0, "axis": "y", "origin": [6.6, 0, 6.6]},
			"faces": {
				"north": {"uv": [7.5, 7.5, 11, 8.90625], "texture": "#5"},
				"east": {"uv": [0, 0, 0, 1.40625], "texture": "#5"},
				"south": {"uv": [4, 7.5, 7.5, 8.90625], "texture": "#5"},
				"west": {"uv": [0, 0, 0, 1.40625], "texture": "#5"},
				"up": {"uv": [3.5, 0, 0, 0], "texture": "#5"},
				"down": {"uv": [3.5, 0, 0, 0], "texture": "#5"}
			}
		},
		{
			"from": [2.4, -5.6, 6.6],
			"to": [9.4, -2.8, 6.6],
			"rotation": {"angle": 0, "axis": "y", "origin": [6.6, -5.6, 6.6]},
			"faces": {
				"north": {"uv": [3.5, 9, 7, 10.40625], "texture": "#5"},
				"east": {"uv": [0, 0, 0, 1.40625], "texture": "#5"},
				"south": {"uv": [7, 9, 10.5, 10.40625], "texture": "#5"},
				"west": {"uv": [0, 0, 0, 1.40625], "texture": "#5"},
				"up": {"uv": [3.5, 0, 0, 0], "texture": "#5"},
				"down": {"uv": [3.5, 0, 0, 0], "texture": "#5"}
			}
		},
		{
			"from": [-4.6, -6.8, 6.6],
			"to": [2.4, -2.8, 6.6],
			"rotation": {"angle": 0, "axis": "y", "origin": [-1.8, -5.6, 6.6]},
			"faces": {
				"north": {"uv": [0, 4, 3.5, 6], "texture": "#5"},
				"east": {"uv": [0, 0, 0, 2], "texture": "#5"},
				"south": {"uv": [3.5, 4, 7, 6], "texture": "#5"},
				"west": {"uv": [0, 0, 0, 2], "texture": "#5"},
				"up": {"uv": [3.5, 0, 0, 0], "texture": "#5"},
				"down": {"uv": [3.5, 0, 0, 0], "texture": "#5"}
			}
		},
		{
			"from": [9.4, -0.98, 6.6],
			"to": [9.4, 2.24, 15.6],
			"rotation": {"angle": 0, "axis": "y", "origin": [9.4, 0, 10.8]},
			"faces": {
				"north": {"uv": [0, 0, 0, 1.625], "texture": "#5"},
				"east": {"uv": [0, 0, 4.5, 1.625], "texture": "#5"},
				"south": {"uv": [0, 0, 0, 1.625], "texture": "#5"},
				"west": {"uv": [0, 2, 4.5, 3.625], "texture": "#5"},
				"up": {"uv": [0, 4, 0, 0], "texture": "#5"},
				"down": {"uv": [0, 0, 0, 4], "texture": "#5"}
			}
		}
	],
	"display": {
		"thirdperson_righthand": {
			"translation": [1.5, 2.75, 0.5],
			"scale": [0.55, 0.55, 0.55]
		},
		"thirdperson_lefthand": {
			"translation": [-3.5, 2.75, 0.5],
			"scale": [0.55, 0.55, 0.55]
		},
		"firstperson_righthand": {
			"translation": [1.5, 6.5, 0.5],
			"scale": [0.55, 0.55, 0.55]
		},
		"firstperson_lefthand": {
			"translation": [-2.5, 6.5, 0.5],
			"scale": [0.55, 0.55, 0.55]
		},
		"ground": {
			"translation": [3.25, 8.5, 0]
		},
		"gui": {
			"rotation": [-156.27, 40.67, -172.68],
			"translation": [-3.25, 9.5, 0],
			"scale": [0.9, 0.9, 0.9]
		},
		"head": {
			"translation": [6, 6.5, -5.5],
			"scale": [1.07422, 1.05078, 1.31445]
		},
		"fixed": {
			"translation": [4, 9.75, -3.5]
		}
	},
	"groups": [
		{
			"name": "group",
			"origin": [8, 8, 8],
			"color": 0,
			"children": [0, 1, 2, 3, 4, 5, 6, 7, 8, 9]
		}
	]
}