{"textures":{"4":"modelengine:entity/main"},"elements":[{"from":[26.063452,7.140564,22.322601],"to":[27.442053,8.266808,22.322601],"faces":{"south":{"uv":[3.0,0.0,4.0625,0.84375],"tintindex":0,"rotation":0,"texture":"#4"},"north":{"uv":[3.0,1.0,4.0625,1.84375],"tintindex":0,"rotation":0,"texture":"#4"}},"rotation":{"origin":[22.150126,11.674772,22.53209],"angle":-45.0,"axis":"z"}},{"from":[19.825865,9.98652,22.244534],"to":[20.482864,10.372748,22.417244],"faces":{"east":{"uv":[7.5,11.0,7.625,11.28125],"tintindex":0,"rotation":0,"texture":"#4"},"south":{"uv":[9.0,4.5,9.5,4.78125],"tintindex":0,"rotation":0,"texture":"#4"},"north":{"uv":[9.0,5.5,9.5,5.78125],"tintindex":0,"rotation":0,"texture":"#4"},"west":{"uv":[11.0,7.25,11.125,7.53125],"tintindex":0,"rotation":0,"texture":"#4"},"up":{"uv":[11.25,2.625,10.75,2.5],"tintindex":0,"rotation":0,"texture":"#4"},"down":{"uv":[3.25,10.75,2.75,10.875],"tintindex":0,"rotation":0,"texture":"#4"}},"rotation":{"origin":[16.81774,5.9913797,22.49111],"angle":-45.0,"axis":"z"}},{"from":[20.822672,6.624545,22.084803],"to":[21.479671,6.953045,22.54536],"faces":{"east":{"uv":[10.25,0.0,10.59375,0.25],"tintindex":0,"rotation":0,"texture":"#4"},"south":{"uv":[5.75,1.0,6.25,1.25],"tintindex":0,"rotation":0,"texture":"#4"},"north":{"uv":[0.75,6.25,1.25,6.5],"tintindex":0,"rotation":0,"texture":"#4"},"west":{"uv":[10.0,6.0,10.34375,6.25],"tintindex":0,"rotation":0,"texture":"#4"},"up":{"uv":[8.25,8.59375,7.75,8.25],"tintindex":0,"rotation":0,"texture":"#4"},"down":{"uv":[8.75,7.75,8.25,8.09375],"tintindex":0,"rotation":0,"texture":"#4"}},"rotation":{"origin":[21.57589,6.7012935,22.47732],"angle":-22.5,"axis":"z"}},{"from":[25.048935,7.488653,22.084799],"to":[25.475985,8.064353,22.54536],"faces":{"east":{"uv":[9.0,0.5,9.34375,0.9375],"tintindex":0,"rotation":0,"texture":"#4"},"south":{"uv":[9.25,2.0,9.5625,2.4375],"tintindex":0,"rotation":0,"texture":"#4"},"north":{"uv":[9.25,2.5,9.5625,2.9375],"tintindex":0,"rotation":0,"texture":"#4"},"west":{"uv":[9.0,0.0,9.34375,0.4375],"tintindex":0,"rotation":0,"texture":"#4"},"up":{"uv":[6.0625,10.09375,5.75,9.75],"tintindex":0,"rotation":0,"texture":"#4"},"down":{"uv":[6.5625,9.75,6.25,10.09375],"tintindex":0,"rotation":0,"texture":"#4"}},"rotation":{"origin":[21.995983,11.7008705,22.367397],"angle":-45.0,"axis":"z"}},{"from":[21.478228,6.261651,22.175385],"to":[21.905277,6.7797832,22.463234],"faces":{"east":{"uv":[10.0,0.5,10.21875,0.90625],"tintindex":0,"rotation":0,"texture":"#4"},"south":{"uv":[7.75,9.25,8.0625,9.65625],"tintindex":0,"rotation":0,"texture":"#4"},"north":{"uv":[9.25,7.75,9.5625,8.15625],"tintindex":0,"rotation":0,"texture":"#4"},"west":{"uv":[0.25,10.0,0.46875,10.40625],"tintindex":0,"rotation":0,"texture":"#4"},"up":{"uv":[6.0625,10.71875,5.75,10.5],"tintindex":0,"rotation":0,"texture":"#4"},"down":{"uv":[10.8125,5.75,10.5,5.96875],"tintindex":0,"rotation":0,"texture":"#4"}}},{"from":[19.760967,5.8505774,22.206676],"to":[20.188019,6.3687057,22.436954],"faces":{"east":{"uv":[8.5,10.25,8.6875,10.65625],"tintindex":0,"rotation":0,"texture":"#4"},"south":{"uv":[8.75,9.25,9.0625,9.65625],"tintindex":0,"rotation":0,"texture":"#4"},"north":{"uv":[9.25,9.25,9.5625,9.65625],"tintindex":0,"rotation":0,"texture":"#4"},"west":{"uv":[5.0,10.25,5.1875,10.65625],"tintindex":0,"rotation":0,"texture":"#4"},"up":{"uv":[11.0625,4.1875,10.75,4.0],"tintindex":0,"rotation":0,"texture":"#4"},"down":{"uv":[11.0625,4.25,10.75,4.4375],"tintindex":0,"rotation":0,"texture":"#4"}},"rotation":{"origin":[19.799814,11.446198,21.902931],"angle":22.5,"axis":"z"}},{"from":[23.418285,7.376029,22.14738],"to":[23.70614,7.8941574,22.4928],"faces":{"east":{"uv":[9.75,7.25,10.0,7.65625],"tintindex":0,"rotation":0,"texture":"#4"},"south":{"uv":[0.0,10.0,0.21875,10.40625],"tintindex":0,"rotation":0,"texture":"#4"},"north":{"uv":[10.0,0.0,10.21875,0.40625],"tintindex":0,"rotation":0,"texture":"#4"},"west":{"uv":[1.25,5.0,1.5,5.40625],"tintindex":0,"rotation":0,"texture":"#4"},"up":{"uv":[4.96875,7.5,4.75,7.25],"tintindex":0,"rotation":0,"texture":"#4"},"down":{"uv":[6.46875,7.5,6.25,7.75],"tintindex":0,"rotation":0,"texture":"#4"}},"rotation":{"origin":[19.938286,11.588243,22.377861],"angle":-22.5,"axis":"z"}},{"from":[20.818165,6.333173,22.050785],"to":[21.58334,6.9707036,22.568913],"faces":{"east":{"uv":[7.75,6.25,8.15625,6.75],"tintindex":0,"rotation":0,"texture":"#4"},"south":{"uv":[5.75,4.25,6.34375,4.75],"tintindex":0,"rotation":0,"texture":"#4"},"north":{"uv":[5.75,4.75,6.34375,5.25],"tintindex":0,"rotation":0,"texture":"#4"},"west":{"uv":[6.25,7.75,6.65625,8.25],"tintindex":0,"rotation":0,"texture":"#4"},"up":{"uv":[0.59375,7.15625,0.0,6.75],"tintindex":0,"rotation":0,"texture":"#4"},"down":{"uv":[2.84375,6.75,2.25,7.15625],"tintindex":0,"rotation":0,"texture":"#4"}}}],"display":{"gui":{"rotation":[30,225,0]}}}