{"textures":{"3":"modelengine:entity/satan_arm","4":"modelengine:entity/satan_torso"},"elements":[{"from":[-1.1261396,15.77726,6.257718],"to":[21.10614,23.188023,13.668478],"faces":{"east":{"uv":[5.25,6.75,6.25,7.5],"tintindex":0,"rotation":0,"texture":"#4"},"south":{"uv":[5.5,5.5,8.5,6.25],"tintindex":0,"rotation":0,"texture":"#4"},"north":{"uv":[5.5,4.75,8.5,5.5],"tintindex":0,"rotation":0,"texture":"#4"},"west":{"uv":[0.0,7.0,1.0,7.75],"tintindex":0,"rotation":0,"texture":"#4"},"up":{"uv":[3.0,4.75,0.0,3.75],"tintindex":0,"rotation":0,"texture":"#4"},"down":{"uv":[6.0,3.75,3.0,4.75],"tintindex":0,"rotation":0,"texture":"#4"}}},{"from":[2.5792398,4.6611214,6.257718],"to":[17.40076,12.07188,13.668478],"faces":{"east":{"uv":[7.25,6.25,8.25,6.75],"tintindex":0,"rotation":0,"texture":"#4"},"south":{"uv":[4.25,6.25,6.25,6.75],"tintindex":0,"rotation":0,"texture":"#4"},"north":{"uv":[6.0,4.25,8.0,4.75],"tintindex":0,"rotation":0,"texture":"#4"},"west":{"uv":[7.25,6.75,8.25,7.25],"tintindex":0,"rotation":0,"texture":"#4"},"up":{"uv":[8.0,2.0,6.0,1.0],"tintindex":0,"rotation":0,"texture":"#4"},"down":{"uv":[8.0,2.0,6.0,3.0],"tintindex":0,"rotation":0,"texture":"#4"}}},{"from":[0.44864655,11.93293,4.321657],"to":[19.531353,19.621593,13.751848],"faces":{"east":{"uv":[6.25,6.25,7.03125,7.28125],"tintindex":0,"rotation":0,"texture":"#4"},"south":{"uv":[2.75,4.75,5.3125,5.78125],"tintindex":0,"rotation":0,"texture":"#4"},"north":{"uv":[0.0,4.75,2.5625,5.78125],"tintindex":0,"rotation":0,"texture":"#4"},"west":{"uv":[4.25,6.75,5.03125,7.78125],"tintindex":0,"rotation":0,"texture":"#4"},"up":{"uv":[2.5625,6.78125,0.0,6.0],"tintindex":0,"rotation":0,"texture":"#4"},"down":{"uv":[8.5625,0.0,6.0,0.78125],"tintindex":0,"rotation":0,"texture":"#4"}}},{"from":[9.574196,21.052517,8.184405],"to":[18.746016,26.55561,11.853134],"faces":{"east":{"uv":[4.25,7.0,4.75,7.75],"tintindex":0,"rotation":0,"texture":"#3"},"south":{"uv":[5.5,4.0,6.71875,4.75],"tintindex":0,"rotation":0,"texture":"#3"},"north":{"uv":[4.5,5.25,5.71875,6.0],"tintindex":0,"rotation":0,"texture":"#3"},"west":{"uv":[4.75,7.0,5.25,7.75],"tintindex":0,"rotation":0,"texture":"#3"},"up":{"uv":[7.71875,5.75,6.5,5.25],"tintindex":0,"rotation":0,"texture":"#3"},"down":{"uv":[7.71875,5.75,6.5,6.25],"tintindex":0,"rotation":0,"texture":"#3"}},"rotation":{"origin":[14.160105,23.804066,10.018769],"angle":-45.0,"axis":"z"}},{"from":[-1.0520325,-10.327141,10.333636],"to":[21.032032,14.091312,10.333636],"faces":{"east":{"uv":[4.0,7.25,4.0625,10.78125],"tintindex":0,"rotation":0,"texture":"#4"},"south":{"uv":[3.0,0.0,5.96875,3.53125],"tintindex":0,"rotation":0,"texture":"#4"},"north":{"uv":[0.0,0.0,2.96875,3.53125],"tintindex":0,"rotation":0,"texture":"#4"},"west":{"uv":[1.5,7.5,1.5625,11.03125],"tintindex":0,"rotation":0,"texture":"#4"},"up":{"uv":[10.46875,3.0625,7.5,3.0],"tintindex":0,"rotation":0,"texture":"#4"},"down":{"uv":[10.46875,3.25,7.5,3.3125],"tintindex":0,"rotation":0,"texture":"#4"}}},{"from":[1.2539845,21.052517,8.184405],"to":[10.425804,26.55561,11.853134],"faces":{"east":{"uv":[5.25,7.0,4.75,7.75],"tintindex":0,"rotation":0,"texture":"#3"},"south":{"uv":[6.71875,4.0,5.5,4.75],"tintindex":0,"rotation":0,"texture":"#3"},"north":{"uv":[5.71875,5.25,4.5,6.0],"tintindex":0,"rotation":0,"texture":"#3"},"west":{"uv":[4.75,7.0,4.25,7.75],"tintindex":0,"rotation":0,"texture":"#3"},"up":{"uv":[6.5,5.75,7.71875,5.25],"tintindex":0,"rotation":0,"texture":"#3"},"down":{"uv":[6.5,5.75,7.71875,6.25],"tintindex":0,"rotation":0,"texture":"#3"}},"rotation":{"origin":[5.839895,23.804066,10.018769],"angle":45.0,"axis":"z"}},{"from":[4.5060377,0.78899765,8.592108],"to":[15.473963,8.533241,11.334089],"faces":{"east":{"uv":[7.25,7.25,7.625,8.28125],"tintindex":0,"rotation":0,"texture":"#4"},"south":{"uv":[6.0,3.0,7.46875,4.03125],"tintindex":0,"rotation":0,"texture":"#4"},"north":{"uv":[2.75,6.0,4.21875,7.03125],"tintindex":0,"rotation":0,"texture":"#4"},"west":{"uv":[1.0,7.5,1.375,8.53125],"tintindex":0,"rotation":0,"texture":"#4"},"up":{"uv":[2.46875,7.375,1.0,7.0],"tintindex":0,"rotation":0,"texture":"#4"},"down":{"uv":[3.96875,7.25,2.5,7.625],"tintindex":0,"rotation":0,"texture":"#4"}}},{"from":[-1.1261396,15.77726,6.257718],"to":[21.10614,23.188023,13.668478],"faces":{"east":{"uv":[5.25,6.75,6.25,7.5],"tintindex":0,"rotation":0,"texture":"#4"},"south":{"uv":[5.5,5.5,8.5,6.25],"tintindex":0,"rotation":0,"texture":"#4"},"north":{"uv":[5.5,4.75,8.5,5.5],"tintindex":0,"rotation":0,"texture":"#4"},"west":{"uv":[0.0,7.0,1.0,7.75],"tintindex":0,"rotation":0,"texture":"#4"},"up":{"uv":[3.0,4.75,0.0,3.75],"tintindex":0,"rotation":0,"texture":"#4"},"down":{"uv":[6.0,3.75,3.0,4.75],"tintindex":0,"rotation":0,"texture":"#4"}}}],"display":{"gui":{"rotation":[30,225,0]}}}