{"textures":{"3":"modelengine:entity/gagang1","4":"modelengine:entity/main","5":"modelengine:entity/segitiga"},"elements":[{"from":[8.889644,-1.4828243,7.621991],"to":[9.028401,-1.013382,7.8147917],"faces":{"east":{"uv":[11.28125,4.5,11.3125,4.6875],"tintindex":0,"rotation":0,"texture":"#4"},"south":{"uv":[11.28125,4.5,11.3125,4.6875],"tintindex":0,"rotation":0,"texture":"#4"},"north":{"uv":[11.28125,4.5,11.3125,4.6875],"tintindex":0,"rotation":0,"texture":"#4"},"west":{"uv":[11.28125,4.5,11.3125,4.6875],"tintindex":0,"rotation":0,"texture":"#4"},"up":{"uv":[11.28125,4.5,11.3125,4.6875],"tintindex":0,"rotation":0,"texture":"#4"},"down":{"uv":[11.28125,4.5,11.3125,4.6875],"tintindex":0,"rotation":0,"texture":"#4"}}},{"from":[3.6792831,21.690079,7.672865],"to":[6.055134,23.77135,7.672865],"faces":{"east":{"uv":[0.0,1.2625,16.0,14.55],"tintindex":0,"rotation":90,"texture":"#5"},"south":{"uv":[0.0,1.2625,16.0,14.55],"tintindex":0,"rotation":90,"texture":"#5"},"north":{"uv":[0.0,1.2625,16.0,14.55],"tintindex":0,"rotation":270,"texture":"#5"},"west":{"uv":[0.0,1.2625,16.0,14.55],"tintindex":0,"rotation":90,"texture":"#5"},"up":{"uv":[0.0,1.2625,16.0,14.55],"tintindex":0,"rotation":90,"texture":"#5"},"down":{"uv":[0.0,1.2625,16.0,14.55],"tintindex":0,"rotation":90,"texture":"#5"}}},{"from":[9.423966,-0.48770905,7.0062294],"to":[10.840481,0.4451208,8.36611],"faces":{"east":{"uv":[8.5,4.5,8.90625,4.90625],"tintindex":0,"rotation":0,"texture":"#4"},"south":{"uv":[8.0,0.5,8.5,0.90625],"tintindex":0,"rotation":0,"texture":"#4"},"north":{"uv":[8.0,0.0,8.5,0.40625],"tintindex":0,"rotation":0,"texture":"#4"},"west":{"uv":[3.5,8.75,3.90625,9.15625],"tintindex":0,"rotation":0,"texture":"#4"},"up":{"uv":[1.28125,7.9375,0.78125,7.53125],"tintindex":0,"rotation":0,"texture":"#4"},"down":{"uv":[1.75,8.0,1.25,8.40625],"tintindex":0,"rotation":0,"texture":"#4"}}},{"from":[14.209534,21.781326,7.672865],"to":[16.585384,23.862602,7.672865],"faces":{"east":{"uv":[0.0,1.2625,16.0,14.55],"tintindex":0,"rotation":90,"texture":"#5"},"south":{"uv":[0.0,14.55,16.0,1.2625],"tintindex":0,"rotation":90,"texture":"#5"},"north":{"uv":[16.0,14.55,0.0,1.2625],"tintindex":0,"rotation":270,"texture":"#5"},"west":{"uv":[0.0,1.2625,16.0,14.55],"tintindex":0,"rotation":90,"texture":"#5"},"up":{"uv":[0.0,1.2625,16.0,14.55],"tintindex":0,"rotation":90,"texture":"#5"},"down":{"uv":[0.0,1.2625,16.0,14.55],"tintindex":0,"rotation":90,"texture":"#5"}}},{"from":[8.436262,3.5034847,7.4719253],"to":[9.516911,4.259225,8.012249],"faces":{"east":{"uv":[9.25,10.5,9.46875,10.8125],"tintindex":0,"rotation":0,"texture":"#4"},"south":{"uv":[4.25,9.5,4.65625,9.8125],"tintindex":0,"rotation":0,"texture":"#4"},"north":{"uv":[3.75,9.5,4.15625,9.8125],"tintindex":0,"rotation":0,"texture":"#4"},"west":{"uv":[9.5,10.5,9.71875,10.8125],"tintindex":0,"rotation":0,"texture":"#4"},"up":{"uv":[10.40625,3.21875,10.0,3.0],"tintindex":0,"rotation":0,"texture":"#4"},"down":{"uv":[10.40625,3.25,10.0,3.46875],"tintindex":0,"rotation":0,"texture":"#4"}}},{"from":[9.129032,3.0059242,7.509739],"to":[9.326191,3.454998,7.8339396],"faces":{"east":{"uv":[11.28125,3.8125,11.3125,3.875],"tintindex":0,"rotation":0,"texture":"#4"},"south":{"uv":[11.28125,3.8125,11.3125,3.875],"tintindex":0,"rotation":0,"texture":"#4"},"north":{"uv":[11.28125,3.8125,11.3125,3.875],"tintindex":0,"rotation":0,"texture":"#4"},"west":{"uv":[11.28125,3.8125,11.3125,3.875],"tintindex":0,"rotation":0,"texture":"#4"},"up":{"uv":[11.28125,3.8125,11.3125,3.875],"tintindex":0,"rotation":0,"texture":"#4"},"down":{"uv":[11.28125,3.8125,11.3125,3.875],"tintindex":0,"rotation":0,"texture":"#4"}},"rotation":{"origin":[8.323674,-0.055776596,7.455515],"angle":22.5,"axis":"z"}},{"from":[9.922543,-2.2596245,7.444309],"to":[11.00319,-1.4491415,7.9846334],"faces":{"east":{"uv":[4.75,10.5,4.96875,10.8125],"tintindex":0,"rotation":0,"texture":"#4"},"south":{"uv":[9.5,0.0,9.90625,0.3125],"tintindex":0,"rotation":0,"texture":"#4"},"north":{"uv":[0.40625,9.5,0.0,9.8125],"tintindex":0,"rotation":0,"texture":"#4"},"west":{"uv":[10.5,7.25,10.71875,7.5625],"tintindex":0,"rotation":0,"texture":"#4"},"up":{"uv":[10.15625,9.71875,9.75,9.5],"tintindex":0,"rotation":0,"texture":"#4"},"down":{"uv":[10.40625,1.0,10.0,1.21875],"tintindex":0,"rotation":0,"texture":"#4"}}},{"from":[8.886212,2.3947906,7.509739],"to":[9.696702,2.880372,7.942009],"faces":{"east":{"uv":[9.21875,11.15625,9.0,11.0],"tintindex":0,"rotation":90,"texture":"#4"},"south":{"uv":[10.25,10.5,10.46875,10.8125],"tintindex":0,"rotation":90,"texture":"#4"},"north":{"uv":[9.75,10.5,9.96875,10.8125],"tintindex":0,"rotation":270,"texture":"#4"},"west":{"uv":[9.46875,11.0,9.25,11.15625],"tintindex":0,"rotation":90,"texture":"#4"},"up":{"uv":[10.75,10.0,10.90625,10.3125],"tintindex":0,"rotation":90,"texture":"#4"},"down":{"uv":[10.0,10.75,10.15625,11.0625],"tintindex":0,"rotation":90,"texture":"#4"}},"rotation":{"origin":[6.1546183,0.6625004,7.7933517],"angle":22.5,"axis":"z"}},{"from":[10.957667,3.9894533,7.509739],"to":[11.154826,4.438527,7.8339396],"faces":{"east":{"uv":[11.28125,3.8125,11.3125,3.875],"tintindex":0,"rotation":0,"texture":"#4"},"south":{"uv":[11.28125,3.8125,11.3125,3.875],"tintindex":0,"rotation":0,"texture":"#4"},"north":{"uv":[11.28125,3.8125,11.3125,3.875],"tintindex":0,"rotation":0,"texture":"#4"},"west":{"uv":[11.28125,3.8125,11.3125,3.875],"tintindex":0,"rotation":0,"texture":"#4"},"up":{"uv":[11.28125,3.8125,11.3125,3.875],"tintindex":0,"rotation":0,"texture":"#4"},"down":{"uv":[11.28125,3.8125,11.3125,3.875],"tintindex":0,"rotation":0,"texture":"#4"}},"rotation":{"origin":[9.422302,0.39851046,7.455515],"angle":-22.5,"axis":"z"}},{"from":[11.134394,-1.4828243,7.621991],"to":[11.273151,-1.013382,7.8147917],"faces":{"east":{"uv":[11.28125,4.5,11.3125,4.6875],"tintindex":0,"rotation":0,"texture":"#4"},"south":{"uv":[11.28125,4.5,11.3125,4.6875],"tintindex":0,"rotation":0,"texture":"#4"},"north":{"uv":[11.28125,4.5,11.3125,4.6875],"tintindex":0,"rotation":0,"texture":"#4"},"west":{"uv":[11.28125,4.5,11.3125,4.6875],"tintindex":0,"rotation":0,"texture":"#4"},"up":{"uv":[11.28125,4.5,11.3125,4.6875],"tintindex":0,"rotation":0,"texture":"#4"},"down":{"uv":[11.28125,4.5,11.3125,4.6875],"tintindex":0,"rotation":0,"texture":"#4"}}},{"from":[9.48682,-3.3699837,7.062541],"to":[10.783343,-2.3993826,8.2933655],"faces":{"east":{"uv":[0.75,6.0625,1.03125,6.25],"tintindex":0,"rotation":0,"texture":"#4"},"south":{"uv":[0.75,6.0625,1.03125,6.25],"tintindex":0,"rotation":0,"texture":"#4"},"north":{"uv":[0.75,6.0625,1.03125,6.25],"tintindex":0,"rotation":0,"texture":"#4"},"west":{"uv":[0.75,6.0625,1.03125,6.25],"tintindex":0,"rotation":0,"texture":"#4"},"up":{"uv":[0.75,6.0625,1.03125,6.25],"tintindex":0,"rotation":0,"texture":"#4"},"down":{"uv":[0.75,6.0625,1.03125,6.25],"tintindex":0,"rotation":0,"texture":"#4"}}},{"from":[10.754012,3.5034847,7.4719253],"to":[11.834661,4.259225,8.012249],"faces":{"east":{"uv":[9.5,10.5,9.71875,10.8125],"tintindex":0,"rotation":0,"texture":"#4"},"south":{"uv":[4.65625,9.5,4.25,9.8125],"tintindex":0,"rotation":0,"texture":"#4"},"north":{"uv":[4.15625,9.5,3.75,9.8125],"tintindex":0,"rotation":0,"texture":"#4"},"west":{"uv":[9.5,10.5,9.71875,10.8125],"tintindex":0,"rotation":0,"texture":"#4"},"up":{"uv":[10.0,3.21875,10.40625,3.0],"tintindex":0,"rotation":0,"texture":"#4"},"down":{"uv":[10.40625,3.25,10.0,3.46875],"tintindex":0,"rotation":0,"texture":"#4"}}},{"from":[9.608321,3.1439238,7.0814486],"to":[10.688976,3.6842403,7.9459653],"faces":{"east":{"uv":[10.5,1.25,10.84375,1.46875],"tintindex":0,"rotation":0,"texture":"#4"},"south":{"uv":[10.0,3.5,10.40625,3.71875],"tintindex":0,"rotation":0,"texture":"#4"},"north":{"uv":[3.5,10.0,3.90625,10.21875],"tintindex":0,"rotation":0,"texture":"#4"},"west":{"uv":[1.5,10.5,1.84375,10.71875],"tintindex":0,"rotation":0,"texture":"#4"},"up":{"uv":[9.65625,1.84375,9.25,1.5],"tintindex":0,"rotation":0,"texture":"#4"},"down":{"uv":[2.40625,9.25,2.0,9.59375],"tintindex":0,"rotation":0,"texture":"#4"}}},{"from":[11.215226,0.15047836,7.487839],"to":[12.56604,0.41158485,7.920109],"faces":{"east":{"uv":[8.0,11.0,8.15625,11.21875],"tintindex":0,"rotation":0,"texture":"#4"},"south":{"uv":[8.25,2.0,8.75,2.21875],"tintindex":0,"rotation":0,"texture":"#4"},"north":{"uv":[7.25234,4.99922,7.75391,5.21484],"tintindex":0,"rotation":0,"texture":"#4"},"west":{"uv":[11.0,8.0,11.15625,8.21875],"tintindex":0,"rotation":0,"texture":"#4"},"up":{"uv":[10.75,6.90625,10.25,6.75],"tintindex":0,"rotation":0,"texture":"#4"},"down":{"uv":[10.75,7.0,10.25,7.15625],"tintindex":0,"rotation":0,"texture":"#4"}},"rotation":{"origin":[8.10801,2.248681,7.777087],"angle":-45.0,"axis":"z"}},{"from":[5.2138815,-5.6877337,7.027253],"to":[6.4629555,-4.4068823,8.323777],"faces":{"east":{"uv":[2.0,6.5,6.0,10.0],"tintindex":0,"rotation":0,"texture":"#3"},"south":{"uv":[9.0,2.0,5.0,6.0],"tintindex":0,"rotation":0,"texture":"#3"},"north":{"uv":[5.0,2.0,9.0,6.0],"tintindex":0,"rotation":0,"texture":"#3"},"west":{"uv":[2.0,6.5,6.0,10.0],"tintindex":0,"rotation":0,"texture":"#3"},"up":{"uv":[2.0,6.5,6.0,10.0],"tintindex":0,"rotation":0,"texture":"#3"},"down":{"uv":[2.0,6.5,6.0,10.0],"tintindex":0,"rotation":0,"texture":"#3"}},"rotation":{"origin":[5.8365936,1.0138273,13.853753],"angle":45.0,"axis":"z"}},{"from":[9.423966,1.4504404,7.0062294],"to":[10.840481,2.3832712,8.36611],"faces":{"east":{"uv":[8.5,4.5,8.90625,4.90625],"tintindex":0,"rotation":0,"texture":"#4"},"south":{"uv":[8.0,0.5,8.5,0.90625],"tintindex":0,"rotation":0,"texture":"#4"},"north":{"uv":[8.0,0.0,8.5,0.40625],"tintindex":0,"rotation":0,"texture":"#4"},"west":{"uv":[3.5,8.75,3.90625,9.15625],"tintindex":0,"rotation":0,"texture":"#4"},"up":{"uv":[1.28125,7.9375,0.78125,7.53125],"tintindex":0,"rotation":0,"texture":"#4"},"down":{"uv":[1.75,8.0,1.25,8.40625],"tintindex":0,"rotation":0,"texture":"#4"}}},{"from":[9.999462,5.4607906,7.509739],"to":[10.809952,5.946372,7.942009],"faces":{"east":{"uv":[9.21875,11.15625,9.0,11.0],"tintindex":0,"rotation":90,"texture":"#4"},"south":{"uv":[10.25,10.5,10.46875,10.8125],"tintindex":0,"rotation":90,"texture":"#4"},"north":{"uv":[9.75,10.8125,9.96875,10.5],"tintindex":0,"rotation":270,"texture":"#4"},"west":{"uv":[9.46875,11.0,9.25,11.15625],"tintindex":0,"rotation":90,"texture":"#4"},"up":{"uv":[10.75,10.0,10.90625,10.3125],"tintindex":0,"rotation":90,"texture":"#4"},"down":{"uv":[10.0,10.75,10.15625,11.0625],"tintindex":0,"rotation":90,"texture":"#4"}},"rotation":{"origin":[6.1546183,0.6625004,7.7933517],"angle":-22.5,"axis":"z"}},{"from":[9.656954,-1.4585953,7.0814486],"to":[10.629547,-0.91825676,7.9459653],"faces":{"east":{"uv":[0.5,10.5,0.84375,10.71875],"tintindex":0,"rotation":0,"texture":"#4"},"south":{"uv":[10.25,0.75,10.625,0.96875],"tintindex":0,"rotation":0,"texture":"#4"},"north":{"uv":[10.25,0.5,10.625,0.71875],"tintindex":0,"rotation":0,"texture":"#4"},"west":{"uv":[10.5,1.0,10.84375,1.21875],"tintindex":0,"rotation":0,"texture":"#4"},"up":{"uv":[7.625,9.59375,7.25,9.25],"tintindex":0,"rotation":0,"texture":"#4"},"down":{"uv":[9.625,7.25,9.25,7.59375],"tintindex":0,"rotation":0,"texture":"#4"}}},{"from":[9.423966,3.3721657,7.0062294],"to":[10.840481,4.3049955,8.36611],"faces":{"east":{"uv":[8.5,4.5,8.90625,4.90625],"tintindex":0,"rotation":0,"texture":"#4"},"south":{"uv":[8.0,0.5,8.5,0.90625],"tintindex":0,"rotation":0,"texture":"#4"},"north":{"uv":[8.0,0.0,8.5,0.40625],"tintindex":0,"rotation":0,"texture":"#4"},"west":{"uv":[3.5,8.75,3.90625,9.15625],"tintindex":0,"rotation":0,"texture":"#4"},"up":{"uv":[1.28125,7.9375,0.78125,7.53125],"tintindex":0,"rotation":0,"texture":"#4"},"down":{"uv":[1.75,8.0,1.25,8.40625],"tintindex":0,"rotation":0,"texture":"#4"}}},{"from":[9.192542,-2.2596245,7.444309],"to":[10.2731905,-1.4491415,7.9846334],"faces":{"east":{"uv":[4.75,10.5,4.96875,10.8125],"tintindex":0,"rotation":0,"texture":"#4"},"south":{"uv":[9.5,0.0,9.90625,0.3125],"tintindex":0,"rotation":0,"texture":"#4"},"north":{"uv":[0.0,9.5,0.40625,9.8125],"tintindex":0,"rotation":0,"texture":"#4"},"west":{"uv":[10.5,7.25,10.71875,7.5625],"tintindex":0,"rotation":0,"texture":"#4"},"up":{"uv":[10.15625,9.71875,9.75,9.5],"tintindex":0,"rotation":0,"texture":"#4"},"down":{"uv":[10.40625,1.0,10.0,1.21875],"tintindex":0,"rotation":0,"texture":"#4"}}},{"from":[9.0853195,-5.1219835,7.672865],"to":[11.166594,-2.7461329,7.672865],"faces":{"east":{"uv":[0.0,1.2625,16.0,14.55],"tintindex":0,"rotation":0,"texture":"#5"},"south":{"uv":[0.0,1.2625,16.0,14.55],"tintindex":0,"rotation":0,"texture":"#5"},"north":{"uv":[0.0,1.2625,16.0,14.55],"tintindex":0,"rotation":0,"texture":"#5"},"west":{"uv":[0.0,1.2625,16.0,14.55],"tintindex":0,"rotation":0,"texture":"#5"},"up":{"uv":[0.0,1.2625,16.0,14.55],"tintindex":0,"rotation":0,"texture":"#5"},"down":{"uv":[0.0,1.2625,16.0,14.55],"tintindex":0,"rotation":0,"texture":"#5"}}},{"from":[9.423966,-2.3930092,7.0062294],"to":[10.840481,-1.4601793,8.36611],"faces":{"east":{"uv":[8.5,4.5,8.90625,4.90625],"tintindex":0,"rotation":0,"texture":"#4"},"south":{"uv":[8.0,0.5,8.5,0.90625],"tintindex":0,"rotation":0,"texture":"#4"},"north":{"uv":[8.0,0.0,8.5,0.40625],"tintindex":0,"rotation":0,"texture":"#4"},"west":{"uv":[3.5,8.75,3.90625,9.15625],"tintindex":0,"rotation":0,"texture":"#4"},"up":{"uv":[1.28125,7.9375,0.78125,7.53125],"tintindex":0,"rotation":0,"texture":"#4"},"down":{"uv":[1.75,8.0,1.25,8.40625],"tintindex":0,"rotation":0,"texture":"#4"}}},{"from":[9.9194765,-5.142022,7.487839],"to":[11.27029,-4.8809156,7.920109],"faces":{"east":{"uv":[8.0,11.0,8.15625,11.21875],"tintindex":0,"rotation":0,"texture":"#4"},"south":{"uv":[8.25,2.0,8.75,2.21875],"tintindex":0,"rotation":0,"texture":"#4"},"north":{"uv":[7.78516,4.99922,7.25234,5.21484],"tintindex":0,"rotation":0,"texture":"#4"},"west":{"uv":[11.0,8.0,11.15625,8.21875],"tintindex":0,"rotation":0,"texture":"#4"},"up":{"uv":[10.75,6.90625,10.25,6.75],"tintindex":0,"rotation":0,"texture":"#4"},"down":{"uv":[10.75,7.0,10.25,7.15625],"tintindex":0,"rotation":0,"texture":"#4"}},"rotation":{"origin":[6.8122606,-3.0438194,7.777087],"angle":45.0,"axis":"z"}},{"from":[9.48682,-1.471983,7.062541],"to":[10.783343,5.2820425,8.2933655],"faces":{"east":{"uv":[0.75,4.9375,1.03125,6.25],"tintindex":0,"rotation":0,"texture":"#4"},"south":{"uv":[0.75,4.9375,1.03125,6.25],"tintindex":0,"rotation":0,"texture":"#4"},"north":{"uv":[0.75,4.9375,1.03125,6.25],"tintindex":0,"rotation":0,"texture":"#4"},"west":{"uv":[0.75,4.9375,1.03125,6.25],"tintindex":0,"rotation":0,"texture":"#4"},"up":{"uv":[0.75,4.9375,1.03125,6.25],"tintindex":0,"rotation":0,"texture":"#4"},"down":{"uv":[0.75,4.9375,1.03125,6.25],"tintindex":0,"rotation":0,"texture":"#4"}}}],"display":{"gui":{"rotation":[30,225,0]}}}