{"textures":{"4":"modelengine:entity/main"},"elements":[{"from":[9.192389,25.44038,12.7661705],"to":[10.9662895,26.622978,13.9487705],"faces":{"east":{"uv":[8.0,4.5,8.4375,4.9375],"tintindex":0,"rotation":0,"texture":"#4"},"south":{"uv":[5.0,5.5,5.6875,5.9375],"tintindex":0,"rotation":0,"texture":"#4"},"north":{"uv":[5.5,2.25,6.1875,2.6875],"tintindex":0,"rotation":0,"texture":"#4"},"west":{"uv":[8.0,5.75,8.4375,6.1875],"tintindex":0,"rotation":0,"texture":"#4"},"up":{"uv":[0.6875,6.1875,0.0,5.75],"tintindex":0,"rotation":0,"texture":"#4"},"down":{"uv":[6.4375,0.0,5.75,0.4375],"tintindex":0,"rotation":0,"texture":"#4"}}},{"from":[10.717695,23.511574,12.8253],"to":[12.255075,24.694172,13.77138],"faces":{"east":{"uv":[5.0,8.75,5.375,9.1875],"tintindex":0,"rotation":0,"texture":"#4"},"south":{"uv":[6.5,1.0,7.09375,1.4375],"tintindex":0,"rotation":0,"texture":"#4"},"north":{"uv":[0.75,6.5,1.34375,6.9375],"tintindex":0,"rotation":0,"texture":"#4"},"west":{"uv":[8.75,5.0,9.125,5.4375],"tintindex":0,"rotation":0,"texture":"#4"},"up":{"uv":[4.59375,7.625,4.0,7.25],"tintindex":0,"rotation":0,"texture":"#4"},"down":{"uv":[7.84375,4.0,7.25,4.375],"tintindex":0,"rotation":0,"texture":"#4"}}},{"from":[12.368072,20.45126,12.88443],"to":[12.959372,21.811249,13.71225],"faces":{"east":{"uv":[8.75,2.0,9.0625,2.53125],"tintindex":0,"rotation":0,"texture":"#4"},"south":{"uv":[9.75,1.0,9.96875,1.53125],"tintindex":0,"rotation":0,"texture":"#4"},"north":{"uv":[8.25,9.25,8.46875,9.78125],"tintindex":0,"rotation":0,"texture":"#4"},"west":{"uv":[2.5,8.75,2.8125,9.28125],"tintindex":0,"rotation":0,"texture":"#4"},"up":{"uv":[10.71875,10.8125,10.5,10.5],"tintindex":0,"rotation":0,"texture":"#4"},"down":{"uv":[10.96875,0.0,10.75,0.3125],"tintindex":0,"rotation":0,"texture":"#4"}},"rotation":{"origin":[14.659695,23.511574,12.7661705],"angle":-45.0,"axis":"z"}},{"from":[11.471559,25.524364,12.7661705],"to":[12.890678,26.706966,13.83051],"faces":{"east":{"uv":[6.25,8.25,6.65625,8.6875],"tintindex":0,"rotation":0,"texture":"#4"},"south":{"uv":[0.75,7.0,1.28125,7.4375],"tintindex":0,"rotation":0,"texture":"#4"},"north":{"uv":[6.5,6.75,7.03125,7.1875],"tintindex":0,"rotation":0,"texture":"#4"},"west":{"uv":[8.25,6.25,8.65625,6.6875],"tintindex":0,"rotation":0,"texture":"#4"},"up":{"uv":[3.28125,7.90625,2.75,7.5],"tintindex":0,"rotation":0,"texture":"#4"},"down":{"uv":[8.03125,3.0,7.5,3.40625],"tintindex":0,"rotation":0,"texture":"#4"}},"rotation":{"origin":[14.659695,23.511574,12.7661705],"angle":22.5,"axis":"z"}},{"from":[13.125162,28.353699,12.88443],"to":[14.307762,29.77282,13.83051],"faces":{"east":{"uv":[2.5,8.0,2.875,8.53125],"tintindex":0,"rotation":0,"texture":"#4"},"south":{"uv":[7.0,3.25,7.4375,3.78125],"tintindex":0,"rotation":0,"texture":"#4"},"north":{"uv":[7.0,2.5,7.4375,3.03125],"tintindex":0,"rotation":0,"texture":"#4"},"west":{"uv":[3.0,8.0,3.375,8.53125],"tintindex":0,"rotation":0,"texture":"#4"},"up":{"uv":[9.1875,6.625,8.75,6.25],"tintindex":0,"rotation":0,"texture":"#4"},"down":{"uv":[6.9375,8.75,6.5,9.125],"tintindex":0,"rotation":0,"texture":"#4"}},"rotation":{"origin":[14.659695,23.511574,12.7661705],"angle":22.5,"axis":"z"}},{"from":[10.277381,26.686619,13.00269],"to":[10.986941,28.223999,13.71225],"faces":{"east":{"uv":[8.5,0.5,8.78125,1.09375],"tintindex":0,"rotation":0,"texture":"#4"},"south":{"uv":[1.0,8.5,1.28125,9.09375],"tintindex":0,"rotation":0,"texture":"#4"},"north":{"uv":[0.5,8.5,0.78125,9.09375],"tintindex":0,"rotation":0,"texture":"#4"},"west":{"uv":[1.5,8.5,1.78125,9.09375],"tintindex":0,"rotation":0,"texture":"#4"},"up":{"uv":[2.78125,10.53125,2.5,10.25],"tintindex":0,"rotation":0,"texture":"#4"},"down":{"uv":[3.28125,10.25,3.0,10.53125],"tintindex":0,"rotation":0,"texture":"#4"}},"rotation":{"origin":[14.659695,23.511574,12.7661705],"angle":-22.5,"axis":"z"}},{"from":[10.955368,24.457623,12.943561],"to":[12.256228,25.048923,13.65312],"faces":{"east":{"uv":[10.75,2.75,11.03125,2.96875],"tintindex":0,"rotation":0,"texture":"#4"},"south":{"uv":[9.75,2.75,10.25,2.96875],"tintindex":0,"rotation":0,"texture":"#4"},"north":{"uv":[9.5,4.75,10.0,4.96875],"tintindex":0,"rotation":0,"texture":"#4"},"west":{"uv":[3.25,10.75,3.53125,10.96875],"tintindex":0,"rotation":0,"texture":"#4"},"up":{"uv":[1.0,9.53125,0.5,9.25],"tintindex":0,"rotation":0,"texture":"#4"},"down":{"uv":[1.5,9.25,1.0,9.53125],"tintindex":0,"rotation":0,"texture":"#4"}},"rotation":{"origin":[14.659695,23.511574,12.7661705],"angle":22.5,"axis":"z"}},{"from":[12.733648,29.64832,12.9567],"to":[13.443209,30.17392,13.7451],"faces":{"east":{"uv":[5.75,10.75,6.0625,10.9375],"tintindex":0,"rotation":0,"texture":"#4"},"south":{"uv":[10.75,6.75,11.03125,6.9375],"tintindex":0,"rotation":0,"texture":"#4"},"north":{"uv":[6.75,10.75,7.03125,10.9375],"tintindex":0,"rotation":0,"texture":"#4"},"west":{"uv":[6.25,10.75,6.5625,10.9375],"tintindex":0,"rotation":0,"texture":"#4"},"up":{"uv":[10.28125,7.5625,10.0,7.25],"tintindex":0,"rotation":0,"texture":"#4"},"down":{"uv":[8.03125,10.0,7.75,10.3125],"tintindex":0,"rotation":0,"texture":"#4"}}},{"from":[9.147253,25.079964,12.8253],"to":[10.566373,26.853863,13.889641],"faces":{"east":{"uv":[5.75,5.25,6.15625,5.9375],"tintindex":0,"rotation":0,"texture":"#4"},"south":{"uv":[3.0,4.75,3.53125,5.4375],"tintindex":0,"rotation":0,"texture":"#4"},"north":{"uv":[4.75,2.25,5.28125,2.9375],"tintindex":0,"rotation":0,"texture":"#4"},"west":{"uv":[5.0,6.0,5.40625,6.6875],"tintindex":0,"rotation":0,"texture":"#4"},"up":{"uv":[8.03125,3.90625,7.5,3.5],"tintindex":0,"rotation":0,"texture":"#4"},"down":{"uv":[5.28125,7.5,4.75,7.90625],"tintindex":0,"rotation":0,"texture":"#4"}},"rotation":{"origin":[14.659695,23.511574,12.7661705],"angle":-22.5,"axis":"z"}},{"from":[12.829038,27.140701,12.8253],"to":[14.2481575,28.323303,13.77138],"faces":{"east":{"uv":[5.5,8.75,5.875,9.1875],"tintindex":0,"rotation":0,"texture":"#4"},"south":{"uv":[7.0,2.0,7.53125,2.4375],"tintindex":0,"rotation":0,"texture":"#4"},"north":{"uv":[1.5,7.0,2.03125,7.4375],"tintindex":0,"rotation":0,"texture":"#4"},"west":{"uv":[6.0,8.75,6.375,9.1875],"tintindex":0,"rotation":0,"texture":"#4"},"up":{"uv":[2.28125,8.375,1.75,8.0],"tintindex":0,"rotation":0,"texture":"#4"},"down":{"uv":[8.53125,2.25,8.0,2.625],"tintindex":0,"rotation":0,"texture":"#4"}},"rotation":{"origin":[14.659695,23.511574,12.7661705],"angle":45.0,"axis":"z"}},{"from":[8.750615,25.039433,12.943561],"to":[9.460175,26.990723,13.77138],"faces":{"east":{"uv":[4.0,6.5,4.3125,7.25],"tintindex":0,"rotation":0,"texture":"#4"},"south":{"uv":[7.75,1.5,8.03125,2.25],"tintindex":0,"rotation":0,"texture":"#4"},"north":{"uv":[3.5,7.5,3.78125,8.25],"tintindex":0,"rotation":0,"texture":"#4"},"west":{"uv":[5.0,6.75,5.3125,7.5],"tintindex":0,"rotation":0,"texture":"#4"},"up":{"uv":[10.28125,4.8125,10.0,4.5],"tintindex":0,"rotation":0,"texture":"#4"},"down":{"uv":[10.28125,5.5,10.0,5.8125],"tintindex":0,"rotation":0,"texture":"#4"}},"rotation":{"origin":[14.659695,23.511574,12.7661705],"angle":-45.0,"axis":"z"}},{"from":[8.9769,22.211529,12.772083],"to":[10.2777605,23.39413,13.942858],"faces":{"east":{"uv":[0.0,8.25,0.4375,8.6875],"tintindex":0,"rotation":0,"texture":"#4"},"south":{"uv":[6.5,7.25,7.0,7.6875],"tintindex":0,"rotation":0,"texture":"#4"},"north":{"uv":[7.25,6.25,7.75,6.6875],"tintindex":0,"rotation":0,"texture":"#4"},"west":{"uv":[8.25,1.5,8.6875,1.9375],"tintindex":0,"rotation":0,"texture":"#4"},"up":{"uv":[7.75,7.1875,7.25,6.75],"tintindex":0,"rotation":0,"texture":"#4"},"down":{"uv":[7.5,7.25,7.0,7.6875],"tintindex":0,"rotation":0,"texture":"#4"}},"rotation":{"origin":[14.659695,23.511574,12.7661705],"angle":-45.0,"axis":"z"}}],"display":{"gui":{"rotation":[30,225,0]}}}