{"textures":{"4":"modelengine:entity/main"},"elements":[{"from":[3.7278786,-3.6204338,15.759798],"to":[5.3306084,-2.8190536,16.400898],"faces":{"east":{"uv":[11.25,4.25,11.375,4.40625],"tintindex":0,"rotation":0,"texture":"#4"},"south":{"uv":[10.75,9.25,11.0625,9.40625],"tintindex":0,"rotation":0,"texture":"#4"},"north":{"uv":[10.75,9.0,11.0625,9.15625],"tintindex":0,"rotation":0,"texture":"#4"},"west":{"uv":[4.5,11.25,4.625,11.40625],"tintindex":0,"rotation":0,"texture":"#4"},"up":{"uv":[6.3125,11.125,6.0,11.0],"tintindex":0,"rotation":0,"texture":"#4"},"down":{"uv":[11.3125,6.0,11.0,6.125],"tintindex":0,"rotation":0,"texture":"#4"}}},{"from":[5.565304,-3.3857384,15.772938],"to":[6.3667126,-2.0717392,16.429937],"faces":{"east":{"uv":[0.5,11.25,0.625,11.5],"tintindex":0,"rotation":0,"texture":"#4"},"south":{"uv":[11.0,5.75,11.15625,6.0],"tintindex":0,"rotation":0,"texture":"#4"},"north":{"uv":[5.75,11.0,5.90625,11.25],"tintindex":0,"rotation":0,"texture":"#4"},"west":{"uv":[0.75,11.25,0.875,11.5],"tintindex":0,"rotation":0,"texture":"#4"},"up":{"uv":[11.40625,4.125,11.25,4.0],"tintindex":0,"rotation":0,"texture":"#4"},"down":{"uv":[4.40625,11.25,4.25,11.375],"tintindex":0,"rotation":0,"texture":"#4"}},"rotation":{"origin":[5.565304,-3.3857384,15.6940975],"angle":45.0,"axis":"z"}},{"from":[-10.646492,-5.18964,15.959657],"to":[-5.036895,-0.38142395,15.959657],"faces":{"south":{"uv":[0.0,3.0,1.0625,3.90625],"tintindex":0,"rotation":0,"texture":"#4"},"north":{"uv":[2.5,2.0,3.5625,2.90625],"tintindex":0,"rotation":0,"texture":"#4"}},"rotation":{"origin":[1.8419533,7.7744446,16.299019],"angle":45.0,"axis":"z"}},{"from":[0.67120934,-0.58151627,15.879503],"to":[1.4725742,0.21986389,16.360325],"faces":{"east":{"uv":[11.25,5.0,11.34375,5.15625],"tintindex":0,"rotation":0,"texture":"#4"},"south":{"uv":[11.25,2.5,11.40625,2.65625],"tintindex":0,"rotation":0,"texture":"#4"},"north":{"uv":[2.5,11.25,2.65625,11.40625],"tintindex":0,"rotation":0,"texture":"#4"},"west":{"uv":[5.25,11.25,5.34375,11.40625],"tintindex":0,"rotation":0,"texture":"#4"},"up":{"uv":[11.40625,5.34375,11.25,5.25],"tintindex":0,"rotation":0,"texture":"#4"},"down":{"uv":[5.65625,11.25,5.5,11.34375],"tintindex":0,"rotation":0,"texture":"#4"}},"rotation":{"origin":[9.838373,5.5824738,15.954649],"angle":22.5,"axis":"z"}},{"from":[-1.1096697,1.0798035,15.63796],"to":[0.49307442,2.3938026,16.599604],"faces":{"east":{"uv":[8.25,5.5,8.4375,5.75],"tintindex":0,"rotation":0,"texture":"#4"},"south":{"uv":[10.25,6.25,10.5625,6.5],"tintindex":0,"rotation":0,"texture":"#4"},"north":{"uv":[6.25,10.25,6.5625,10.5],"tintindex":0,"rotation":0,"texture":"#4"},"west":{"uv":[8.5,1.25,8.6875,1.5],"tintindex":0,"rotation":0,"texture":"#4"},"up":{"uv":[11.0625,5.1875,10.75,5.0],"tintindex":0,"rotation":0,"texture":"#4"},"down":{"uv":[5.5625,10.75,5.25,10.9375],"tintindex":0,"rotation":0,"texture":"#4"}},"rotation":{"origin":[9.967569,6.4439583,16.14004],"angle":45.0,"axis":"z"}},{"from":[-5.036895,-1.1828041,15.959657],"to":[-3.8348475,-0.38142395,16.2802],"faces":{"east":{"uv":[7.25,11.25,7.3125,11.40625],"tintindex":0,"rotation":0,"texture":"#4"},"south":{"uv":[11.0,7.75,11.21875,7.90625],"tintindex":0,"rotation":0,"texture":"#4"},"north":{"uv":[7.75,11.0,7.96875,11.15625],"tintindex":0,"rotation":0,"texture":"#4"},"west":{"uv":[11.25,7.25,11.3125,7.40625],"tintindex":0,"rotation":0,"texture":"#4"},"up":{"uv":[11.46875,5.8125,11.25,5.75],"tintindex":0,"rotation":0,"texture":"#4"},"down":{"uv":[6.21875,11.25,6.0,11.3125],"tintindex":0,"rotation":0,"texture":"#4"}},"rotation":{"origin":[1.8419533,7.7744446,16.220179],"angle":45.0,"axis":"z"}},{"from":[5.9183903,-8.021603,15.478806],"to":[7.5211353,-5.159111,16.761007],"faces":{"east":{"uv":[9.25,3.0,9.5,3.53125],"tintindex":0,"rotation":0,"texture":"#4"},"south":{"uv":[8.75,1.25,9.0625,1.78125],"tintindex":0,"rotation":0,"texture":"#4"},"north":{"uv":[0.0,8.75,0.3125,9.28125],"tintindex":0,"rotation":0,"texture":"#4"},"west":{"uv":[3.5,9.25,3.75,9.78125],"tintindex":0,"rotation":0,"texture":"#4"},"up":{"uv":[10.5625,6.75,10.25,6.5],"tintindex":0,"rotation":0,"texture":"#4"},"down":{"uv":[7.0625,10.25,6.75,10.5],"tintindex":0,"rotation":0,"texture":"#4"}}},{"from":[5.3306084,-4.527252,15.691469],"to":[6.1319885,-2.8190536,16.492834],"faces":{"east":{"uv":[10.75,8.0,10.90625,8.3125],"tintindex":0,"rotation":0,"texture":"#4"},"south":{"uv":[8.5,10.75,8.65625,11.0625],"tintindex":0,"rotation":0,"texture":"#4"},"north":{"uv":[10.75,7.25,10.90625,7.5625],"tintindex":0,"rotation":0,"texture":"#4"},"west":{"uv":[10.75,8.5,10.90625,8.8125],"tintindex":0,"rotation":0,"texture":"#4"},"up":{"uv":[2.90625,11.40625,2.75,11.25],"tintindex":0,"rotation":0,"texture":"#4"},"down":{"uv":[11.40625,2.75,11.25,2.90625],"tintindex":0,"rotation":0,"texture":"#4"}}}],"display":{"gui":{"rotation":[30,225,0]}}}