{"textures":{"4":"modelengine:entity/main"},"elements":[{"from":[6.588356,7.6592674,21.205292],"to":[8.559357,9.630268,23.018612],"faces":{"east":{"uv":[6.25,9.25,6.59375,9.625],"tintindex":0,"rotation":0,"texture":"#4"},"south":{"uv":[9.0,8.75,9.375,9.125],"tintindex":0,"rotation":0,"texture":"#4"},"north":{"uv":[9.0,8.25,9.375,8.625],"tintindex":0,"rotation":0,"texture":"#4"},"west":{"uv":[9.25,6.25,9.59375,6.625],"tintindex":0,"rotation":0,"texture":"#4"},"up":{"uv":[7.125,9.59375,6.75,9.25],"tintindex":0,"rotation":0,"texture":"#4"},"down":{"uv":[9.625,6.75,9.25,7.09375],"tintindex":0,"rotation":0,"texture":"#4"}}},{"from":[6.643631,4.2015915,21.076258],"to":[9.271631,5.5155907,22.902718],"faces":{"east":{"uv":[0.5,10.25,0.84375,10.5],"tintindex":0,"rotation":0,"texture":"#4"},"south":{"uv":[6.5,2.0,7.0,2.25],"tintindex":0,"rotation":0,"texture":"#4"},"north":{"uv":[7.25,1.75,7.75,2.0],"tintindex":0,"rotation":0,"texture":"#4"},"west":{"uv":[10.25,0.25,10.59375,0.5],"tintindex":0,"rotation":0,"texture":"#4"},"up":{"uv":[8.75,8.59375,8.25,8.25],"tintindex":0,"rotation":0,"texture":"#4"},"down":{"uv":[9.0,0.0,8.5,0.34375],"tintindex":0,"rotation":0,"texture":"#4"}}},{"from":[6.422617,8.05941,21.419373],"to":[8.393618,15.943409,22.733372],"faces":{"east":{"uv":[2.75,4.75,3.0,6.25],"tintindex":0,"rotation":0,"texture":"#4"},"south":{"uv":[1.5,4.0,1.875,5.5],"tintindex":0,"rotation":0,"texture":"#4"},"north":{"uv":[2.0,4.0,2.375,5.5],"tintindex":0,"rotation":0,"texture":"#4"},"west":{"uv":[2.5,4.75,2.75,6.25],"tintindex":0,"rotation":0,"texture":"#4"},"up":{"uv":[8.125,10.0,7.75,9.75],"tintindex":0,"rotation":0,"texture":"#4"},"down":{"uv":[10.125,8.0,9.75,8.25],"tintindex":0,"rotation":0,"texture":"#4"}}},{"from":[7.563431,5.017761,21.352198],"to":[9.271631,6.3317604,22.666197],"faces":{"east":{"uv":[5.5,2.75,5.75,3.0],"tintindex":0,"rotation":0,"texture":"#4"},"south":{"uv":[10.25,2.75,10.5625,3.0],"tintindex":0,"rotation":0,"texture":"#4"},"north":{"uv":[4.5,10.25,4.8125,10.5],"tintindex":0,"rotation":0,"texture":"#4"},"west":{"uv":[5.0,5.25,5.25,5.5],"tintindex":0,"rotation":0,"texture":"#4"},"up":{"uv":[10.5625,5.25,10.25,5.0],"tintindex":0,"rotation":0,"texture":"#4"},"down":{"uv":[6.0625,10.25,5.75,10.5],"tintindex":0,"rotation":0,"texture":"#4"}}},{"from":[6.253271,2.8782196,21.614998],"to":[7.567272,4.8492203,22.377117],"faces":{"east":{"uv":[5.0,10.75,5.15625,11.125],"tintindex":0,"rotation":0,"texture":"#4"},"south":{"uv":[8.5,9.75,8.75,10.125],"tintindex":0,"rotation":0,"texture":"#4"},"north":{"uv":[8.75,9.75,9.0,10.125],"tintindex":0,"rotation":0,"texture":"#4"},"west":{"uv":[4.25,10.75,4.40625,11.125],"tintindex":0,"rotation":0,"texture":"#4"},"up":{"uv":[5.5,11.15625,5.25,11.0],"tintindex":0,"rotation":0,"texture":"#4"},"down":{"uv":[11.25,5.25,11.0,5.40625],"tintindex":0,"rotation":0,"texture":"#4"}},"rotation":{"origin":[7.05468,2.8782196,22.506182],"angle":-22.5,"axis":"z"}},{"from":[4.1773853,4.61734,21.194809],"to":[6.148384,9.216343,23.021269],"faces":{"east":{"uv":[4.0,5.5,4.34375,6.375],"tintindex":0,"rotation":0,"texture":"#4"},"south":{"uv":[4.5,5.25,4.875,6.125],"tintindex":0,"rotation":0,"texture":"#4"},"north":{"uv":[1.25,5.5,1.625,6.375],"tintindex":0,"rotation":0,"texture":"#4"},"west":{"uv":[3.5,5.5,3.84375,6.375],"tintindex":0,"rotation":0,"texture":"#4"},"up":{"uv":[5.625,9.59375,5.25,9.25],"tintindex":0,"rotation":0,"texture":"#4"},"down":{"uv":[6.125,9.25,5.75,9.59375],"tintindex":0,"rotation":0,"texture":"#4"}},"rotation":{"origin":[3.4005337,13.325336,22.517467],"angle":22.5,"axis":"z"}},{"from":[6.31427,0.268219,21.614998],"to":[7.628271,3.184906,22.403397],"faces":{"east":{"uv":[5.5,10.0,5.65625,10.5625],"tintindex":0,"rotation":0,"texture":"#4"},"south":{"uv":[5.0,3.0,5.25,3.5625],"tintindex":0,"rotation":0,"texture":"#4"},"north":{"uv":[2.25,5.5,2.5,6.0625],"tintindex":0,"rotation":0,"texture":"#4"},"west":{"uv":[5.25,10.0,5.40625,10.5625],"tintindex":0,"rotation":0,"texture":"#4"},"up":{"uv":[5.75,11.15625,5.5,11.0],"tintindex":0,"rotation":0,"texture":"#4"},"down":{"uv":[11.25,5.5,11.0,5.65625],"tintindex":0,"rotation":0,"texture":"#4"}}},{"from":[4.7371483,16.693161,21.483597],"to":[6.708149,20.940434,22.534798],"faces":{"east":{"uv":[8.5,8.75,8.6875,9.5625],"tintindex":0,"rotation":0,"texture":"#4"},"south":{"uv":[1.75,5.5,2.125,6.3125],"tintindex":0,"rotation":0,"texture":"#4"},"north":{"uv":[3.0,5.5,3.375,6.3125],"tintindex":0,"rotation":0,"texture":"#4"},"west":{"uv":[8.75,8.25,8.9375,9.0625],"tintindex":0,"rotation":0,"texture":"#4"},"up":{"uv":[10.875,4.6875,10.5,4.5],"tintindex":0,"rotation":0,"texture":"#4"},"down":{"uv":[10.875,4.75,10.5,4.9375],"tintindex":0,"rotation":0,"texture":"#4"}},"rotation":{"origin":[3.6952343,12.081593,22.751038],"angle":-22.5,"axis":"z"}}],"display":{"gui":{"rotation":[30,225,0]}}}