{"textures":{"4":"modelengine:entity/main","6":"modelengine:entity/blade"},"elements":[{"from":[21.460127,5.7848444,12.3019705],"to":[23.318123,6.795595,14.418598],"faces":{"east":{"uv":[5.5,1.25,6.3125,1.625],"tintindex":0,"rotation":0,"texture":"#4"},"south":{"uv":[2.25,6.25,2.96875,6.625],"tintindex":0,"rotation":0,"texture":"#4"},"north":{"uv":[0.0,6.25,0.71875,6.625],"tintindex":0,"rotation":0,"texture":"#4"},"west":{"uv":[5.5,1.75,6.3125,2.125],"tintindex":0,"rotation":0,"texture":"#4"},"up":{"uv":[0.71875,4.8125,0.0,4.0],"tintindex":0,"rotation":0,"texture":"#4"},"down":{"uv":[1.46875,4.0,0.75,4.8125],"tintindex":0,"rotation":0,"texture":"#4"}}},{"from":[22.161802,5.5442505,12.376291],"to":[23.896969,6.5183773,14.30266],"faces":{"east":{"uv":[6.5,0.0,7.21875,0.375],"tintindex":0,"rotation":0,"texture":"#4"},"south":{"uv":[6.5,6.25,7.15625,6.625],"tintindex":0,"rotation":0,"texture":"#4"},"north":{"uv":[6.5,5.75,7.15625,6.125],"tintindex":0,"rotation":0,"texture":"#4"},"west":{"uv":[6.5,0.5,7.21875,0.875],"tintindex":0,"rotation":0,"texture":"#4"},"up":{"uv":[5.15625,5.21875,4.5,4.5],"tintindex":0,"rotation":0,"texture":"#4"},"down":{"uv":[5.40625,1.5,4.75,2.21875],"tintindex":0,"rotation":0,"texture":"#4"}},"rotation":{"origin":[23.272915,5.958256,13.16967],"angle":45.0,"axis":"z"}},{"from":[20.754086,3.8732147,12.3168335],"to":[24.026537,6.0649967,14.37258],"faces":{"east":{"uv":[3.25,3.0,4.03125,3.84375],"tintindex":0,"rotation":0,"texture":"#4"},"south":{"uv":[1.75,1.0,3.0,1.84375],"tintindex":0,"rotation":0,"texture":"#4"},"north":{"uv":[1.75,0.0,3.0,0.84375],"tintindex":0,"rotation":0,"texture":"#4"},"west":{"uv":[3.75,2.0,4.53125,2.84375],"tintindex":0,"rotation":0,"texture":"#4"},"up":{"uv":[1.25,2.78125,0.0,2.0],"tintindex":0,"rotation":0,"texture":"#4"},"down":{"uv":[2.5,2.0,1.25,2.78125],"tintindex":0,"rotation":0,"texture":"#4"}}},{"from":[16.86417,5.260602,13.178942],"to":[29.296421,25.956102,13.178942],"faces":{"south":{"uv":[5.4375,0.53125,9.24219,8.10938],"tintindex":0,"rotation":0,"texture":"#6"},"north":{"uv":[5.04688,0.53125,8.82031,8.10938],"tintindex":0,"rotation":0,"texture":"#6"}}},{"from":[21.131765,3.6601276,12.3168335],"to":[23.70406,3.8732147,14.37258],"faces":{"east":{"uv":[10.5,1.5,11.28125,1.59375],"tintindex":0,"rotation":0,"texture":"#4"},"south":{"uv":[9.75,9.25,10.71875,9.34375],"tintindex":0,"rotation":0,"texture":"#4"},"north":{"uv":[9.0,9.75,9.96875,9.84375],"tintindex":0,"rotation":0,"texture":"#4"},"west":{"uv":[10.5,3.0,11.28125,3.09375],"tintindex":0,"rotation":0,"texture":"#4"},"up":{"uv":[2.21875,3.78125,1.25,3.0],"tintindex":0,"rotation":0,"texture":"#4"},"down":{"uv":[3.21875,3.0,2.25,3.78125],"tintindex":0,"rotation":0,"texture":"#4"}}},{"from":[21.322018,3.2948284,12.495201],"to":[23.513798,3.6753483,14.139986],"faces":{"east":{"uv":[9.75,5.25,10.375,5.40625],"tintindex":0,"rotation":0,"texture":"#4"},"south":{"uv":[3.75,9.25,4.59375,9.40625],"tintindex":0,"rotation":0,"texture":"#4"},"north":{"uv":[9.0,6.0,9.84375,6.15625],"tintindex":0,"rotation":0,"texture":"#4"},"west":{"uv":[9.75,7.75,10.375,7.90625],"tintindex":0,"rotation":0,"texture":"#4"},"up":{"uv":[3.34375,4.625,2.5,4.0],"tintindex":0,"rotation":0,"texture":"#4"},"down":{"uv":[4.34375,4.0,3.5,4.625],"tintindex":0,"rotation":0,"texture":"#4"}}},{"from":[20.876354,5.5442505,12.376291],"to":[22.611519,6.5183773,14.30266],"faces":{"east":{"uv":[6.25,2.25,6.96875,2.625],"tintindex":0,"rotation":0,"texture":"#4"},"south":{"uv":[6.5,4.75,7.15625,5.125],"tintindex":0,"rotation":0,"texture":"#4"},"north":{"uv":[6.5,4.25,7.15625,4.625],"tintindex":0,"rotation":0,"texture":"#4"},"west":{"uv":[6.25,5.25,6.96875,5.625],"tintindex":0,"rotation":0,"texture":"#4"},"up":{"uv":[4.90625,3.71875,4.25,3.0],"tintindex":0,"rotation":0,"texture":"#4"},"down":{"uv":[5.15625,3.75,4.5,4.46875],"tintindex":0,"rotation":0,"texture":"#4"}},"rotation":{"origin":[21.500408,5.958256,12.824351],"angle":-45.0,"axis":"z"}},{"from":[21.322018,2.9143085,12.614111],"to":[23.513798,3.2948284,14.06484],"faces":{"east":{"uv":[4.0,10.0,4.5625,10.15625],"tintindex":0,"rotation":0,"texture":"#4"},"south":{"uv":[9.25,4.0,10.09375,4.15625],"tintindex":0,"rotation":0,"texture":"#4"},"north":{"uv":[9.25,3.75,10.09375,3.90625],"tintindex":0,"rotation":0,"texture":"#4"},"west":{"uv":[10.0,4.25,10.5625,4.40625],"tintindex":0,"rotation":0,"texture":"#4"},"up":{"uv":[5.09375,0.5625,4.25,0.0],"tintindex":0,"rotation":0,"texture":"#4"},"down":{"uv":[5.09375,0.75,4.25,1.3125],"tintindex":0,"rotation":0,"texture":"#4"}}}],"display":{"gui":{"rotation":[30,225,0]}}}