{"textures":{"0":"modelengine:entity/spirit_guardian"},"elements":[{"from":[4.0303745,1.6185875,4.3684206],"to":[6.0303745,3.6185875,6.3684206],"faces":{"east":{"uv":[9.5625,1.1875,9.4375,1.3125],"tintindex":0,"rotation":0,"texture":"#0"},"south":{"uv":[9.5,6.375,9.375,6.5],"tintindex":0,"rotation":0,"texture":"#0"},"north":{"uv":[9.125,0.9375,9.0,1.0625],"tintindex":0,"rotation":0,"texture":"#0"},"west":{"uv":[9.5,4.5625,9.375,4.6875],"tintindex":0,"rotation":0,"texture":"#0"},"up":{"uv":[9.4375,3.1875,9.5625,3.0625],"tintindex":0,"rotation":0,"texture":"#0"},"down":{"uv":[9.5,2.125,9.625,2.25],"tintindex":0,"rotation":0,"texture":"#0"}}},{"from":[4.0303745,3.6185875,4.3684206],"to":[11.030375,8.6185875,11.368421],"faces":{"east":{"uv":[8.5625,7.375,8.125,7.6875],"tintindex":0,"rotation":0,"texture":"#0"},"south":{"uv":[8.125,4.75,8.5625,5.0625],"tintindex":0,"rotation":0,"texture":"#0"},"north":{"uv":[8.5625,4.75,8.125,5.0625],"tintindex":0,"rotation":0,"texture":"#0"},"west":{"uv":[8.125,7.375,8.5625,7.6875],"tintindex":0,"rotation":0,"texture":"#0"},"up":{"uv":[2.0625,8.1875,2.5,7.75],"tintindex":0,"rotation":0,"texture":"#0"},"down":{"uv":[2.5625,7.75,3.0,8.1875],"tintindex":0,"rotation":0,"texture":"#0"}}},{"from":[8.030375,-1.3814144,9.368421],"to":[11.030375,0.6185875,11.368421],"faces":{"east":{"uv":[5.125,9.5,5.25,9.625],"tintindex":0,"rotation":270,"texture":"#0"},"south":{"uv":[9.5,4.3125,9.375,4.5],"tintindex":0,"rotation":270,"texture":"#0"},"north":{"uv":[9.5,1.375,9.375,1.5625],"tintindex":0,"rotation":90,"texture":"#0"},"west":{"uv":[4.9375,9.625,5.0625,9.5],"tintindex":0,"rotation":270,"texture":"#0"},"up":{"uv":[9.5,5.3125,9.375,5.5],"tintindex":0,"rotation":270,"texture":"#0"},"down":{"uv":[9.5,3.25,9.375,3.4375],"tintindex":0,"rotation":270,"texture":"#0"}}},{"from":[9.030375,0.6185875,6.8684206],"to":[11.030375,3.6185875,8.868421],"faces":{"east":{"uv":[1.25,9.3125,1.125,9.5],"tintindex":0,"rotation":0,"texture":"#0"},"south":{"uv":[9.375,8.1875,9.25,8.375],"tintindex":0,"rotation":0,"texture":"#0"},"north":{"uv":[4.5,6.625,4.375,6.8125],"tintindex":0,"rotation":0,"texture":"#0"},"west":{"uv":[7.0,8.3125,6.875,8.5],"tintindex":0,"rotation":0,"texture":"#0"},"up":{"uv":[6.6875,3.5625,6.8125,3.4375],"tintindex":0,"rotation":0,"texture":"#0"},"down":{"uv":[6.8125,1.875,6.9375,2.0],"tintindex":0,"rotation":0,"texture":"#0"}}},{"from":[9.030375,0.6185875,9.368421],"to":[11.030375,3.6185875,11.368421],"faces":{"east":{"uv":[1.25,9.3125,1.125,9.5],"tintindex":0,"rotation":0,"texture":"#0"},"south":{"uv":[9.375,8.1875,9.25,8.375],"tintindex":0,"rotation":0,"texture":"#0"},"north":{"uv":[4.5,6.625,4.375,6.8125],"tintindex":0,"rotation":0,"texture":"#0"},"west":{"uv":[7.0,8.3125,6.875,8.5],"tintindex":0,"rotation":0,"texture":"#0"},"up":{"uv":[6.6875,3.5625,6.8125,3.4375],"tintindex":0,"rotation":0,"texture":"#0"},"down":{"uv":[6.8125,1.875,6.9375,2.0],"tintindex":0,"rotation":0,"texture":"#0"}}},{"from":[8.030375,-1.3814144,4.3684206],"to":[11.030375,0.6185875,6.3684206],"faces":{"east":{"uv":[5.125,9.5,5.25,9.625],"tintindex":0,"rotation":270,"texture":"#0"},"south":{"uv":[9.5,4.3125,9.375,4.5],"tintindex":0,"rotation":270,"texture":"#0"},"north":{"uv":[9.5,1.375,9.375,1.5625],"tintindex":0,"rotation":90,"texture":"#0"},"west":{"uv":[4.9375,9.625,5.0625,9.5],"tintindex":0,"rotation":270,"texture":"#0"},"up":{"uv":[9.5,5.3125,9.375,5.5],"tintindex":0,"rotation":270,"texture":"#0"},"down":{"uv":[9.5,3.25,9.375,3.4375],"tintindex":0,"rotation":270,"texture":"#0"}}},{"from":[4.7000694,-1.2482033,4.3684206],"to":[6.7000694,1.7517967,6.3684206],"faces":{"east":{"uv":[9.5,8.6875,9.375,8.875],"tintindex":0,"rotation":0,"texture":"#0"},"south":{"uv":[9.5,8.4375,9.375,8.625],"tintindex":0,"rotation":0,"texture":"#0"},"north":{"uv":[9.5,6.125,9.375,6.3125],"tintindex":0,"rotation":0,"texture":"#0"},"west":{"uv":[7.8125,9.375,7.6875,9.5625],"tintindex":0,"rotation":0,"texture":"#0"},"up":{"uv":[5.3125,9.625,5.4375,9.5],"tintindex":0,"rotation":0,"texture":"#0"},"down":{"uv":[5.5,9.5,5.625,9.625],"tintindex":0,"rotation":0,"texture":"#0"}},"rotation":{"origin":[4.7000694,0.0017967224,4.8684206],"angle":22.5,"axis":"z"}},{"from":[9.030375,0.6185875,4.3684206],"to":[11.030375,3.6185875,6.3684206],"faces":{"east":{"uv":[1.25,9.3125,1.125,9.5],"tintindex":0,"rotation":0,"texture":"#0"},"south":{"uv":[9.375,8.1875,9.25,8.375],"tintindex":0,"rotation":0,"texture":"#0"},"north":{"uv":[4.5,6.625,4.375,6.8125],"tintindex":0,"rotation":0,"texture":"#0"},"west":{"uv":[7.0,8.3125,6.875,8.5],"tintindex":0,"rotation":0,"texture":"#0"},"up":{"uv":[6.6875,3.5625,6.8125,3.4375],"tintindex":0,"rotation":0,"texture":"#0"},"down":{"uv":[6.8125,1.875,6.9375,2.0],"tintindex":0,"rotation":0,"texture":"#0"}}},{"from":[8.030375,-1.3814144,6.8684206],"to":[11.030375,0.6185875,8.868421],"faces":{"east":{"uv":[5.125,9.5,5.25,9.625],"tintindex":0,"rotation":270,"texture":"#0"},"south":{"uv":[9.5,4.3125,9.375,4.5],"tintindex":0,"rotation":270,"texture":"#0"},"north":{"uv":[9.5,1.375,9.375,1.5625],"tintindex":0,"rotation":90,"texture":"#0"},"west":{"uv":[4.9375,9.625,5.0625,9.5],"tintindex":0,"rotation":270,"texture":"#0"},"up":{"uv":[9.5,5.3125,9.375,5.5],"tintindex":0,"rotation":270,"texture":"#0"},"down":{"uv":[9.5,3.25,9.375,3.4375],"tintindex":0,"rotation":270,"texture":"#0"}}}],"display":{"gui":{"rotation":[30,225,0]}}}