{"textures":{"0":"modelengine:entity/spirit_guardian"},"elements":[{"from":[0.5,7.2844048,3.624837],"to":[15.5,17.284405,11.624837],"faces":{"east":{"uv":[6.5625,2.0625,7.0625,2.6875],"tintindex":0,"rotation":0,"texture":"#0"},"south":{"uv":[0.0,4.6875,0.9375,5.3125],"tintindex":0,"rotation":0,"texture":"#0"},"north":{"uv":[3.0,4.5625,3.9375,5.1875],"tintindex":0,"rotation":0,"texture":"#0"},"west":{"uv":[3.25,6.625,3.75,7.25],"tintindex":0,"rotation":0,"texture":"#0"},"up":{"uv":[4.9375,5.1875,4.0,4.6875],"tintindex":0,"rotation":0,"texture":"#0"},"down":{"uv":[5.9375,4.6875,5.0,5.1875],"tintindex":0,"rotation":0,"texture":"#0"}}}],"display":{"gui":{"rotation":[30,225,0]}}}