{"textures":{"0":"modelengine:entity/spirit_guardian"},"elements":[{"from":[2.5,6.340458,2.6749506],"to":[13.5,16.340458,9.674952],"faces":{"east":{"uv":[7.125,0.0,7.5625,0.625],"tintindex":0,"rotation":0,"texture":"#0"},"south":{"uv":[3.8125,5.25,4.5,5.875],"tintindex":0,"rotation":0,"texture":"#0"},"north":{"uv":[5.25,2.9375,5.9375,3.5625],"tintindex":0,"rotation":0,"texture":"#0"},"west":{"uv":[7.125,1.875,7.5625,2.5],"tintindex":0,"rotation":0,"texture":"#0"},"up":{"uv":[7.5,5.0625,6.8125,4.625],"tintindex":0,"rotation":0,"texture":"#0"},"down":{"uv":[7.5,5.125,6.8125,5.5625],"tintindex":0,"rotation":0,"texture":"#0"}},"rotation":{"origin":[8.0,11.340458,6.1749506],"angle":-22.5,"axis":"x"}}],"display":{"gui":{"rotation":[30,225,0]}}}