{
	"credit": "Made with Blockbench",
	"texture_size": [64, 64],
	"textures": {
		"0": "./main",
		"particle": "./main"
	},
	"elements": [
		{
			"from": [3.68, 0, 3.68],
			"to": [12.32, 8.64, 19.52],
			"rotation": {"angle": 0, "axis": "y", "origin": [6.56, 0, 6.56]},
			"faces": {
				"north": {"uv": [0, 3, 1.5, 4.5], "texture": "#0"},
				"east": {"uv": [2.75, 1.5, 0, 3], "texture": "#0"},
				"south": {"uv": [4.25, 0, 5.75, 1.5], "texture": "#0"},
				"west": {"uv": [0, 1.5, 2.75, 3], "texture": "#0"},
				"up": {"uv": [4.25, 2.75, 2.75, 0], "texture": "#0"},
				"down": {"uv": [4.25, 2.75, 2.75, 5.5], "texture": "#0"}
			}
		},
		{
			"from": [3.68, -2.88, 10.88],
			"to": [12.32, 0, 16.64],
			"rotation": {"angle": 0, "axis": "y", "origin": [6.56, -8.64, 13.76]},
			"faces": {
				"north": {"uv": [5.75, 4.5, 7.25, 5], "texture": "#0"},
				"east": {"uv": [6.75, 2.25, 7.75, 2.75], "texture": "#0"},
				"south": {"uv": [6.25, 5, 7.75, 5.5], "texture": "#0"},
				"west": {"uv": [6.75, 2.75, 7.75, 3.25], "texture": "#0"},
				"up": {"uv": [5.75, 5, 4.25, 4], "texture": "#0"},
				"down": {"uv": [1.5, 4.5, 0, 5.5], "texture": "#0"}
			}
		},
		{
			"from": [4.2416, -3.5712, 7.4672],
			"to": [11.7584, -1.2528, 13.2272],
			"rotation": {"angle": -22.5, "axis": "x", "origin": [6.7472, -7.3296, 10.5056]},
			"faces": {
				"north": {"uv": [6.25, 5.5, 7.5, 6], "texture": "#0"},
				"east": {"uv": [6.75, 3.75, 7.75, 4.25], "texture": "#0"},
				"south": {"uv": [6.25, 6, 7.5, 6.5], "texture": "#0"},
				"west": {"uv": [6.75, 3.75, 7.5, 4.25], "texture": "#0"},
				"up": {"uv": [2.75, 4, 1.5, 3], "texture": "#0"},
				"down": {"uv": [2.75, 4, 1.5, 5], "texture": "#0"}
			}
		},
		{
			"from": [4.27918, -3.53549, 7.71488],
			"to": [6.01842, 0.18533, 14.60053],
			"rotation": {"angle": -22.5, "axis": "x", "origin": [6.75973, -7.2563, 10.48054]},
			"faces": {
				"north": {"uv": [1.25, 5.5, 1.5, 6.25], "texture": "#0"},
				"east": {"uv": [3.5, 5.75, 2.5, 6.25], "texture": "#0"},
				"south": {"uv": [3.5, 6.25, 3.75, 7], "texture": "#0"},
				"west": {"uv": [2.5, 5.5, 3.5, 6.25], "texture": "#0"},
				"up": {"uv": [1, 8.25, 0.75, 7.25], "texture": "#0"},
				"down": {"uv": [6.75, 7.25, 6.5, 8.5], "texture": "#0"}
			}
		},
		{
			"from": [9.98158, -3.53549, 7.71488],
			"to": [11.72082, 0.18533, 14.60053],
			"rotation": {"angle": -22.5, "axis": "x", "origin": [9.24027, -7.2563, 10.48054]},
			"faces": {
				"north": {"uv": [1.5, 5.5, 1.25, 6.25], "texture": "#0"},
				"east": {"uv": [3.5, 5.5, 2.5, 6.25], "texture": "#0"},
				"south": {"uv": [3.75, 6.25, 3.5, 7], "texture": "#0"},
				"west": {"uv": [2.5, 5.75, 3.5, 6.25], "texture": "#0"},
				"up": {"uv": [0.75, 8.25, 1, 7.25], "texture": "#0"},
				"down": {"uv": [6.5, 7.25, 6.75, 8.5], "texture": "#0"}
			}
		},
		{
			"from": [4.27918, -3.53549, 7.71488],
			"to": [6.01842, 0.18533, 14.60053],
			"rotation": {"angle": -22.5, "axis": "x", "origin": [6.75973, -7.2563, 10.48054]},
			"faces": {
				"north": {"uv": [1.25, 5.5, 1.5, 6.25], "texture": "#0"},
				"east": {"uv": [3.5, 5.75, 2.5, 6.25], "texture": "#0"},
				"south": {"uv": [3.5, 6.25, 3.75, 7], "texture": "#0"},
				"west": {"uv": [2.5, 5.5, 3.5, 6.25], "texture": "#0"},
				"up": {"uv": [1, 8.25, 0.75, 7.25], "texture": "#0"},
				"down": {"uv": [6.75, 7.25, 6.5, 8.5], "texture": "#0"}
			}
		},
		{
			"from": [4.27918, -2.09549, 7.71488],
			"to": [4.27918, 1.62533, 14.60053],
			"rotation": {"angle": -22.5, "axis": "x", "origin": [6.75973, -5.8163, 10.48054]},
			"faces": {
				"north": {"uv": [1.25, 5.5, 1.5, 6.25], "texture": "#0"},
				"east": {"uv": [3.5, 5.75, 2.5, 6.25], "texture": "#0"},
				"south": {"uv": [3.5, 6.25, 3.75, 7], "texture": "#0"},
				"west": {"uv": [10.25, 7.5, 11.25, 8], "texture": "#0"},
				"up": {"uv": [1, 8.25, 0.75, 7.25], "texture": "#0"},
				"down": {"uv": [6.75, 7.25, 6.5, 8.5], "texture": "#0"}
			}
		},
		{
			"from": [5.6816, -2.1312, 7.712],
			"to": [10.3184, 0.1872, 8.9072],
			"rotation": {"angle": -22.5, "axis": "x", "origin": [11.0672, -7.3296, 10.5056]},
			"faces": {
				"north": {"uv": [6.25, 6.5, 7, 7.25], "texture": "#0"},
				"east": {"uv": [7.75, 2.75, 8, 3.5], "texture": "#0"},
				"south": {"uv": [6.75, 1.5, 7.5, 2.25], "texture": "#0"},
				"west": {"uv": [3, 7.75, 3.25, 8.5], "texture": "#0"},
				"up": {"uv": [8.25, 6.5, 7.5, 6.25], "texture": "#0"},
				"down": {"uv": [8.5, 3.5, 7.75, 3.75], "texture": "#0"}
			}
		},
		{
			"from": [5.12, 1.44, 19.52],
			"to": [10.88, 7.2, 20.96],
			"rotation": {"angle": 0, "axis": "y", "origin": [6.56, 0, 8]},
			"faces": {
				"north": {"uv": [4.25, 5, 5.25, 6], "texture": "#0"},
				"east": {"uv": [7.5, 0.5, 7.75, 1.5], "texture": "#0"},
				"south": {"uv": [5.25, 5, 6.25, 6], "texture": "#0"},
				"west": {"uv": [3.5, 7.5, 3.75, 8.5], "texture": "#0"},
				"up": {"uv": [8.25, 5, 7.25, 4.75], "texture": "#0"},
				"down": {"uv": [8.5, 1.5, 7.5, 1.75], "texture": "#0"}
			}
		},
		{
			"from": [5.12, -1.44, 23.84],
			"to": [10.88, 0, 25.28],
			"rotation": {"angle": -45, "axis": "x", "origin": [6.56, -2.88, 12.32]},
			"faces": {
				"north": {"uv": [7.5, 1.75, 8.5, 2], "texture": "#0"},
				"east": {"uv": [2.5, 5, 2.75, 5.25], "texture": "#0"},
				"south": {"uv": [7.5, 2, 8.5, 2.25], "texture": "#0"},
				"west": {"uv": [2.5, 5.25, 2.75, 5.5], "texture": "#0"},
				"up": {"uv": [4.75, 7.75, 3.75, 7.5], "texture": "#0"},
				"down": {"uv": [8.5, 5.5, 7.5, 5.75], "texture": "#0"}
			}
		},
		{
			"from": [3.6368, 2.88, 12.32],
			"to": [3.6368, 8.64, 19.52],
			"rotation": {"angle": 0, "axis": "y", "origin": [-2.08, 0, 5.12]},
			"faces": {
				"north": {"uv": [0, 0, 0, 0.75], "texture": "#0"},
				"east": {"uv": [5.75, 1.5, 6.75, 2.25], "texture": "#0"},
				"south": {"uv": [0, 0, 0, 0.75], "texture": "#0"},
				"west": {"uv": [4.75, 2.25, 6.75, 3.75], "texture": "#0"},
				"up": {"uv": [0, 1, 0, 0], "texture": "#0"},
				"down": {"uv": [0, 0, 0, 1], "texture": "#0"}
			}
		},
		{
			"from": [12.3632, 2.88, 12.32],
			"to": [12.3632, 8.64, 19.52],
			"rotation": {"angle": 0, "axis": "y", "origin": [18.08, 0, 5.12]},
			"faces": {
				"north": {"uv": [0, 0, 0, 0.75], "texture": "#0"},
				"east": {"uv": [6.75, 2.25, 4.75, 3.75], "texture": "#0"},
				"south": {"uv": [0, 0, 0, 0.75], "texture": "#0"},
				"west": {"uv": [6.75, 1.5, 5.75, 2.25], "texture": "#0"},
				"up": {"uv": [0, 1, 0, 0], "texture": "#0"},
				"down": {"uv": [0, 0, 0, 1], "texture": "#0"}
			}
		},
		{
			"from": [3.68, 15.84, 15.2],
			"to": [5.84, 24.48, 18.08],
			"rotation": {"angle": 45, "axis": "x", "origin": [-2.08, 11.52, 5.12]},
			"faces": {
				"north": {"uv": [3.75, 5.5, 4.25, 7], "texture": "#0"},
				"east": {"uv": [5.75, 3.75, 6.25, 4.5], "texture": "#0"},
				"south": {"uv": [4.25, 6, 4.75, 7.5], "texture": "#0"},
				"west": {"uv": [4.75, 6, 5.25, 7.5], "texture": "#0"},
				"up": {"uv": [8, 0.5, 7.5, 0], "texture": "#0"},
				"down": {"uv": [0.75, 7.5, 0.25, 8], "texture": "#0"}
			}
		},
		{
			"from": [9.44, 15.84, 15.2],
			"to": [11.6, 24.48, 18.08],
			"rotation": {"angle": 45, "axis": "x", "origin": [3.68, 11.52, 5.12]},
			"faces": {
				"north": {"uv": [3.75, 5.5, 4.25, 7], "texture": "#0"},
				"east": {"uv": [5.75, 4, 6.25, 4.75], "texture": "#0"},
				"south": {"uv": [4.25, 6, 4.75, 7.5], "texture": "#0"},
				"west": {"uv": [4.75, 6, 5.25, 7.5], "texture": "#0"},
				"up": {"uv": [8, 0.5, 7.5, 0], "texture": "#0"},
				"down": {"uv": [0.75, 7.5, 0.25, 8], "texture": "#0"}
			}
		},
		{
			"from": [3.6656, 4.32, 15.2],
			"to": [3.6656, 7.2, 18.08],
			"rotation": {"angle": 0, "axis": "y", "origin": [-2.08, -1.44, 5.12]},
			"faces": {
				"north": {"uv": [0, 0, 0, 0.75], "texture": "#0"},
				"east": {"uv": [5.25, 6, 6.25, 6.75], "texture": "#0"},
				"south": {"uv": [0, 0, 0, 0.75], "texture": "#0"},
				"west": {"uv": [0, 6.25, 0.75, 7], "texture": "#0"},
				"up": {"uv": [0, 1, 0, 0], "texture": "#0"},
				"down": {"uv": [0, 0, 0, 1], "texture": "#0"}
			}
		},
		{
			"from": [12.3344, 4.32, 15.2],
			"to": [12.3344, 7.2, 18.08],
			"rotation": {"angle": 0, "axis": "y", "origin": [18.08, -1.44, 5.12]},
			"faces": {
				"north": {"uv": [0, 0, 0, 0.75], "texture": "#0"},
				"east": {"uv": [0.75, 6.25, 0, 7], "texture": "#0"},
				"south": {"uv": [0, 0, 0, 0.75], "texture": "#0"},
				"west": {"uv": [6.25, 6, 5.25, 6.75], "texture": "#0"},
				"up": {"uv": [0, 1, 0, 0], "texture": "#0"},
				"down": {"uv": [0, 0, 0, 1], "texture": "#0"}
			}
		},
		{
			"from": [2.96, 6.48, 4.4],
			"to": [5.84, 9.36, 8.72],
			"rotation": {"angle": 0, "axis": "y", "origin": [-3.52, 1.44, -2.08]},
			"faces": {
				"north": {"uv": [7.5, 7, 8, 7.5], "texture": "#0"},
				"east": {"uv": [5.25, 6.75, 6, 7.25], "texture": "#0"},
				"south": {"uv": [7.5, 7.5, 8, 8], "texture": "#0"},
				"west": {"uv": [0, 7, 0.75, 7.5], "texture": "#0"},
				"up": {"uv": [7.5, 0.75, 7, 0], "texture": "#0"},
				"down": {"uv": [7.5, 0.75, 7, 1.5], "texture": "#0"}
			}
		},
		{
			"from": [10.16, 6.48, 4.4],
			"to": [13.04, 9.36, 8.72],
			"rotation": {"angle": 0, "axis": "y", "origin": [19.52, 1.44, -2.08]},
			"faces": {
				"north": {"uv": [8, 7, 7.5, 7.5], "texture": "#0"},
				"east": {"uv": [0.75, 7, 0, 7.5], "texture": "#0"},
				"south": {"uv": [8, 7.5, 7.5, 8], "texture": "#0"},
				"west": {"uv": [6, 6.75, 5.25, 7.25], "texture": "#0"},
				"up": {"uv": [7, 0.75, 7.5, 0], "texture": "#0"},
				"down": {"uv": [7, 0.75, 7.5, 1.5], "texture": "#0"}
			}
		},
		{
			"from": [10.232, 2.304, 4.4],
			"to": [13.112, 5.184, 8.72],
			"rotation": {"angle": 45, "axis": "z", "origin": [5.12, -2.88, -2.08]},
			"faces": {
				"north": {"uv": [7.75, 1, 8.25, 1.5], "texture": "#0"},
				"east": {"uv": [7.25, 4.25, 8, 4.75], "texture": "#0"},
				"south": {"uv": [7.75, 2.25, 8.25, 2.75], "texture": "#0"},
				"west": {"uv": [5.25, 7.25, 6, 7.75], "texture": "#0"},
				"up": {"uv": [2.5, 8, 2, 7.25], "texture": "#0"},
				"down": {"uv": [6.5, 7.25, 6, 8], "texture": "#0"}
			}
		},
		{
			"from": [2.888, 2.304, 4.4],
			"to": [5.768, 5.184, 8.72],
			"rotation": {"angle": -45, "axis": "z", "origin": [10.88, -2.88, -2.08]},
			"faces": {
				"north": {"uv": [8.25, 1, 7.75, 1.5], "texture": "#0"},
				"east": {"uv": [6, 7.25, 5.25, 7.75], "texture": "#0"},
				"south": {"uv": [8.25, 2.25, 7.75, 2.75], "texture": "#0"},
				"west": {"uv": [8, 4.25, 7.25, 4.75], "texture": "#0"},
				"up": {"uv": [2, 8, 2.5, 7.25], "texture": "#0"},
				"down": {"uv": [6, 7.25, 6.5, 8], "texture": "#0"}
			}
		},
		{
			"from": [8, 7.2, 12.32],
			"to": [8, 14.4, 19.52],
			"rotation": {"angle": 0, "axis": "y", "origin": [2.24, 2.88, 5.12]},
			"faces": {
				"north": {"uv": [0, 0, 0, 1.25], "texture": "#0"},
				"east": {"uv": [12.25, 2, 10.75, 3.25], "texture": "#0"},
				"south": {"uv": [0, 0, 0, 1.25], "texture": "#0"},
				"west": {"uv": [10.75, 2, 12.25, 3.5], "texture": "#0"},
				"up": {"uv": [0, 1.5, 0, 0], "texture": "#0"},
				"down": {"uv": [0, 0, 0, 1.5], "texture": "#0"}
			}
		},
		{
			"from": [8, 7.2, 19.52],
			"to": [8, 14.4, 25.28],
			"rotation": {"angle": 0, "axis": "y", "origin": [2.24, 2.88, 13.76]},
			"faces": {
				"north": {"uv": [0, 0, 0, 1.25], "texture": "#0"},
				"east": {"uv": [12.25, 3.5, 10.75, 5], "texture": "#0"},
				"south": {"uv": [0, 0, 0, 1.25], "texture": "#0"},
				"west": {"uv": [10.75, 3.5, 12.25, 5], "texture": "#0"},
				"up": {"uv": [0, 1.5, 0, 0], "texture": "#0"},
				"down": {"uv": [0, 0, 0, 1.5], "texture": "#0"}
			}
		},
		{
			"from": [8, 0, 19.52],
			"to": [8, 7.2, 25.28],
			"rotation": {"angle": 0, "axis": "y", "origin": [2.24, -4.32, 13.76]},
			"faces": {
				"north": {"uv": [0, 0, 0, 1.25], "texture": "#0"},
				"east": {"uv": [12.25, 5, 11, 6.75], "texture": "#0"},
				"south": {"uv": [0, 0, 0, 1.25], "texture": "#0"},
				"west": {"uv": [11, 5, 12.25, 6.75], "texture": "#0"},
				"up": {"uv": [0, 1.5, 0, 0], "texture": "#0"},
				"down": {"uv": [0, 0, 0, 1.5], "texture": "#0"}
			}
		}
	],
	"display": {
		"thirdperson_righthand": {
			"translation": [0, 4.5, 0]
		},
		"thirdperson_lefthand": {
			"translation": [0, 4.5, 0]
		},
		"firstperson_righthand": {
			"translation": [0, 9.5, 0]
		},
		"firstperson_lefthand": {
			"translation": [0, 9.5, 0]
		},
		"gui": {
			"rotation": [-151.03, 41.09, 178.32],
			"translation": [-2, 0, 0],
			"scale": [0.6, 0.6, 0.6]
		},
		"head": {
			"translation": [0, 7, -8.5],
			"scale": [1.71, 1.46586, 1.63117]
		}
	}
}