{"textures":{"15":"modelengine:entity/denyojajan","16":"modelengine:entity/animasi2","17":"modelengine:entity/anjareliteglobal","18":"modelengine:entity/manapjajan","19":"modelengine:entity/denyooo","20":"modelengine:entity/agang","21":"modelengine:entity/3"},"elements":[{"from":[5.8329115,8.864241,-8.5473175],"to":[6.000224,9.043504,-8.3083],"faces":{"east":{"uv":[7.5625,9.25,7.25,9.46875],"tintindex":0,"rotation":0,"texture":"#18"},"south":{"uv":[8.21875,3.0,8.0,3.21875],"tintindex":0,"rotation":0,"texture":"#18"},"north":{"uv":[7.71875,6.25,7.5,6.46875],"tintindex":0,"rotation":0,"texture":"#18"},"west":{"uv":[9.5625,7.25,9.25,7.46875],"tintindex":0,"rotation":0,"texture":"#18"},"up":{"uv":[9.25,7.71875,9.5625,7.5],"tintindex":0,"rotation":90,"texture":"#18"},"down":{"uv":[7.75,9.25,8.0625,9.46875],"tintindex":0,"rotation":270,"texture":"#18"}},"rotation":{"origin":[5.9135656,10.323275,-9.54657],"angle":22.5,"axis":"x"}},{"from":[5.881704,7.8040433,-10.254639],"to":[5.881704,11.534476,-8.8222885],"faces":{"east":{"uv":[13.3724,0.0,10.75,3.9375],"tintindex":0,"rotation":0,"texture":"#21"},"west":{"uv":[2.6125,3.0625,3.6474,6.2375],"tintindex":0,"rotation":0,"texture":"#21"}}},{"from":[5.9467263,13.386525,-10.524679],"to":[5.9467263,14.266674,-8.554419],"faces":{"east":{"uv":[0.0,0.0,1.75,0.5625],"tintindex":0,"rotation":0,"texture":"#18"},"west":{"uv":[0.0,1.0,1.75,1.625],"tintindex":0,"rotation":0,"texture":"#18"}}},{"from":[5.747821,8.209885,-8.971067],"to":[6.0746207,8.448449,-8.816002],"faces":{"east":{"uv":[8.78125,8.75,8.625,9.0],"tintindex":0,"rotation":0,"texture":"#15"},"south":{"uv":[9.0,7.25,8.875,7.5],"tintindex":0,"rotation":0,"texture":"#15"},"north":{"uv":[9.0,7.0,8.875,7.25],"tintindex":0,"rotation":0,"texture":"#15"},"west":{"uv":[8.625,8.75,8.78125,9.0],"tintindex":0,"rotation":0,"texture":"#15"},"up":{"uv":[9.125,8.125,9.28125,8.0],"tintindex":0,"rotation":90,"texture":"#15"},"down":{"uv":[8.125,9.125,8.28125,9.25],"tintindex":0,"rotation":270,"texture":"#15"}},"rotation":{"origin":[5.773731,8.209885,-8.816002],"angle":-22.5,"axis":"x"}},{"from":[5.740449,7.9749136,-10.021254],"to":[6.0844493,8.226034,-9.958473],"faces":{"east":{"uv":[2.0,8.75,2.1875,9.0],"tintindex":0,"rotation":0,"texture":"#15"},"south":{"uv":[8.375,7.25,8.625,7.5],"tintindex":0,"rotation":0,"texture":"#15"},"north":{"uv":[8.375,7.5,8.625,7.75],"tintindex":0,"rotation":0,"texture":"#15"},"west":{"uv":[2.25,8.75,2.4375,9.0],"tintindex":0,"rotation":0,"texture":"#15"},"up":{"uv":[8.9375,2.5,8.75,2.25],"tintindex":0,"rotation":90,"texture":"#15"},"down":{"uv":[2.6875,8.75,2.5,9.0],"tintindex":0,"rotation":270,"texture":"#15"}}},{"from":[5.74971,7.8053274,-9.091452],"to":[6.058786,8.185626,-8.635008],"faces":{"east":{"uv":[6.34375,0.5,5.75,1.0],"tintindex":0,"rotation":0,"texture":"#18"},"south":{"uv":[5.15625,6.75,4.75,7.25],"tintindex":0,"rotation":0,"texture":"#18"},"north":{"uv":[7.15625,2.0,6.75,2.5],"tintindex":0,"rotation":0,"texture":"#18"},"west":{"uv":[6.34375,1.0,5.75,1.5],"tintindex":0,"rotation":0,"texture":"#18"},"up":{"uv":[0.0,6.90625,0.59375,6.5],"tintindex":0,"rotation":90,"texture":"#18"},"down":{"uv":[6.5,0.5,7.09375,0.90625],"tintindex":0,"rotation":270,"texture":"#18"}}},{"from":[5.8450317,9.523316,-8.133635],"to":[5.988441,9.7192745,-7.894618],"faces":{"east":{"uv":[9.3125,1.75,9.0,2.0],"tintindex":0,"rotation":0,"texture":"#18"},"south":{"uv":[9.9375,1.5,9.75,1.75],"tintindex":0,"rotation":0,"texture":"#18"},"north":{"uv":[9.9375,1.25,9.75,1.5],"tintindex":0,"rotation":0,"texture":"#18"},"west":{"uv":[5.0625,9.0,4.75,9.25],"tintindex":0,"rotation":0,"texture":"#18"},"up":{"uv":[9.5,6.1875,9.8125,6.0],"tintindex":0,"rotation":90,"texture":"#18"},"down":{"uv":[6.25,9.5,6.5625,9.6875],"tintindex":0,"rotation":270,"texture":"#18"}},"rotation":{"origin":[5.9135656,10.323275,-9.54657],"angle":45.0,"axis":"x"}},{"from":[5.8017488,12.358355,-10.713003],"to":[6.001625,12.711077,-10.321089],"faces":{"east":{"uv":[6.5,5.25,7.0,5.6875],"tintindex":0,"rotation":0,"texture":"#18"},"south":{"uv":[7.75,7.75,8.0625,8.1875],"tintindex":0,"rotation":0,"texture":"#18"},"north":{"uv":[7.75,7.25,8.0625,7.6875],"tintindex":0,"rotation":0,"texture":"#18"},"west":{"uv":[6.5,1.0,7.0,1.4375],"tintindex":0,"rotation":0,"texture":"#18"},"up":{"uv":[3.75,7.8125,3.25,7.5],"tintindex":0,"rotation":90,"texture":"#18"},"down":{"uv":[8.0,3.75,7.5,4.0625],"tintindex":0,"rotation":270,"texture":"#18"}},"rotation":{"origin":[6.0584526,11.758019,-9.762108],"angle":-22.5,"axis":"x"}},{"from":[5.907531,8.084056,-11.460218],"to":[5.907531,14.256706,-7.5064573],"faces":{"east":{"uv":[5.47693,0.0,8.631405,8.31335],"tintindex":0,"rotation":0,"texture":"#16"},"west":{"uv":[8.65186,0.0,5.509705,8.36023],"tintindex":0,"rotation":0,"texture":"#16"}}},{"from":[5.6028037,7.3609824,-9.941654],"to":[6.2159514,7.4245386,-9.174437],"faces":{"east":{"uv":[1.5,8.75,2.46875,8.84375],"tintindex":0,"rotation":0,"texture":"#18"},"south":{"uv":[9.25,4.25,10.03125,4.34375],"tintindex":0,"rotation":0,"texture":"#18"},"north":{"uv":[9.25,4.5,10.03125,4.59375],"tintindex":0,"rotation":0,"texture":"#18"},"west":{"uv":[8.75,2.0,9.71875,2.09375],"tintindex":0,"rotation":0,"texture":"#18"},"up":{"uv":[3.96875,0.78125,3.0,0.0],"tintindex":0,"rotation":90,"texture":"#18"},"down":{"uv":[3.96875,1.0,3.0,1.78125],"tintindex":0,"rotation":270,"texture":"#18"}}},{"from":[5.7537174,8.145362,-10.404463],"to":[6.0667577,8.3053255,-10.233072],"faces":{"east":{"uv":[8.875,5.5,9.0625,5.6875],"tintindex":0,"rotation":0,"texture":"#15"},"south":{"uv":[9.0,9.125,9.0625,9.3125],"tintindex":0,"rotation":0,"texture":"#15"},"north":{"uv":[9.125,9.125,9.1875,9.3125],"tintindex":0,"rotation":0,"texture":"#15"},"west":{"uv":[9.0625,5.5,8.875,5.6875],"tintindex":0,"rotation":0,"texture":"#15"},"up":{"uv":[9.4375,0.0625,9.25,0.0],"tintindex":0,"rotation":90,"texture":"#15"},"down":{"uv":[9.4375,0.125,9.25,0.1875],"tintindex":0,"rotation":270,"texture":"#15"}},"rotation":{"origin":[5.7785373,8.3281765,-10.233072],"angle":22.5,"axis":"x"}},{"from":[5.940491,7.8040433,-10.303127],"to":[5.940491,11.534476,-8.870775],"faces":{"east":{"uv":[2.6125,3.0625,3.6474,6.2375],"tintindex":0,"rotation":0,"texture":"#21"},"west":{"uv":[13.3724,0.0,10.75,3.9375],"tintindex":0,"rotation":0,"texture":"#21"}}},{"from":[5.892663,8.914525,-11.774136],"to":[5.940467,9.279748,-11.5948715],"faces":{"east":{"uv":[10.0,1.25,10.21875,1.40625],"tintindex":0,"rotation":0,"texture":"#18"},"south":{"uv":[10.25,2.25,10.3125,2.40625],"tintindex":0,"rotation":0,"texture":"#18"},"north":{"uv":[2.5,10.25,2.5625,10.40625],"tintindex":0,"rotation":0,"texture":"#18"},"west":{"uv":[1.5,10.0,1.71875,10.15625],"tintindex":0,"rotation":0,"texture":"#18"},"up":{"uv":[10.46875,0.8125,10.25,0.75],"tintindex":0,"rotation":90,"texture":"#18"},"down":{"uv":[10.46875,1.0,10.25,1.0625],"tintindex":0,"rotation":270,"texture":"#18"}},"rotation":{"origin":[5.901614,10.521689,-10.790623],"angle":-45.0,"axis":"x"}},{"from":[5.7978296,13.189419,-10.200848],"to":[6.005544,13.612685,-9.848125],"faces":{"east":{"uv":[6.5,4.5,6.9375,5.03125],"tintindex":0,"rotation":0,"texture":"#18"},"south":{"uv":[2.0,7.0,2.375,7.53125],"tintindex":0,"rotation":0,"texture":"#18"},"north":{"uv":[1.5,7.0,1.875,7.53125],"tintindex":0,"rotation":0,"texture":"#18"},"west":{"uv":[3.75,6.5,4.1875,7.03125],"tintindex":0,"rotation":0,"texture":"#18"},"up":{"uv":[7.9375,1.875,7.5,1.5],"tintindex":0,"rotation":90,"texture":"#18"},"down":{"uv":[2.9375,7.5,2.5,7.875],"tintindex":0,"rotation":270,"texture":"#18"}},"rotation":{"origin":[6.076089,11.745202,-9.743158],"angle":-22.5,"axis":"x"}},{"from":[5.816928,5.6126404,-9.851496],"to":[6.0052676,5.8009806,-9.725935],"faces":{"east":{"uv":[9.25,2.875,9.125,3.0625],"tintindex":0,"rotation":0,"texture":"#15"},"south":{"uv":[9.0625,5.25,8.875,5.4375],"tintindex":0,"rotation":0,"texture":"#15"},"north":{"uv":[5.4375,8.875,5.25,9.0625],"tintindex":0,"rotation":0,"texture":"#15"},"west":{"uv":[9.25,3.25,9.125,3.4375],"tintindex":0,"rotation":0,"texture":"#15"},"up":{"uv":[9.125,3.6875,9.25,3.5],"tintindex":0,"rotation":90,"texture":"#15"},"down":{"uv":[3.75,9.125,3.875,9.3125],"tintindex":0,"rotation":270,"texture":"#15"}}},{"from":[5.7855377,4.9776907,-9.776159],"to":[6.036658,5.166031,-9.437147],"faces":{"east":{"uv":[8.375,5.5,8.71875,5.6875],"tintindex":0,"rotation":0,"texture":"#15"},"south":{"uv":[1.0,8.75,1.25,8.9375],"tintindex":0,"rotation":0,"texture":"#15"},"north":{"uv":[1.25,8.75,1.5,8.9375],"tintindex":0,"rotation":0,"texture":"#15"},"west":{"uv":[8.375,6.0,8.71875,6.1875],"tintindex":0,"rotation":0,"texture":"#15"},"up":{"uv":[7.09375,8.5,6.75,8.25],"tintindex":0,"rotation":90,"texture":"#15"},"down":{"uv":[7.46875,8.25,7.125,8.5],"tintindex":0,"rotation":270,"texture":"#15"}},"rotation":{"origin":[5.9110975,5.191142,-9.562708],"angle":-45.0,"axis":"x"}},{"from":[5.854657,9.463013,-8.877623],"to":[5.9683123,9.952906,-8.681665],"faces":{"east":{"uv":[3.25,7.5,3.0,8.125],"tintindex":0,"rotation":0,"texture":"#18"},"south":{"uv":[7.65625,8.5,7.5,9.125],"tintindex":0,"rotation":0,"texture":"#18"},"north":{"uv":[7.40625,8.5,7.25,9.125],"tintindex":0,"rotation":0,"texture":"#18"},"west":{"uv":[7.75,3.0,7.5,3.625],"tintindex":0,"rotation":0,"texture":"#18"},"up":{"uv":[8.25,9.90625,8.5,9.75],"tintindex":0,"rotation":90,"texture":"#18"},"down":{"uv":[9.75,8.25,10.0,8.40625],"tintindex":0,"rotation":270,"texture":"#18"}},"rotation":{"origin":[5.854853,9.495625,-9.421547],"angle":22.5,"axis":"x"}},{"from":[5.8117228,9.984278,-10.511908],"to":[6.00768,11.160021,-10.21797],"faces":{"east":{"uv":[0.0,4.0,0.375,5.5],"tintindex":0,"rotation":0,"texture":"#18"},"south":{"uv":[4.5,1.5,4.75,3.0],"tintindex":0,"rotation":0,"texture":"#18"},"north":{"uv":[4.25,4.5,4.5,6.0],"tintindex":0,"rotation":0,"texture":"#18"},"west":{"uv":[4.0,0.0,4.375,1.5],"tintindex":0,"rotation":0,"texture":"#18"},"up":{"uv":[0.375,9.0,0.0,8.75],"tintindex":0,"rotation":90,"texture":"#18"},"down":{"uv":[0.875,8.75,0.5,9.0],"tintindex":0,"rotation":270,"texture":"#18"}}},{"from":[5.8017488,12.692194,-11.050228],"to":[6.001625,13.150734,-10.838593],"faces":{"east":{"uv":[5.75,7.25,6.03125,7.84375],"tintindex":0,"rotation":0,"texture":"#18"},"south":{"uv":[6.25,7.25,6.53125,7.84375],"tintindex":0,"rotation":0,"texture":"#18"},"north":{"uv":[5.25,7.25,5.53125,7.84375],"tintindex":0,"rotation":0,"texture":"#18"},"west":{"uv":[4.75,7.25,5.03125,7.84375],"tintindex":0,"rotation":0,"texture":"#18"},"up":{"uv":[9.28125,4.03125,9.0,3.75],"tintindex":0,"rotation":90,"texture":"#18"},"down":{"uv":[4.53125,9.0,4.25,9.28125],"tintindex":0,"rotation":270,"texture":"#18"}},"rotation":{"origin":[6.076089,11.745202,-9.743158],"angle":22.5,"axis":"x"}},{"from":[5.854657,9.463013,-10.443748],"to":[5.9683123,9.952906,-10.247791],"faces":{"east":{"uv":[3.0,7.5,3.25,8.125],"tintindex":0,"rotation":0,"texture":"#18"},"south":{"uv":[7.25,8.5,7.40625,9.125],"tintindex":0,"rotation":0,"texture":"#18"},"north":{"uv":[7.5,8.5,7.65625,9.125],"tintindex":0,"rotation":0,"texture":"#18"},"west":{"uv":[7.5,3.0,7.75,3.625],"tintindex":0,"rotation":0,"texture":"#18"},"up":{"uv":[8.5,9.90625,8.25,9.75],"tintindex":0,"rotation":90,"texture":"#18"},"down":{"uv":[10.0,8.25,9.75,8.40625],"tintindex":0,"rotation":270,"texture":"#18"}},"rotation":{"origin":[5.854853,9.495625,-9.703867],"angle":-22.5,"axis":"x"}},{"from":[5.589079,7.994702,-9.843716],"to":[6.220384,8.296168,-9.289549],"faces":{"east":{"uv":[2.75,5.75,3.46875,6.125],"tintindex":0,"rotation":0,"texture":"#18"},"south":{"uv":[5.25,4.25,6.0625,4.625],"tintindex":0,"rotation":0,"texture":"#18"},"north":{"uv":[4.5,5.25,5.3125,5.625],"tintindex":0,"rotation":0,"texture":"#18"},"west":{"uv":[5.75,3.0,6.46875,3.375],"tintindex":0,"rotation":0,"texture":"#18"},"up":{"uv":[3.96875,3.8125,3.25,3.0],"tintindex":0,"rotation":90,"texture":"#18"},"down":{"uv":[4.46875,2.0,3.75,2.8125],"tintindex":0,"rotation":270,"texture":"#18"}}},{"from":[5.8703337,8.611656,-9.009571],"to":[5.9683123,9.053328,-8.890057],"faces":{"east":{"uv":[9.90625,9.0,9.75,9.25],"tintindex":0,"rotation":0,"texture":"#18"},"south":{"uv":[10.125,5.25,10.0,5.5],"tintindex":0,"rotation":0,"texture":"#18"},"north":{"uv":[5.375,10.0,5.25,10.25],"tintindex":0,"rotation":0,"texture":"#18"},"west":{"uv":[9.90625,9.25,9.75,9.5],"tintindex":0,"rotation":0,"texture":"#18"},"up":{"uv":[8.75,10.125,8.90625,10.0],"tintindex":0,"rotation":90,"texture":"#18"},"down":{"uv":[10.0,8.75,10.15625,8.875],"tintindex":0,"rotation":270,"texture":"#18"}},"rotation":{"origin":[5.9800696,8.857369,-8.890057],"angle":45.0,"axis":"x"}},{"from":[5.8746643,8.822371,-8.855059],"to":[5.9702716,8.941878,-8.616041],"faces":{"east":{"uv":[9.8125,8.5,9.5,8.65625],"tintindex":0,"rotation":0,"texture":"#18"},"south":{"uv":[10.125,9.0,10.0,9.15625],"tintindex":0,"rotation":0,"texture":"#18"},"north":{"uv":[9.125,10.0,9.0,10.15625],"tintindex":0,"rotation":0,"texture":"#18"},"west":{"uv":[9.8125,8.75,9.5,8.90625],"tintindex":0,"rotation":0,"texture":"#18"},"up":{"uv":[9.75,9.625,10.0625,9.5],"tintindex":0,"rotation":90,"texture":"#18"},"down":{"uv":[9.75,9.75,10.0625,9.875],"tintindex":0,"rotation":270,"texture":"#18"}}},{"from":[5.756666,8.186112,-8.82843],"to":[6.062826,8.286687,-8.582716],"faces":{"east":{"uv":[9.3125,5.75,9.125,5.875],"tintindex":0,"rotation":0,"texture":"#15"},"south":{"uv":[2.1875,9.25,2.125,9.375],"tintindex":0,"rotation":0,"texture":"#15"},"north":{"uv":[2.0625,9.25,2.0,9.375],"tintindex":0,"rotation":0,"texture":"#15"},"west":{"uv":[9.125,5.75,9.3125,5.875],"tintindex":0,"rotation":0,"texture":"#15"},"up":{"uv":[0.375,9.3125,0.5625,9.25],"tintindex":0,"rotation":90,"texture":"#15"},"down":{"uv":[0.875,9.25,1.0625,9.3125],"tintindex":0,"rotation":270,"texture":"#15"}},"rotation":{"origin":[5.78094,8.320211,-8.82843],"angle":-45.0,"axis":"x"}},{"from":[5.921283,7.3419538,-8.198338],"to":[5.921283,8.013781,-7.375972],"faces":{"east":{"uv":[6.75,0.0,0.0,5.5],"tintindex":0,"rotation":0,"texture":"#19"},"west":{"uv":[0.0,0.0,6.75,5.5],"tintindex":0,"rotation":0,"texture":"#19"}},"rotation":{"origin":[6.0928135,9.960555,-10.811916],"angle":22.5,"axis":"x"}},{"from":[5.8331017,11.271834,-10.260553],"to":[5.989867,11.905229,-9.966618],"faces":{"east":{"uv":[0.0,5.5,0.375,6.3125],"tintindex":0,"rotation":0,"texture":"#18"},"south":{"uv":[4.25,7.5,4.4375,8.3125],"tintindex":0,"rotation":0,"texture":"#18"},"north":{"uv":[7.5,4.25,7.6875,5.0625],"tintindex":0,"rotation":0,"texture":"#18"},"west":{"uv":[0.5,5.5,0.875,6.3125],"tintindex":0,"rotation":0,"texture":"#18"},"up":{"uv":[9.625,4.9375,9.25,4.75],"tintindex":0,"rotation":90,"texture":"#18"},"down":{"uv":[5.375,9.25,5.0,9.4375],"tintindex":0,"rotation":270,"texture":"#18"}},"rotation":{"origin":[5.9927225,10.584108,-9.811237],"angle":-22.5,"axis":"x"}},{"from":[5.9016867,4.737382,-11.609886],"to":[5.9016867,5.4092093,-10.787519],"faces":{"east":{"uv":[0.0,5.5,6.75,0.0],"tintindex":0,"rotation":0,"texture":"#19"},"west":{"uv":[6.75,5.5,0.0,0.0],"tintindex":0,"rotation":0,"texture":"#19"}},"rotation":{"origin":[5.730156,2.7084942,-8.173941],"angle":22.5,"axis":"x"}},{"from":[5.750769,8.148305,-8.94809],"to":[6.070689,8.381846,-8.772934],"faces":{"east":{"uv":[8.9375,2.75,8.75,3.0],"tintindex":0,"rotation":0,"texture":"#15"},"south":{"uv":[9.21875,5.5,9.125,5.75],"tintindex":0,"rotation":0,"texture":"#15"},"north":{"uv":[5.59375,9.125,5.5,9.375],"tintindex":0,"rotation":0,"texture":"#15"},"west":{"uv":[8.75,2.75,8.9375,3.0],"tintindex":0,"rotation":0,"texture":"#15"},"up":{"uv":[9.125,8.21875,9.3125,8.125],"tintindex":0,"rotation":90,"texture":"#15"},"down":{"uv":[9.125,8.5,9.3125,8.59375],"tintindex":0,"rotation":270,"texture":"#15"}}},{"from":[5.820962,8.166021,-10.182701],"to":[6.0121756,8.592906,-9.943684],"faces":{"east":{"uv":[7.25,6.5,7.5625,7.03125],"tintindex":0,"rotation":0,"texture":"#18"},"south":{"uv":[0.5,8.0,0.75,8.53125],"tintindex":0,"rotation":0,"texture":"#18"},"north":{"uv":[0.75,8.0,1.0,8.53125],"tintindex":0,"rotation":0,"texture":"#18"},"west":{"uv":[6.75,7.25,7.0625,7.78125],"tintindex":0,"rotation":0,"texture":"#18"},"up":{"uv":[5.5625,9.25,5.25,9.0],"tintindex":0,"rotation":90,"texture":"#18"},"down":{"uv":[9.3125,5.25,9.0,5.5],"tintindex":0,"rotation":270,"texture":"#18"}}},{"from":[5.8807154,9.275564,-10.965214],"to":[5.95242,9.395073,-10.845707],"faces":{"east":{"uv":[7.25,10.0,7.40625,10.15625],"tintindex":0,"rotation":0,"texture":"#18"},"south":{"uv":[10.0,10.0,10.09375,10.15625],"tintindex":0,"rotation":0,"texture":"#18"},"north":{"uv":[0.0,10.25,0.09375,10.40625],"tintindex":0,"rotation":0,"texture":"#18"},"west":{"uv":[10.0,7.25,10.15625,7.40625],"tintindex":0,"rotation":0,"texture":"#18"},"up":{"uv":[0.40625,10.34375,0.25,10.25],"tintindex":0,"rotation":90,"texture":"#18"},"down":{"uv":[0.65625,10.25,0.5,10.34375],"tintindex":0,"rotation":270,"texture":"#18"}},"rotation":{"origin":[5.9412155,10.194801,-9.598112],"angle":-22.5,"axis":"x"}},{"from":[5.740449,7.9749136,-9.166941],"to":[6.0844493,8.226034,-9.104162],"faces":{"east":{"uv":[2.1875,8.75,2.0,9.0],"tintindex":0,"rotation":0,"texture":"#15"},"south":{"uv":[8.625,7.5,8.375,7.75],"tintindex":0,"rotation":0,"texture":"#15"},"north":{"uv":[8.625,7.25,8.375,7.5],"tintindex":0,"rotation":0,"texture":"#15"},"west":{"uv":[2.4375,8.75,2.25,9.0],"tintindex":0,"rotation":0,"texture":"#15"},"up":{"uv":[8.75,2.5,8.9375,2.25],"tintindex":0,"rotation":90,"texture":"#15"},"down":{"uv":[2.5,8.75,2.6875,9.0],"tintindex":0,"rotation":270,"texture":"#15"}}},{"from":[5.9467263,12.035097,-8.334135],"to":[5.9467263,12.895096,-7.208272],"faces":{"east":{"uv":[4.21875,0.59375,4.625,0.25],"tintindex":0,"rotation":90,"texture":"#15"},"west":{"uv":[4.625,0.59375,4.21875,0.25],"tintindex":0,"rotation":270,"texture":"#15"}}},{"from":[5.7978296,13.189419,-9.27729],"to":[6.005544,13.612685,-8.924566],"faces":{"east":{"uv":[6.9375,4.5,6.5,5.03125],"tintindex":0,"rotation":0,"texture":"#18"},"south":{"uv":[1.875,7.0,1.5,7.53125],"tintindex":0,"rotation":0,"texture":"#18"},"north":{"uv":[2.375,7.0,2.0,7.53125],"tintindex":0,"rotation":0,"texture":"#18"},"west":{"uv":[4.1875,6.5,3.75,7.03125],"tintindex":0,"rotation":0,"texture":"#18"},"up":{"uv":[7.5,1.875,7.9375,1.5],"tintindex":0,"rotation":90,"texture":"#18"},"down":{"uv":[2.5,7.5,2.9375,7.875],"tintindex":0,"rotation":270,"texture":"#18"}},"rotation":{"origin":[6.076089,11.745202,-9.382256],"angle":22.5,"axis":"x"}},{"from":[5.811571,12.616701,-9.611002],"to":[5.9796824,12.756794,-9.330814],"faces":{"east":{"uv":[9.5,2.5,9.84375,2.6875],"tintindex":0,"rotation":0,"texture":"#18"},"south":{"uv":[9.75,6.25,9.96875,6.4375],"tintindex":0,"rotation":0,"texture":"#18"},"north":{"uv":[6.25,9.75,6.46875,9.9375],"tintindex":0,"rotation":0,"texture":"#18"},"west":{"uv":[2.5,9.5,2.84375,9.6875],"tintindex":0,"rotation":0,"texture":"#18"},"up":{"uv":[0.59375,9.46875,0.25,9.25],"tintindex":0,"rotation":90,"texture":"#18"},"down":{"uv":[9.59375,0.5,9.25,0.71875],"tintindex":0,"rotation":270,"texture":"#18"}},"rotation":{"origin":[5.8926935,12.896888,-9.330814],"angle":45.0,"axis":"x"}},{"from":[5.7419233,7.9149313,-9.18314],"to":[6.0824833,8.163539,-9.046402],"faces":{"east":{"uv":[6.25,7.25,6.125,7.5],"tintindex":0,"rotation":0,"texture":"#15"},"south":{"uv":[2.9375,8.75,2.75,9.0],"tintindex":0,"rotation":0,"texture":"#15"},"north":{"uv":[8.9375,2.5,8.75,2.75],"tintindex":0,"rotation":0,"texture":"#15"},"west":{"uv":[5.625,8.875,5.5,9.125],"tintindex":0,"rotation":0,"texture":"#15"},"up":{"uv":[3.875,9.3125,4.0,9.125],"tintindex":0,"rotation":90,"texture":"#15"},"down":{"uv":[9.125,5.25,9.25,5.4375],"tintindex":0,"rotation":270,"texture":"#15"}},"rotation":{"origin":[5.7689247,8.163539,-9.18314],"angle":-45.0,"axis":"x"}},{"from":[5.5877686,7.1699533,-10.397528],"to":[5.5877686,9.328834,-9.206421],"faces":{"east":{"uv":[7.6875,0.0,15.6875,14.5],"tintindex":0,"rotation":0,"texture":"#17"},"west":{"uv":[15.5625,0.0,7.5625,14.5],"tintindex":0,"rotation":0,"texture":"#17"}},"rotation":{"origin":[5.1348977,7.7889915,-9.668188],"angle":-45.0,"axis":"x"}},{"from":[5.747821,8.209885,-10.309414],"to":[6.0746207,8.448449,-10.154346],"faces":{"east":{"uv":[8.625,8.75,8.78125,9.0],"tintindex":0,"rotation":0,"texture":"#15"},"south":{"uv":[8.875,7.0,9.0,7.25],"tintindex":0,"rotation":0,"texture":"#15"},"north":{"uv":[8.875,7.25,9.0,7.5],"tintindex":0,"rotation":0,"texture":"#15"},"west":{"uv":[8.78125,8.75,8.625,9.0],"tintindex":0,"rotation":0,"texture":"#15"},"up":{"uv":[9.28125,8.125,9.125,8.0],"tintindex":0,"rotation":90,"texture":"#15"},"down":{"uv":[8.28125,9.125,8.125,9.25],"tintindex":0,"rotation":270,"texture":"#15"}},"rotation":{"origin":[5.773731,8.209885,-10.309414],"angle":22.5,"axis":"x"}},{"from":[5.7433977,7.905172,-9.1621685],"to":[6.080518,8.114355,-9.039122],"faces":{"east":{"uv":[8.625,8.25,8.25,8.46875],"tintindex":0,"rotation":0,"texture":"#15"},"south":{"uv":[7.5625,8.75,7.375,8.96875],"tintindex":0,"rotation":0,"texture":"#15"},"north":{"uv":[7.3125,8.75,7.125,8.96875],"tintindex":0,"rotation":0,"texture":"#15"},"west":{"uv":[8.75,0.0,8.375,0.21875],"tintindex":0,"rotation":0,"texture":"#15"},"up":{"uv":[5.25,8.5625,5.625,8.375],"tintindex":0,"rotation":90,"texture":"#15"},"down":{"uv":[8.375,5.25,8.75,5.4375],"tintindex":0,"rotation":270,"texture":"#15"}},"rotation":{"origin":[5.7701263,8.151269,-9.1621685],"angle":-45.0,"axis":"x"}},{"from":[5.7978296,13.575552,-10.317621],"to":[6.005544,13.732317,-10.105986],"faces":{"east":{"uv":[7.25,9.5,7.53125,9.6875],"tintindex":0,"rotation":0,"texture":"#18"},"south":{"uv":[9.5,6.75,9.8125,6.9375],"tintindex":0,"rotation":0,"texture":"#18"},"north":{"uv":[6.75,9.5,7.0625,9.6875],"tintindex":0,"rotation":0,"texture":"#18"},"west":{"uv":[9.5,7.0,9.78125,7.1875],"tintindex":0,"rotation":0,"texture":"#18"},"up":{"uv":[9.03125,8.0625,8.75,7.75],"tintindex":0,"rotation":90,"texture":"#18"},"down":{"uv":[8.53125,8.75,8.25,9.0625],"tintindex":0,"rotation":270,"texture":"#18"}}},{"from":[5.7463465,8.235213,-9.225033],"to":[6.0765862,8.476289,-8.856558],"faces":{"east":{"uv":[9.0,7.5,8.875,7.75],"tintindex":0,"rotation":0,"texture":"#15"},"south":{"uv":[3.90625,8.875,3.75,9.125],"tintindex":0,"rotation":0,"texture":"#15"},"north":{"uv":[9.03125,3.5,8.875,3.75],"tintindex":0,"rotation":0,"texture":"#15"},"west":{"uv":[8.875,7.5,9.0,7.75],"tintindex":0,"rotation":0,"texture":"#15"},"up":{"uv":[8.375,9.28125,8.5,9.125],"tintindex":0,"rotation":90,"texture":"#15"},"down":{"uv":[8.5,9.125,8.625,9.28125],"tintindex":0,"rotation":270,"texture":"#15"}},"rotation":{"origin":[5.7725296,8.235213,-8.856558],"angle":-45.0,"axis":"x"}},{"from":[5.74971,7.8053274,-10.490406],"to":[6.058786,8.185626,-10.033962],"faces":{"east":{"uv":[5.75,0.5,6.34375,1.0],"tintindex":0,"rotation":0,"texture":"#18"},"south":{"uv":[6.75,2.0,7.15625,2.5],"tintindex":0,"rotation":0,"texture":"#18"},"north":{"uv":[4.75,6.75,5.15625,7.25],"tintindex":0,"rotation":0,"texture":"#18"},"west":{"uv":[5.75,1.0,6.34375,1.5],"tintindex":0,"rotation":0,"texture":"#18"},"up":{"uv":[0.59375,6.90625,0.0,6.5],"tintindex":0,"rotation":90,"texture":"#18"},"down":{"uv":[7.09375,0.5,6.5,0.90625],"tintindex":0,"rotation":270,"texture":"#18"}}},{"from":[5.694592,7.1385355,-9.884907],"to":[6.127285,7.2520304,-9.231184],"faces":{"east":{"uv":[8.0,1.25,8.84375,1.40625],"tintindex":0,"rotation":0,"texture":"#18"},"south":{"uv":[8.75,6.75,9.3125,6.90625],"tintindex":0,"rotation":0,"texture":"#18"},"north":{"uv":[8.75,7.0,9.3125,7.15625],"tintindex":0,"rotation":0,"texture":"#18"},"west":{"uv":[8.0,1.25,8.84375,1.40625],"tintindex":0,"rotation":0,"texture":"#18"},"up":{"uv":[3.34375,4.5625,2.5,4.0],"tintindex":0,"rotation":90,"texture":"#18"},"down":{"uv":[4.84375,3.0,4.0,3.5625],"tintindex":0,"rotation":270,"texture":"#18"}}},{"from":[5.9110975,9.012811,-11.036993],"to":[5.9110975,9.508785,-10.402557],"faces":{"east":{"uv":[4.0,0.0,4.84375,0.71875],"tintindex":0,"rotation":90,"texture":"#15"},"west":{"uv":[4.0,0.0,4.84375,0.71875],"tintindex":0,"rotation":270,"texture":"#15"}},"rotation":{"origin":[5.4092493,9.088982,-10.862782],"angle":45.0,"axis":"x"}},{"from":[5.8746643,8.822371,-10.509373],"to":[5.9702716,8.941878,-10.270355],"faces":{"east":{"uv":[9.5,8.5,9.8125,8.65625],"tintindex":0,"rotation":0,"texture":"#18"},"south":{"uv":[9.0,10.0,9.125,10.15625],"tintindex":0,"rotation":0,"texture":"#18"},"north":{"uv":[10.0,9.0,10.125,9.15625],"tintindex":0,"rotation":0,"texture":"#18"},"west":{"uv":[9.5,8.75,9.8125,8.90625],"tintindex":0,"rotation":0,"texture":"#18"},"up":{"uv":[10.0625,9.625,9.75,9.5],"tintindex":0,"rotation":90,"texture":"#18"},"down":{"uv":[10.0625,9.75,9.75,9.875],"tintindex":0,"rotation":270,"texture":"#18"}}},{"from":[5.816928,6.948811,-9.464422],"to":[6.0052676,7.1371503,-9.169563],"faces":{"east":{"uv":[8.75,0.0,9.0,0.1875],"tintindex":0,"rotation":0,"texture":"#15"},"south":{"uv":[4.75,8.875,4.9375,9.0625],"tintindex":0,"rotation":0,"texture":"#15"},"north":{"uv":[5.0,8.875,5.1875,9.0625],"tintindex":0,"rotation":0,"texture":"#15"},"west":{"uv":[0.25,8.75,0.5,8.9375],"tintindex":0,"rotation":0,"texture":"#15"},"up":{"uv":[0.75,8.9375,0.5,8.75],"tintindex":0,"rotation":90,"texture":"#15"},"down":{"uv":[1.0,8.75,0.75,8.9375],"tintindex":0,"rotation":270,"texture":"#15"}}},{"from":[5.7463465,8.235213,-10.268858],"to":[6.0765862,8.476289,-9.900381],"faces":{"east":{"uv":[8.875,7.5,9.0,7.75],"tintindex":0,"rotation":0,"texture":"#15"},"south":{"uv":[8.875,3.5,9.03125,3.75],"tintindex":0,"rotation":0,"texture":"#15"},"north":{"uv":[3.75,8.875,3.90625,9.125],"tintindex":0,"rotation":0,"texture":"#15"},"west":{"uv":[9.0,7.5,8.875,7.75],"tintindex":0,"rotation":0,"texture":"#15"},"up":{"uv":[8.5,9.28125,8.375,9.125],"tintindex":0,"rotation":90,"texture":"#15"},"down":{"uv":[8.625,9.125,8.5,9.28125],"tintindex":0,"rotation":270,"texture":"#15"}},"rotation":{"origin":[5.7725296,8.235213,-10.268858],"angle":45.0,"axis":"x"}},{"from":[5.8017488,12.358355,-8.804325],"to":[6.001625,12.711077,-8.412411],"faces":{"east":{"uv":[7.0,5.25,6.5,5.6875],"tintindex":0,"rotation":0,"texture":"#18"},"south":{"uv":[8.0625,7.25,7.75,7.6875],"tintindex":0,"rotation":0,"texture":"#18"},"north":{"uv":[8.0625,7.75,7.75,8.1875],"tintindex":0,"rotation":0,"texture":"#18"},"west":{"uv":[7.0,1.0,6.5,1.4375],"tintindex":0,"rotation":0,"texture":"#18"},"up":{"uv":[3.25,7.8125,3.75,7.5],"tintindex":0,"rotation":90,"texture":"#18"},"down":{"uv":[7.5,3.75,8.0,4.0625],"tintindex":0,"rotation":270,"texture":"#18"}},"rotation":{"origin":[6.0584526,11.758019,-9.363308],"angle":22.5,"axis":"x"}},{"from":[5.9016867,4.737382,-11.609886],"to":[5.9016867,5.4092093,-10.787519],"faces":{"east":{"uv":[0.0,5.5,6.75,0.0],"tintindex":0,"rotation":0,"texture":"#19"},"west":{"uv":[6.75,5.5,0.0,0.0],"tintindex":0,"rotation":0,"texture":"#19"}},"rotation":{"origin":[5.730156,2.7084942,-8.173941],"angle":22.5,"axis":"x"}},{"from":[5.790309,5.286788,-9.683496],"to":[6.0318866,5.6079874,-9.441917],"faces":{"east":{"uv":[8.625,1.25,8.9375,1.4375],"tintindex":0,"rotation":0,"texture":"#15"},"south":{"uv":[8.625,1.5,8.9375,1.6875],"tintindex":0,"rotation":0,"texture":"#15"},"north":{"uv":[8.625,2.0,8.9375,2.1875],"tintindex":0,"rotation":0,"texture":"#15"},"west":{"uv":[8.625,1.75,8.9375,1.9375],"tintindex":0,"rotation":0,"texture":"#15"},"up":{"uv":[6.0625,8.0625,5.75,7.75],"tintindex":0,"rotation":90,"texture":"#15"},"down":{"uv":[8.1875,0.375,7.875,0.6875],"tintindex":0,"rotation":270,"texture":"#15"}}},{"from":[5.744872,7.907593,-9.23914],"to":[6.078552,8.151178,-9.080807],"faces":{"east":{"uv":[8.28125,8.75,8.125,9.0],"tintindex":0,"rotation":0,"texture":"#15"},"south":{"uv":[8.84375,7.0,8.625,7.25],"tintindex":0,"rotation":0,"texture":"#15"},"north":{"uv":[8.84375,6.75,8.625,7.0],"tintindex":0,"rotation":0,"texture":"#15"},"west":{"uv":[8.53125,8.75,8.375,9.0],"tintindex":0,"rotation":0,"texture":"#15"},"up":{"uv":[8.875,6.21875,9.03125,6.0],"tintindex":0,"rotation":90,"texture":"#15"},"down":{"uv":[8.875,6.75,9.03125,6.96875],"tintindex":0,"rotation":270,"texture":"#15"}},"rotation":{"origin":[5.771328,8.151178,-9.23914],"angle":-22.5,"axis":"x"}},{"from":[5.7978296,12.027373,-8.665398],"to":[6.005544,12.203734,-8.277403],"faces":{"east":{"uv":[3.75,8.5,3.25,8.71875],"tintindex":0,"rotation":0,"texture":"#18"},"south":{"uv":[9.78125,4.0,9.5,4.21875],"tintindex":0,"rotation":0,"texture":"#18"},"north":{"uv":[5.28125,9.5,5.0,9.71875],"tintindex":0,"rotation":0,"texture":"#18"},"west":{"uv":[9.0,2.75,8.5,2.96875],"tintindex":0,"rotation":0,"texture":"#18"},"up":{"uv":[7.75,3.53125,8.25,3.25],"tintindex":0,"rotation":90,"texture":"#18"},"down":{"uv":[3.75,7.75,4.25,8.03125],"tintindex":0,"rotation":270,"texture":"#18"}},"rotation":{"origin":[6.07217,11.745202,-9.382256],"angle":22.5,"axis":"x"}},{"from":[5.7700014,8.4945965,-12.8124485],"to":[6.0447354,8.838014,-12.557705],"faces":{"east":{"uv":[7.75,6.25,8.0625,6.6875],"tintindex":0,"rotation":0,"texture":"#18"},"south":{"uv":[7.5,5.25,7.84375,5.6875],"tintindex":0,"rotation":0,"texture":"#18"},"north":{"uv":[7.5,5.75,7.84375,6.1875],"tintindex":0,"rotation":0,"texture":"#18"},"west":{"uv":[7.75,6.75,8.0625,7.1875],"tintindex":0,"rotation":0,"texture":"#18"},"up":{"uv":[8.8125,4.09375,8.5,3.75],"tintindex":0,"rotation":90,"texture":"#18"},"down":{"uv":[5.0625,8.5,4.75,8.84375],"tintindex":0,"rotation":270,"texture":"#18"}},"rotation":{"origin":[5.9385757,11.007273,-10.736555],"angle":-45.0,"axis":"x"}},{"from":[5.79587,10.832433,-8.875116],"to":[6.0075035,11.238064,-8.698755],"faces":{"east":{"uv":[4.71875,8.25,4.5,8.78125],"tintindex":0,"rotation":0,"texture":"#18"},"south":{"uv":[7.5625,7.25,7.25,7.78125],"tintindex":0,"rotation":0,"texture":"#18"},"north":{"uv":[0.3125,7.5,0.0,8.03125],"tintindex":0,"rotation":0,"texture":"#18"},"west":{"uv":[3.21875,8.25,3.0,8.78125],"tintindex":0,"rotation":0,"texture":"#18"},"up":{"uv":[9.5,1.8125,9.71875,1.5],"tintindex":0,"rotation":90,"texture":"#18"},"down":{"uv":[1.75,9.5,1.96875,9.8125],"tintindex":0,"rotation":270,"texture":"#18"}},"rotation":{"origin":[6.076089,11.745202,-9.382256],"angle":-45.0,"axis":"x"}},{"from":[5.811571,12.583831,-9.85561],"to":[5.9796824,12.723922,-9.575422],"faces":{"east":{"uv":[2.0,9.5,2.34375,9.6875],"tintindex":0,"rotation":0,"texture":"#18"},"south":{"uv":[5.5,9.75,5.71875,9.9375],"tintindex":0,"rotation":0,"texture":"#18"},"north":{"uv":[5.25,9.75,5.46875,9.9375],"tintindex":0,"rotation":0,"texture":"#18"},"west":{"uv":[9.25,8.25,9.59375,8.4375],"tintindex":0,"rotation":0,"texture":"#18"},"up":{"uv":[9.34375,8.71875,9.0,8.5],"tintindex":0,"rotation":90,"texture":"#18"},"down":{"uv":[9.34375,8.75,9.0,8.96875],"tintindex":0,"rotation":270,"texture":"#18"}},"rotation":{"origin":[5.8646755,12.864016,-9.575422],"angle":-22.5,"axis":"x"}},{"from":[5.756666,8.186112,-10.542698],"to":[6.062826,8.286687,-10.296982],"faces":{"east":{"uv":[9.125,5.75,9.3125,5.875],"tintindex":0,"rotation":0,"texture":"#15"},"south":{"uv":[2.0,9.25,2.0625,9.375],"tintindex":0,"rotation":0,"texture":"#15"},"north":{"uv":[2.125,9.25,2.1875,9.375],"tintindex":0,"rotation":0,"texture":"#15"},"west":{"uv":[9.3125,5.75,9.125,5.875],"tintindex":0,"rotation":0,"texture":"#15"},"up":{"uv":[0.5625,9.3125,0.375,9.25],"tintindex":0,"rotation":90,"texture":"#15"},"down":{"uv":[1.0625,9.25,0.875,9.3125],"tintindex":0,"rotation":270,"texture":"#15"}},"rotation":{"origin":[5.78094,8.320211,-10.296982],"angle":45.0,"axis":"x"}},{"from":[5.921283,7.3731546,-8.850382],"to":[5.921283,8.290696,-7.782301],"faces":{"east":{"uv":[6.5625,1.96875,5.15625,2.9375],"tintindex":0,"rotation":0,"texture":"#15"},"west":{"uv":[5.15625,1.96875,6.5625,2.9375],"tintindex":0,"rotation":0,"texture":"#15"}}},{"from":[5.820962,8.166021,-9.18173],"to":[6.0121756,8.592906,-8.942713],"faces":{"east":{"uv":[7.5625,6.5,7.25,7.03125],"tintindex":0,"rotation":0,"texture":"#18"},"south":{"uv":[1.0,8.0,0.75,8.53125],"tintindex":0,"rotation":0,"texture":"#18"},"north":{"uv":[0.75,8.0,0.5,8.53125],"tintindex":0,"rotation":0,"texture":"#18"},"west":{"uv":[7.0625,7.25,6.75,7.78125],"tintindex":0,"rotation":0,"texture":"#18"},"up":{"uv":[5.25,9.25,5.5625,9.0],"tintindex":0,"rotation":90,"texture":"#18"},"down":{"uv":[9.0,5.25,9.3125,5.5],"tintindex":0,"rotation":270,"texture":"#18"}}},{"from":[5.811571,12.6389065,-9.701315],"to":[5.9796824,12.778999,-9.421127],"faces":{"east":{"uv":[9.25,8.25,9.59375,8.4375],"tintindex":0,"rotation":0,"texture":"#18"},"south":{"uv":[5.25,9.75,5.46875,9.9375],"tintindex":0,"rotation":0,"texture":"#18"},"north":{"uv":[5.5,9.75,5.71875,9.9375],"tintindex":0,"rotation":0,"texture":"#18"},"west":{"uv":[2.0,9.5,2.34375,9.6875],"tintindex":0,"rotation":0,"texture":"#18"},"up":{"uv":[9.34375,8.71875,9.0,8.5],"tintindex":0,"rotation":90,"texture":"#18"},"down":{"uv":[9.34375,8.75,9.0,8.96875],"tintindex":0,"rotation":270,"texture":"#18"}},"rotation":{"origin":[6.116843,12.919094,-9.701315],"angle":-22.5,"axis":"x"}},{"from":[5.791951,12.212994,-11.387304],"to":[6.0075035,12.742078,-10.964035],"faces":{"east":{"uv":[0.5,4.75,1.03125,5.4375],"tintindex":0,"rotation":0,"texture":"#18"},"south":{"uv":[5.75,2.25,6.15625,2.9375],"tintindex":0,"rotation":0,"texture":"#18"},"north":{"uv":[5.75,1.5,6.15625,2.1875],"tintindex":0,"rotation":0,"texture":"#18"},"west":{"uv":[4.5,4.5,5.03125,5.1875],"tintindex":0,"rotation":0,"texture":"#18"},"up":{"uv":[7.28125,0.40625,6.75,0.0],"tintindex":0,"rotation":90,"texture":"#18"},"down":{"uv":[7.28125,1.5,6.75,1.90625],"tintindex":0,"rotation":270,"texture":"#18"}},"rotation":{"origin":[6.076089,11.745202,-9.743158],"angle":22.5,"axis":"x"}},{"from":[5.816928,5.6126404,-9.399479],"to":[6.0052676,5.8009806,-9.273918],"faces":{"east":{"uv":[9.125,2.875,9.25,3.0625],"tintindex":0,"rotation":0,"texture":"#15"},"south":{"uv":[5.25,8.875,5.4375,9.0625],"tintindex":0,"rotation":0,"texture":"#15"},"north":{"uv":[8.875,5.25,9.0625,5.4375],"tintindex":0,"rotation":0,"texture":"#15"},"west":{"uv":[9.125,3.25,9.25,3.4375],"tintindex":0,"rotation":0,"texture":"#15"},"up":{"uv":[9.25,3.6875,9.125,3.5],"tintindex":0,"rotation":90,"texture":"#15"},"down":{"uv":[3.875,9.125,3.75,9.3125],"tintindex":0,"rotation":270,"texture":"#15"}}},{"from":[5.79587,10.832433,-10.426659],"to":[6.0075035,11.238064,-10.250298],"faces":{"east":{"uv":[4.5,8.25,4.71875,8.78125],"tintindex":0,"rotation":0,"texture":"#18"},"south":{"uv":[0.0,7.5,0.3125,8.03125],"tintindex":0,"rotation":0,"texture":"#18"},"north":{"uv":[7.25,7.25,7.5625,7.78125],"tintindex":0,"rotation":0,"texture":"#18"},"west":{"uv":[3.0,8.25,3.21875,8.78125],"tintindex":0,"rotation":0,"texture":"#18"},"up":{"uv":[9.71875,1.8125,9.5,1.5],"tintindex":0,"rotation":90,"texture":"#18"},"down":{"uv":[1.96875,9.5,1.75,9.8125],"tintindex":0,"rotation":270,"texture":"#18"}},"rotation":{"origin":[6.076089,11.745202,-9.743158],"angle":45.0,"axis":"x"}},{"from":[5.744872,7.907593,-10.044607],"to":[6.078552,8.151178,-9.886276],"faces":{"east":{"uv":[8.125,8.75,8.28125,9.0],"tintindex":0,"rotation":0,"texture":"#15"},"south":{"uv":[8.625,6.75,8.84375,7.0],"tintindex":0,"rotation":0,"texture":"#15"},"north":{"uv":[8.625,7.0,8.84375,7.25],"tintindex":0,"rotation":0,"texture":"#15"},"west":{"uv":[8.375,8.75,8.53125,9.0],"tintindex":0,"rotation":0,"texture":"#15"},"up":{"uv":[9.03125,6.21875,8.875,6.0],"tintindex":0,"rotation":90,"texture":"#15"},"down":{"uv":[9.03125,6.75,8.875,6.96875],"tintindex":0,"rotation":270,"texture":"#15"}},"rotation":{"origin":[5.771328,8.151178,-9.886276],"angle":22.5,"axis":"x"}},{"from":[5.6028037,7.4245386,-10.054298],"to":[6.2159514,8.078262,-9.078257],"faces":{"east":{"uv":[1.75,0.0,3.0,0.84375],"tintindex":0,"rotation":0,"texture":"#18"},"south":{"uv":[1.25,3.0,2.03125,3.84375],"tintindex":0,"rotation":0,"texture":"#18"},"north":{"uv":[2.25,3.0,3.03125,3.84375],"tintindex":0,"rotation":0,"texture":"#18"},"west":{"uv":[1.75,1.0,3.0,1.84375],"tintindex":0,"rotation":0,"texture":"#18"},"up":{"uv":[1.25,2.78125,0.0,2.0],"tintindex":0,"rotation":90,"texture":"#18"},"down":{"uv":[2.5,2.0,1.25,2.78125],"tintindex":0,"rotation":270,"texture":"#18"}}},{"from":[5.811571,12.583831,-9.540478],"to":[5.9796824,12.723922,-9.260294],"faces":{"east":{"uv":[9.25,8.25,9.59375,8.4375],"tintindex":0,"rotation":0,"texture":"#18"},"south":{"uv":[5.25,9.75,5.46875,9.9375],"tintindex":0,"rotation":0,"texture":"#18"},"north":{"uv":[5.5,9.75,5.71875,9.9375],"tintindex":0,"rotation":0,"texture":"#18"},"west":{"uv":[2.0,9.5,2.34375,9.6875],"tintindex":0,"rotation":0,"texture":"#18"},"up":{"uv":[9.34375,8.71875,9.0,8.5],"tintindex":0,"rotation":90,"texture":"#18"},"down":{"uv":[9.34375,8.75,9.0,8.96875],"tintindex":0,"rotation":270,"texture":"#18"}},"rotation":{"origin":[6.116843,12.864016,-9.540478],"angle":22.5,"axis":"x"}},{"from":[5.811571,12.616701,-9.785088],"to":[5.9796824,12.756794,-9.504902],"faces":{"east":{"uv":[2.5,9.5,2.84375,9.6875],"tintindex":0,"rotation":0,"texture":"#18"},"south":{"uv":[6.25,9.75,6.46875,9.9375],"tintindex":0,"rotation":0,"texture":"#18"},"north":{"uv":[9.75,6.25,9.96875,6.4375],"tintindex":0,"rotation":0,"texture":"#18"},"west":{"uv":[9.5,2.5,9.84375,2.6875],"tintindex":0,"rotation":0,"texture":"#18"},"up":{"uv":[0.59375,9.46875,0.25,9.25],"tintindex":0,"rotation":90,"texture":"#18"},"down":{"uv":[9.59375,0.5,9.25,0.71875],"tintindex":0,"rotation":270,"texture":"#18"}},"rotation":{"origin":[6.0888247,12.896888,-9.785088],"angle":-45.0,"axis":"x"}},{"from":[5.7801933,10.010283,-8.706005],"to":[6.0486546,10.206242,-8.314093],"faces":{"east":{"uv":[8.75,3.5,8.25,3.75],"tintindex":0,"rotation":0,"texture":"#18"},"south":{"uv":[9.34375,0.25,9.0,0.5],"tintindex":0,"rotation":0,"texture":"#18"},"north":{"uv":[0.59375,9.0,0.25,9.25],"tintindex":0,"rotation":0,"texture":"#18"},"west":{"uv":[8.75,4.75,8.25,5.0],"tintindex":0,"rotation":0,"texture":"#18"},"up":{"uv":[7.0,6.34375,7.5,6.0],"tintindex":0,"rotation":90,"texture":"#18"},"down":{"uv":[7.25,0.5,7.75,0.84375],"tintindex":0,"rotation":270,"texture":"#18"}},"rotation":{"origin":[6.2758884,10.11158,-9.232788],"angle":45.0,"axis":"x"}},{"from":[5.7782335,9.470963,-10.227346],"to":[6.0506144,10.156813,-9.933411],"faces":{"east":{"uv":[2.75,4.75,3.125,5.625],"tintindex":0,"rotation":0,"texture":"#18"},"south":{"uv":[3.75,5.5,4.09375,6.375],"tintindex":0,"rotation":0,"texture":"#18"},"north":{"uv":[5.5,4.75,5.84375,5.625],"tintindex":0,"rotation":0,"texture":"#18"},"west":{"uv":[3.25,4.75,3.625,5.625],"tintindex":0,"rotation":0,"texture":"#18"},"up":{"uv":[2.875,8.34375,2.5,8.0],"tintindex":0,"rotation":90,"texture":"#18"},"down":{"uv":[8.375,2.5,8.0,2.84375],"tintindex":0,"rotation":270,"texture":"#18"}},"rotation":{"origin":[5.932548,10.648221,-9.817558],"angle":22.5,"axis":"x"}},{"from":[5.799789,11.746022,-10.939383],"to":[6.003585,12.098744,-10.508278],"faces":{"east":{"uv":[5.75,6.25,6.3125,6.6875],"tintindex":0,"rotation":0,"texture":"#18"},"south":{"uv":[1.5,7.75,1.84375,8.1875],"tintindex":0,"rotation":0,"texture":"#18"},"north":{"uv":[7.75,0.5,8.09375,0.9375],"tintindex":0,"rotation":0,"texture":"#18"},"west":{"uv":[5.0,6.25,5.5625,6.6875],"tintindex":0,"rotation":0,"texture":"#18"},"up":{"uv":[7.5625,2.84375,7.0,2.5],"tintindex":0,"rotation":90,"texture":"#18"},"down":{"uv":[3.5625,7.0,3.0,7.34375],"tintindex":0,"rotation":270,"texture":"#18"}}},{"from":[5.7729816,5.0404706,-9.776159],"to":[6.0492134,5.3794827,-9.437147],"faces":{"east":{"uv":[7.5,5.25,7.84375,5.59375],"tintindex":0,"rotation":0,"texture":"#15"},"south":{"uv":[8.25,0.75,8.53125,1.09375],"tintindex":0,"rotation":0,"texture":"#15"},"north":{"uv":[8.25,1.125,8.53125,1.46875],"tintindex":0,"rotation":0,"texture":"#15"},"west":{"uv":[7.84375,5.25,7.5,5.59375],"tintindex":0,"rotation":0,"texture":"#15"},"up":{"uv":[8.59375,1.78125,8.25,1.5],"tintindex":0,"rotation":90,"texture":"#15"},"down":{"uv":[8.59375,1.875,8.25,2.15625],"tintindex":0,"rotation":270,"texture":"#15"}},"rotation":{"origin":[5.9110975,5.2539225,-9.562708],"angle":-45.0,"axis":"x"}},{"from":[5.8807154,9.275564,-8.279709],"to":[5.95242,9.395073,-8.1602],"faces":{"east":{"uv":[7.40625,10.0,7.25,10.15625],"tintindex":0,"rotation":0,"texture":"#18"},"south":{"uv":[0.09375,10.25,0.0,10.40625],"tintindex":0,"rotation":0,"texture":"#18"},"north":{"uv":[10.09375,10.0,10.0,10.15625],"tintindex":0,"rotation":0,"texture":"#18"},"west":{"uv":[10.15625,7.25,10.0,7.40625],"tintindex":0,"rotation":0,"texture":"#18"},"up":{"uv":[0.25,10.34375,0.40625,10.25],"tintindex":0,"rotation":90,"texture":"#18"},"down":{"uv":[0.5,10.25,0.65625,10.34375],"tintindex":0,"rotation":270,"texture":"#18"}},"rotation":{"origin":[5.9412155,10.194801,-9.527302],"angle":22.5,"axis":"x"}},{"from":[5.813506,9.619417,-10.646673],"to":[6.0094633,9.717397,-10.3527355],"faces":{"east":{"uv":[9.75,0.5,10.125,0.625],"tintindex":0,"rotation":0,"texture":"#18"},"south":{"uv":[5.0,10.0,5.25,10.125],"tintindex":0,"rotation":0,"texture":"#18"},"north":{"uv":[10.0,5.0,10.25,5.125],"tintindex":0,"rotation":0,"texture":"#18"},"west":{"uv":[9.75,0.75,10.125,0.875],"tintindex":0,"rotation":0,"texture":"#18"},"up":{"uv":[9.125,0.75,8.75,0.5],"tintindex":0,"rotation":90,"texture":"#18"},"down":{"uv":[9.125,0.75,8.75,1.0],"tintindex":0,"rotation":270,"texture":"#18"}}},{"from":[5.7782335,9.470963,-9.192003],"to":[6.0506144,10.156813,-8.898067],"faces":{"east":{"uv":[3.125,4.75,2.75,5.625],"tintindex":0,"rotation":0,"texture":"#18"},"south":{"uv":[5.84375,4.75,5.5,5.625],"tintindex":0,"rotation":0,"texture":"#18"},"north":{"uv":[4.09375,5.5,3.75,6.375],"tintindex":0,"rotation":0,"texture":"#18"},"west":{"uv":[3.625,4.75,3.25,5.625],"tintindex":0,"rotation":0,"texture":"#18"},"up":{"uv":[2.5,8.34375,2.875,8.0],"tintindex":0,"rotation":90,"texture":"#18"},"down":{"uv":[8.0,2.5,8.375,2.84375],"tintindex":0,"rotation":270,"texture":"#18"}},"rotation":{"origin":[5.932548,10.648221,-9.307856],"angle":-22.5,"axis":"x"}},{"from":[5.7801933,10.010283,-10.811323],"to":[6.0486546,10.206242,-10.419409],"faces":{"east":{"uv":[8.25,3.5,8.75,3.75],"tintindex":0,"rotation":0,"texture":"#18"},"south":{"uv":[0.25,9.0,0.59375,9.25],"tintindex":0,"rotation":0,"texture":"#18"},"north":{"uv":[9.0,0.25,9.34375,0.5],"tintindex":0,"rotation":0,"texture":"#18"},"west":{"uv":[8.25,4.75,8.75,5.0],"tintindex":0,"rotation":0,"texture":"#18"},"up":{"uv":[7.5,6.34375,7.0,6.0],"tintindex":0,"rotation":90,"texture":"#18"},"down":{"uv":[7.75,0.5,7.25,0.84375],"tintindex":0,"rotation":270,"texture":"#18"}},"rotation":{"origin":[6.2758884,10.11158,-9.892624],"angle":-45.0,"axis":"x"}},{"from":[5.799789,12.200903,-11.505604],"to":[6.003585,12.782895,-11.293968],"faces":{"east":{"uv":[4.25,6.75,4.53125,7.5],"tintindex":0,"rotation":0,"texture":"#18"},"south":{"uv":[6.5,3.0,6.8125,3.75],"tintindex":0,"rotation":0,"texture":"#18"},"north":{"uv":[3.25,6.25,3.5625,7.0],"tintindex":0,"rotation":0,"texture":"#18"},"west":{"uv":[2.5,6.75,2.78125,7.5],"tintindex":0,"rotation":0,"texture":"#18"},"up":{"uv":[9.03125,7.5625,8.75,7.25],"tintindex":0,"rotation":90,"texture":"#18"},"down":{"uv":[8.03125,8.75,7.75,9.0625],"tintindex":0,"rotation":270,"texture":"#18"}},"rotation":{"origin":[6.076089,11.745202,-9.743158],"angle":45.0,"axis":"x"}},{"from":[5.8331017,11.271834,-9.158796],"to":[5.989867,11.905229,-8.864861],"faces":{"east":{"uv":[0.375,5.5,0.0,6.3125],"tintindex":0,"rotation":0,"texture":"#18"},"south":{"uv":[7.6875,4.25,7.5,5.0625],"tintindex":0,"rotation":0,"texture":"#18"},"north":{"uv":[4.4375,7.5,4.25,8.3125],"tintindex":0,"rotation":0,"texture":"#18"},"west":{"uv":[0.875,5.5,0.5,6.3125],"tintindex":0,"rotation":0,"texture":"#18"},"up":{"uv":[9.25,4.9375,9.625,4.75],"tintindex":0,"rotation":90,"texture":"#18"},"down":{"uv":[5.0,9.25,5.375,9.4375],"tintindex":0,"rotation":270,"texture":"#18"}},"rotation":{"origin":[5.9927225,10.584108,-9.314178],"angle":22.5,"axis":"x"}},{"from":[5.7978296,13.575552,-9.019428],"to":[6.005544,13.732317,-8.807795],"faces":{"east":{"uv":[7.53125,9.5,7.25,9.6875],"tintindex":0,"rotation":0,"texture":"#18"},"south":{"uv":[7.0625,9.5,6.75,9.6875],"tintindex":0,"rotation":0,"texture":"#18"},"north":{"uv":[9.8125,6.75,9.5,6.9375],"tintindex":0,"rotation":0,"texture":"#18"},"west":{"uv":[9.78125,7.0,9.5,7.1875],"tintindex":0,"rotation":0,"texture":"#18"},"up":{"uv":[8.75,8.0625,9.03125,7.75],"tintindex":0,"rotation":90,"texture":"#18"},"down":{"uv":[8.25,8.75,8.53125,9.0625],"tintindex":0,"rotation":270,"texture":"#18"}}},{"from":[5.811571,12.6389065,-9.694775],"to":[5.9796824,12.778999,-9.414589],"faces":{"east":{"uv":[2.0,9.5,2.34375,9.6875],"tintindex":0,"rotation":0,"texture":"#18"},"south":{"uv":[5.5,9.75,5.71875,9.9375],"tintindex":0,"rotation":0,"texture":"#18"},"north":{"uv":[5.25,9.75,5.46875,9.9375],"tintindex":0,"rotation":0,"texture":"#18"},"west":{"uv":[9.25,8.25,9.59375,8.4375],"tintindex":0,"rotation":0,"texture":"#18"},"up":{"uv":[9.34375,8.71875,9.0,8.5],"tintindex":0,"rotation":90,"texture":"#18"},"down":{"uv":[9.34375,8.75,9.0,8.96875],"tintindex":0,"rotation":270,"texture":"#18"}},"rotation":{"origin":[5.8646755,12.919094,-9.414589],"angle":22.5,"axis":"x"}},{"from":[5.8329115,8.864241,-10.817114],"to":[6.000224,9.043504,-10.5780945],"faces":{"east":{"uv":[7.25,9.25,7.5625,9.46875],"tintindex":0,"rotation":0,"texture":"#18"},"south":{"uv":[7.5,6.25,7.71875,6.46875],"tintindex":0,"rotation":0,"texture":"#18"},"north":{"uv":[8.0,3.0,8.21875,3.21875],"tintindex":0,"rotation":0,"texture":"#18"},"west":{"uv":[9.25,7.25,9.5625,7.46875],"tintindex":0,"rotation":0,"texture":"#18"},"up":{"uv":[9.5625,7.71875,9.25,7.5],"tintindex":0,"rotation":90,"texture":"#18"},"down":{"uv":[8.0625,9.25,7.75,9.46875],"tintindex":0,"rotation":270,"texture":"#18"}},"rotation":{"origin":[5.9135656,10.323275,-9.578846],"angle":-22.5,"axis":"x"}},{"from":[5.811571,12.627364,-9.6154175],"to":[5.9796824,12.767458,-9.335232],"faces":{"east":{"uv":[9.25,8.25,9.59375,8.4375],"tintindex":0,"rotation":0,"texture":"#18"},"south":{"uv":[5.25,9.75,5.46875,9.9375],"tintindex":0,"rotation":0,"texture":"#18"},"north":{"uv":[5.5,9.75,5.71875,9.9375],"tintindex":0,"rotation":0,"texture":"#18"},"west":{"uv":[2.0,9.5,2.34375,9.6875],"tintindex":0,"rotation":0,"texture":"#18"},"up":{"uv":[9.34375,8.71875,9.0,8.5],"tintindex":0,"rotation":90,"texture":"#18"},"down":{"uv":[9.34375,8.75,9.0,8.96875],"tintindex":0,"rotation":270,"texture":"#18"}}},{"from":[5.811571,12.398874,-9.627996],"to":[5.9796824,12.67906,-9.487904],"faces":{"east":{"uv":[9.5,2.5,9.84375,2.6875],"tintindex":0,"rotation":0,"texture":"#18"},"south":{"uv":[1.25,9.25,1.46875,9.59375],"tintindex":0,"rotation":0,"texture":"#18"},"north":{"uv":[1.5,9.25,1.71875,9.59375],"tintindex":0,"rotation":0,"texture":"#18"},"west":{"uv":[2.5,9.5,2.84375,9.6875],"tintindex":0,"rotation":0,"texture":"#18"},"up":{"uv":[6.6875,9.96875,6.5,9.75],"tintindex":0,"rotation":90,"texture":"#18"},"down":{"uv":[9.9375,6.5,9.75,6.71875],"tintindex":0,"rotation":270,"texture":"#18"}}},{"from":[5.7433977,7.905172,-10.086294],"to":[6.080518,8.114355,-9.963245],"faces":{"east":{"uv":[8.25,8.25,8.625,8.46875],"tintindex":0,"rotation":0,"texture":"#15"},"south":{"uv":[7.125,8.75,7.3125,8.96875],"tintindex":0,"rotation":0,"texture":"#15"},"north":{"uv":[7.375,8.75,7.5625,8.96875],"tintindex":0,"rotation":0,"texture":"#15"},"west":{"uv":[8.375,0.0,8.75,0.21875],"tintindex":0,"rotation":0,"texture":"#15"},"up":{"uv":[5.625,8.5625,5.25,8.375],"tintindex":0,"rotation":90,"texture":"#15"},"down":{"uv":[8.75,5.25,8.375,5.4375],"tintindex":0,"rotation":270,"texture":"#15"}},"rotation":{"origin":[5.7701263,8.151269,-9.963245],"angle":45.0,"axis":"x"}},{"from":[5.811571,12.715761,-9.627996],"to":[5.9796824,12.995948,-9.487904],"faces":{"east":{"uv":[9.5,2.5,9.84375,2.6875],"tintindex":0,"rotation":0,"texture":"#18"},"south":{"uv":[1.25,9.25,1.46875,9.59375],"tintindex":0,"rotation":0,"texture":"#18"},"north":{"uv":[1.5,9.25,1.71875,9.59375],"tintindex":0,"rotation":0,"texture":"#18"},"west":{"uv":[2.5,9.5,2.84375,9.6875],"tintindex":0,"rotation":0,"texture":"#18"},"up":{"uv":[6.6875,9.96875,6.5,9.75],"tintindex":0,"rotation":90,"texture":"#18"},"down":{"uv":[9.9375,6.5,9.75,6.71875],"tintindex":0,"rotation":270,"texture":"#18"}}},{"from":[5.8117228,9.984278,-8.907444],"to":[6.00768,11.160021,-8.613508],"faces":{"east":{"uv":[0.375,4.0,0.0,5.5],"tintindex":0,"rotation":0,"texture":"#18"},"south":{"uv":[4.5,4.5,4.25,6.0],"tintindex":0,"rotation":0,"texture":"#18"},"north":{"uv":[4.75,1.5,4.5,3.0],"tintindex":0,"rotation":0,"texture":"#18"},"west":{"uv":[4.375,0.0,4.0,1.5],"tintindex":0,"rotation":0,"texture":"#18"},"up":{"uv":[0.0,9.0,0.375,8.75],"tintindex":0,"rotation":90,"texture":"#18"},"down":{"uv":[0.5,8.75,0.875,9.0],"tintindex":0,"rotation":270,"texture":"#18"}}},{"from":[5.623657,7.922944,-10.017832],"to":[6.1982174,8.213486,-9.500301],"faces":{"east":{"uv":[2.5,6.25,3.15625,6.625],"tintindex":0,"rotation":0,"texture":"#18"},"south":{"uv":[5.75,3.5,6.46875,3.875],"tintindex":0,"rotation":0,"texture":"#18"},"north":{"uv":[4.5,5.75,5.21875,6.125],"tintindex":0,"rotation":0,"texture":"#18"},"west":{"uv":[6.25,2.5,6.90625,2.875],"tintindex":0,"rotation":0,"texture":"#18"},"up":{"uv":[4.15625,4.71875,3.5,4.0],"tintindex":0,"rotation":90,"texture":"#18"},"down":{"uv":[4.90625,3.75,4.25,4.46875],"tintindex":0,"rotation":270,"texture":"#18"}},"rotation":{"origin":[6.0645804,8.046425,-9.831701],"angle":45.0,"axis":"x"}},{"from":[5.8240366,7.762664,-10.682449],"to":[5.995746,8.071738,-10.427704],"faces":{"east":{"uv":[4.75,8.0,5.0625,8.40625],"tintindex":0,"rotation":0,"texture":"#18"},"south":{"uv":[8.75,3.0,8.96875,3.40625],"tintindex":0,"rotation":0,"texture":"#18"},"north":{"uv":[3.25,8.75,3.46875,9.15625],"tintindex":0,"rotation":0,"texture":"#18"},"west":{"uv":[5.25,8.0,5.5625,8.40625],"tintindex":0,"rotation":0,"texture":"#18"},"up":{"uv":[9.5625,6.46875,9.25,6.25],"tintindex":0,"rotation":90,"texture":"#18"},"down":{"uv":[9.5625,6.5,9.25,6.71875],"tintindex":0,"rotation":270,"texture":"#18"}}},{"from":[5.7978296,11.260457,-7.978303],"to":[6.005544,11.75035,-7.590309],"faces":{"east":{"uv":[5.75,1.25,5.25,1.875],"tintindex":0,"rotation":0,"texture":"#18"},"south":{"uv":[5.75,0.5,5.25,1.125],"tintindex":0,"rotation":0,"texture":"#18"},"north":{"uv":[5.75,2.0,5.25,2.625],"tintindex":0,"rotation":0,"texture":"#18"},"west":{"uv":[4.25,4.75,3.75,5.375],"tintindex":0,"rotation":0,"texture":"#18"},"up":{"uv":[6.25,2.0,6.75,1.5],"tintindex":0,"rotation":90,"texture":"#18"},"down":{"uv":[6.25,2.0,6.75,2.5],"tintindex":0,"rotation":270,"texture":"#18"}},"rotation":{"origin":[6.1015635,11.64821,-9.285263],"angle":-45.0,"axis":"x"}},{"from":[5.623657,7.922944,-9.63443],"to":[6.1982174,8.213486,-9.116903],"faces":{"east":{"uv":[6.25,4.0,6.90625,4.375],"tintindex":0,"rotation":0,"texture":"#18"},"south":{"uv":[5.25,5.75,5.96875,6.125],"tintindex":0,"rotation":0,"texture":"#18"},"north":{"uv":[6.0,0.0,6.71875,0.375],"tintindex":0,"rotation":0,"texture":"#18"},"west":{"uv":[4.25,6.25,4.90625,6.625],"tintindex":0,"rotation":0,"texture":"#18"},"up":{"uv":[5.15625,0.71875,4.5,0.0],"tintindex":0,"rotation":90,"texture":"#18"},"down":{"uv":[5.15625,0.75,4.5,1.46875],"tintindex":0,"rotation":270,"texture":"#18"}},"rotation":{"origin":[5.9615855,8.046425,-9.30303],"angle":-45.0,"axis":"x"}},{"from":[5.8526974,8.822371,-10.389862],"to":[5.9702716,9.257344,-10.193907],"faces":{"east":{"uv":[4.5,7.5,4.75,8.0625],"tintindex":0,"rotation":0,"texture":"#18"},"south":{"uv":[4.0,8.75,4.15625,9.3125],"tintindex":0,"rotation":0,"texture":"#18"},"north":{"uv":[7.0,8.75,7.15625,9.3125],"tintindex":0,"rotation":0,"texture":"#18"},"west":{"uv":[7.75,2.5,8.0,3.0625],"tintindex":0,"rotation":0,"texture":"#18"},"up":{"uv":[8.75,9.90625,8.5,9.75],"tintindex":0,"rotation":90,"texture":"#18"},"down":{"uv":[9.0,9.75,8.75,9.90625],"tintindex":0,"rotation":270,"texture":"#18"}}},{"from":[5.799789,11.746022,-8.617138],"to":[6.003585,12.098744,-8.186031],"faces":{"east":{"uv":[6.3125,6.25,5.75,6.6875],"tintindex":0,"rotation":0,"texture":"#18"},"south":{"uv":[8.09375,0.5,7.75,0.9375],"tintindex":0,"rotation":0,"texture":"#18"},"north":{"uv":[1.84375,7.75,1.5,8.1875],"tintindex":0,"rotation":0,"texture":"#18"},"west":{"uv":[5.5625,6.25,5.0,6.6875],"tintindex":0,"rotation":0,"texture":"#18"},"up":{"uv":[7.0,2.84375,7.5625,2.5],"tintindex":0,"rotation":90,"texture":"#18"},"down":{"uv":[3.0,7.0,3.5625,7.34375],"tintindex":0,"rotation":270,"texture":"#18"}}},{"from":[5.892663,8.914525,-7.5305424],"to":[5.940467,9.279748,-7.3512783],"faces":{"east":{"uv":[10.21875,1.25,10.0,1.40625],"tintindex":0,"rotation":0,"texture":"#18"},"south":{"uv":[2.5625,10.25,2.5,10.40625],"tintindex":0,"rotation":0,"texture":"#18"},"north":{"uv":[10.3125,2.25,10.25,2.40625],"tintindex":0,"rotation":0,"texture":"#18"},"west":{"uv":[1.71875,10.0,1.5,10.15625],"tintindex":0,"rotation":0,"texture":"#18"},"up":{"uv":[10.25,0.8125,10.46875,0.75],"tintindex":0,"rotation":90,"texture":"#18"},"down":{"uv":[10.25,1.0,10.46875,1.0625],"tintindex":0,"rotation":270,"texture":"#18"}},"rotation":{"origin":[5.901614,10.521689,-8.334793],"angle":45.0,"axis":"x"}},{"from":[5.7537174,8.145362,-8.892342],"to":[6.0667577,8.3053255,-8.720953],"faces":{"east":{"uv":[9.0625,5.5,8.875,5.6875],"tintindex":0,"rotation":0,"texture":"#15"},"south":{"uv":[9.1875,9.125,9.125,9.3125],"tintindex":0,"rotation":0,"texture":"#15"},"north":{"uv":[9.0625,9.125,9.0,9.3125],"tintindex":0,"rotation":0,"texture":"#15"},"west":{"uv":[8.875,5.5,9.0625,5.6875],"tintindex":0,"rotation":0,"texture":"#15"},"up":{"uv":[9.25,0.0625,9.4375,0.0],"tintindex":0,"rotation":90,"texture":"#15"},"down":{"uv":[9.25,0.125,9.4375,0.1875],"tintindex":0,"rotation":270,"texture":"#15"}},"rotation":{"origin":[5.7785373,8.3281765,-8.892342],"angle":-22.5,"axis":"x"}},{"from":[5.9016867,4.737382,-8.337896],"to":[5.9016867,5.4092093,-7.5155296],"faces":{"east":{"uv":[6.75,5.5,0.0,0.0],"tintindex":0,"rotation":0,"texture":"#19"},"west":{"uv":[0.0,5.5,6.75,0.0],"tintindex":0,"rotation":0,"texture":"#19"}},"rotation":{"origin":[5.730156,2.7084942,-10.951473],"angle":-22.5,"axis":"x"}},{"from":[5.7855377,5.5373044,-9.688267],"to":[6.036658,7.134447,-9.437147],"faces":{"east":{"uv":[6.03125,0.0,7.03125,6.5],"tintindex":0,"rotation":0,"texture":"#20"},"south":{"uv":[0.125,0.0,1.03125,2.1875],"tintindex":0,"rotation":0,"texture":"#20"},"north":{"uv":[6.03125,0.03125,7.03125,6.53125],"tintindex":0,"rotation":0,"texture":"#20"},"west":{"uv":[6.0,0.0,7.03125,6.5],"tintindex":0,"rotation":0,"texture":"#20"},"up":{"uv":[4.03125,9.03125,3.0,8.0],"tintindex":0,"rotation":90,"texture":"#20"},"down":{"uv":[7.03125,8.0,6.0,9.03125],"tintindex":0,"rotation":270,"texture":"#20"}}},{"from":[5.8526974,8.822371,-8.931507],"to":[5.9702716,9.257344,-8.73555],"faces":{"east":{"uv":[4.75,7.5,4.5,8.0625],"tintindex":0,"rotation":0,"texture":"#18"},"south":{"uv":[7.15625,8.75,7.0,9.3125],"tintindex":0,"rotation":0,"texture":"#18"},"north":{"uv":[4.15625,8.75,4.0,9.3125],"tintindex":0,"rotation":0,"texture":"#18"},"west":{"uv":[8.0,2.5,7.75,3.0625],"tintindex":0,"rotation":0,"texture":"#18"},"up":{"uv":[8.5,9.90625,8.75,9.75],"tintindex":0,"rotation":90,"texture":"#18"},"down":{"uv":[8.75,9.75,9.0,9.90625],"tintindex":0,"rotation":270,"texture":"#18"}}},{"from":[5.921283,7.3419538,-11.749443],"to":[5.921283,8.013781,-10.927076],"faces":{"east":{"uv":[0.0,0.0,6.75,5.5],"tintindex":0,"rotation":0,"texture":"#19"},"west":{"uv":[6.75,0.0,0.0,5.5],"tintindex":0,"rotation":0,"texture":"#19"}},"rotation":{"origin":[6.0928135,9.960555,-8.313498],"angle":-22.5,"axis":"x"}},{"from":[5.9110975,9.012811,-8.722855],"to":[5.9110975,9.508785,-8.088421],"faces":{"east":{"uv":[4.0,0.71875,4.84375,0.0],"tintindex":0,"rotation":90,"texture":"#15"},"west":{"uv":[4.0,0.71875,4.84375,0.0],"tintindex":0,"rotation":270,"texture":"#15"}},"rotation":{"origin":[5.4092493,9.088982,-8.262632],"angle":-45.0,"axis":"x"}},{"from":[5.7419233,7.9149313,-10.07901],"to":[6.0824833,8.163539,-9.942276],"faces":{"east":{"uv":[6.125,7.25,6.25,7.5],"tintindex":0,"rotation":0,"texture":"#15"},"south":{"uv":[8.75,2.5,8.9375,2.75],"tintindex":0,"rotation":0,"texture":"#15"},"north":{"uv":[2.75,8.75,2.9375,9.0],"tintindex":0,"rotation":0,"texture":"#15"},"west":{"uv":[5.5,8.875,5.625,9.125],"tintindex":0,"rotation":0,"texture":"#15"},"up":{"uv":[4.0,9.3125,3.875,9.125],"tintindex":0,"rotation":90,"texture":"#15"},"down":{"uv":[9.25,5.25,9.125,5.4375],"tintindex":0,"rotation":270,"texture":"#15"}},"rotation":{"origin":[5.7689247,8.163539,-9.942276],"angle":45.0,"axis":"x"}},{"from":[5.8240366,7.762664,-8.697708],"to":[5.995746,8.071738,-8.442965],"faces":{"east":{"uv":[5.0625,8.0,4.75,8.40625],"tintindex":0,"rotation":0,"texture":"#18"},"south":{"uv":[3.46875,8.75,3.25,9.15625],"tintindex":0,"rotation":0,"texture":"#18"},"north":{"uv":[8.96875,3.0,8.75,3.40625],"tintindex":0,"rotation":0,"texture":"#18"},"west":{"uv":[5.5625,8.0,5.25,8.40625],"tintindex":0,"rotation":0,"texture":"#18"},"up":{"uv":[9.25,6.46875,9.5625,6.25],"tintindex":0,"rotation":90,"texture":"#18"},"down":{"uv":[9.25,6.5,9.5625,6.71875],"tintindex":0,"rotation":270,"texture":"#18"}}},{"from":[5.8703337,8.611656,-10.235357],"to":[5.9683123,9.053328,-10.115843],"faces":{"east":{"uv":[9.75,9.0,9.90625,9.25],"tintindex":0,"rotation":0,"texture":"#18"},"south":{"uv":[5.25,10.0,5.375,10.25],"tintindex":0,"rotation":0,"texture":"#18"},"north":{"uv":[10.0,5.25,10.125,5.5],"tintindex":0,"rotation":0,"texture":"#18"},"west":{"uv":[9.75,9.25,9.90625,9.5],"tintindex":0,"rotation":0,"texture":"#18"},"up":{"uv":[8.90625,10.125,8.75,10.0],"tintindex":0,"rotation":90,"texture":"#18"},"down":{"uv":[10.15625,8.75,10.0,8.875],"tintindex":0,"rotation":270,"texture":"#18"}},"rotation":{"origin":[5.9800696,8.857369,-10.235357],"angle":-45.0,"axis":"x"}},{"from":[5.7700014,8.4945965,-6.567709],"to":[6.0447354,8.838014,-6.3129654],"faces":{"east":{"uv":[8.0625,6.25,7.75,6.6875],"tintindex":0,"rotation":0,"texture":"#18"},"south":{"uv":[7.84375,5.75,7.5,6.1875],"tintindex":0,"rotation":0,"texture":"#18"},"north":{"uv":[7.84375,5.25,7.5,5.6875],"tintindex":0,"rotation":0,"texture":"#18"},"west":{"uv":[8.0625,6.75,7.75,7.1875],"tintindex":0,"rotation":0,"texture":"#18"},"up":{"uv":[8.5,4.09375,8.8125,3.75],"tintindex":0,"rotation":90,"texture":"#18"},"down":{"uv":[4.75,8.5,5.0625,8.84375],"tintindex":0,"rotation":270,"texture":"#18"}},"rotation":{"origin":[5.9385757,11.007273,-8.388859],"angle":45.0,"axis":"x"}},{"from":[6.234427,7.1699533,-9.918993],"to":[6.234427,9.328834,-8.727886],"faces":{"east":{"uv":[15.5625,0.0,7.5625,14.5],"tintindex":0,"rotation":0,"texture":"#17"},"west":{"uv":[7.6875,0.0,15.6875,14.5],"tintindex":0,"rotation":0,"texture":"#17"}},"rotation":{"origin":[6.687298,7.7889915,-9.457226],"angle":45.0,"axis":"x"}},{"from":[5.798094,5.1229568,-9.688267],"to":[6.0241017,5.223405,-9.58782],"faces":{"east":{"uv":[9.25,1.125,9.34375,1.21875],"tintindex":0,"rotation":0,"texture":"#15"},"south":{"uv":[6.875,9.125,7.09375,9.21875],"tintindex":0,"rotation":0,"texture":"#15"},"north":{"uv":[9.125,6.875,9.34375,6.96875],"tintindex":0,"rotation":0,"texture":"#15"},"west":{"uv":[9.25,1.25,9.34375,1.34375],"tintindex":0,"rotation":0,"texture":"#15"},"up":{"uv":[6.71875,9.34375,6.625,9.125],"tintindex":0,"rotation":90,"texture":"#15"},"down":{"uv":[9.21875,7.0,9.125,7.21875],"tintindex":0,"rotation":270,"texture":"#15"}},"rotation":{"origin":[5.9110975,5.248517,-9.562708],"angle":-45.0,"axis":"x"}},{"from":[5.7855377,4.9776907,-9.688267],"to":[6.036658,5.166031,-9.349255],"faces":{"east":{"uv":[8.375,6.25,8.71875,6.4375],"tintindex":0,"rotation":0,"texture":"#15"},"south":{"uv":[1.5,8.75,1.75,8.9375],"tintindex":0,"rotation":0,"texture":"#15"},"north":{"uv":[1.75,8.75,2.0,8.9375],"tintindex":0,"rotation":0,"texture":"#15"},"west":{"uv":[8.375,6.5,8.71875,6.6875],"tintindex":0,"rotation":0,"texture":"#15"},"up":{"uv":[7.84375,8.5,7.5,8.25],"tintindex":0,"rotation":90,"texture":"#15"},"down":{"uv":[8.21875,8.25,7.875,8.5],"tintindex":0,"rotation":270,"texture":"#15"}},"rotation":{"origin":[5.9110975,5.191142,-9.562708],"angle":45.0,"axis":"x"}},{"from":[5.921283,7.3419538,-11.749443],"to":[5.921283,8.013781,-10.927076],"faces":{"east":{"uv":[0.0,0.0,6.75,5.5],"tintindex":0,"rotation":0,"texture":"#19"},"west":{"uv":[6.75,0.0,0.0,5.5],"tintindex":0,"rotation":0,"texture":"#19"}},"rotation":{"origin":[6.0928135,9.960555,-8.313498],"angle":-22.5,"axis":"x"}},{"from":[5.921283,7.3419538,-8.198338],"to":[5.921283,8.013781,-7.375972],"faces":{"east":{"uv":[6.75,0.0,0.0,5.5],"tintindex":0,"rotation":0,"texture":"#19"},"west":{"uv":[0.0,0.0,6.75,5.5],"tintindex":0,"rotation":0,"texture":"#19"}},"rotation":{"origin":[6.0928135,9.960555,-10.811916],"angle":22.5,"axis":"x"}},{"from":[5.799789,12.200903,-7.8314457],"to":[6.003585,12.782895,-7.619812],"faces":{"east":{"uv":[4.53125,6.75,4.25,7.5],"tintindex":0,"rotation":0,"texture":"#18"},"south":{"uv":[3.5625,6.25,3.25,7.0],"tintindex":0,"rotation":0,"texture":"#18"},"north":{"uv":[6.8125,3.0,6.5,3.75],"tintindex":0,"rotation":0,"texture":"#18"},"west":{"uv":[2.78125,6.75,2.5,7.5],"tintindex":0,"rotation":0,"texture":"#18"},"up":{"uv":[8.75,7.5625,9.03125,7.25],"tintindex":0,"rotation":90,"texture":"#18"},"down":{"uv":[7.75,8.75,8.03125,9.0625],"tintindex":0,"rotation":270,"texture":"#18"}},"rotation":{"origin":[6.076089,11.745202,-9.382256],"angle":-45.0,"axis":"x"}},{"from":[5.803708,12.850616,-10.314917],"to":[5.9996653,13.203339,-9.923002],"faces":{"east":{"uv":[6.5,6.25,7.0,6.6875],"tintindex":0,"rotation":0,"texture":"#18"},"south":{"uv":[0.75,6.5,1.0,6.9375],"tintindex":0,"rotation":0,"texture":"#18"},"north":{"uv":[3.5,5.75,3.75,6.1875],"tintindex":0,"rotation":0,"texture":"#18"},"west":{"uv":[6.5,5.75,7.0,6.1875],"tintindex":0,"rotation":0,"texture":"#18"},"up":{"uv":[8.75,5.25,8.25,5.0],"tintindex":0,"rotation":90,"texture":"#18"},"down":{"uv":[8.75,6.25,8.25,6.5],"tintindex":0,"rotation":270,"texture":"#18"}},"rotation":{"origin":[6.056493,11.768192,-9.768904],"angle":-45.0,"axis":"x"}},{"from":[5.7478695,6.9758387,-9.725935],"to":[6.0743256,7.164179,-9.399479],"faces":{"east":{"uv":[8.625,1.4375,8.9375,1.25],"tintindex":0,"rotation":0,"texture":"#15"},"south":{"uv":[8.625,1.6875,8.9375,1.5],"tintindex":0,"rotation":0,"texture":"#15"},"north":{"uv":[8.625,2.1875,8.9375,2.0],"tintindex":0,"rotation":0,"texture":"#15"},"west":{"uv":[8.625,1.9375,8.9375,1.75],"tintindex":0,"rotation":0,"texture":"#15"},"up":{"uv":[8.1875,0.6875,7.875,0.375],"tintindex":0,"rotation":90,"texture":"#15"},"down":{"uv":[6.0625,7.75,5.75,8.0625],"tintindex":0,"rotation":270,"texture":"#15"}}},{"from":[5.791951,12.212994,-8.161377],"to":[6.0075035,12.742078,-7.7381105],"faces":{"east":{"uv":[1.03125,4.75,0.5,5.4375],"tintindex":0,"rotation":0,"texture":"#18"},"south":{"uv":[6.15625,1.5,5.75,2.1875],"tintindex":0,"rotation":0,"texture":"#18"},"north":{"uv":[6.15625,2.25,5.75,2.9375],"tintindex":0,"rotation":0,"texture":"#18"},"west":{"uv":[5.03125,4.5,4.5,5.1875],"tintindex":0,"rotation":0,"texture":"#18"},"up":{"uv":[6.75,0.40625,7.28125,0.0],"tintindex":0,"rotation":90,"texture":"#18"},"down":{"uv":[6.75,1.5,7.28125,1.90625],"tintindex":0,"rotation":270,"texture":"#18"}},"rotation":{"origin":[6.076089,11.745202,-9.382256],"angle":-22.5,"axis":"x"}},{"from":[5.823304,9.528898,-8.810173],"to":[5.9996653,9.626876,-8.516237],"faces":{"east":{"uv":[10.125,1.0,9.75,1.125],"tintindex":0,"rotation":0,"texture":"#18"},"south":{"uv":[10.21875,6.0,10.0,6.125],"tintindex":0,"rotation":0,"texture":"#18"},"north":{"uv":[6.21875,10.0,6.0,10.125],"tintindex":0,"rotation":0,"texture":"#18"},"west":{"uv":[1.625,9.75,1.25,9.875],"tintindex":0,"rotation":0,"texture":"#18"},"up":{"uv":[9.0,1.21875,9.375,1.0],"tintindex":0,"rotation":90,"texture":"#18"},"down":{"uv":[1.25,9.0,1.625,9.21875],"tintindex":0,"rotation":270,"texture":"#18"}},"rotation":{"origin":[6.2152185,9.528898,-8.516237],"angle":22.5,"axis":"x"}},{"from":[5.8017488,12.692194,-8.286819],"to":[6.001625,13.150734,-8.075186],"faces":{"east":{"uv":[6.03125,7.25,5.75,7.84375],"tintindex":0,"rotation":0,"texture":"#18"},"south":{"uv":[5.53125,7.25,5.25,7.84375],"tintindex":0,"rotation":0,"texture":"#18"},"north":{"uv":[6.53125,7.25,6.25,7.84375],"tintindex":0,"rotation":0,"texture":"#18"},"west":{"uv":[5.03125,7.25,4.75,7.84375],"tintindex":0,"rotation":0,"texture":"#18"},"up":{"uv":[9.0,4.03125,9.28125,3.75],"tintindex":0,"rotation":90,"texture":"#18"},"down":{"uv":[4.25,9.0,4.53125,9.28125],"tintindex":0,"rotation":270,"texture":"#18"}},"rotation":{"origin":[6.076089,11.745202,-9.382256],"angle":-22.5,"axis":"x"}},{"from":[5.823304,9.528898,-10.609177],"to":[5.9996653,9.626876,-10.315241],"faces":{"east":{"uv":[9.75,1.0,10.125,1.125],"tintindex":0,"rotation":0,"texture":"#18"},"south":{"uv":[6.0,10.0,6.21875,10.125],"tintindex":0,"rotation":0,"texture":"#18"},"north":{"uv":[10.0,6.0,10.21875,6.125],"tintindex":0,"rotation":0,"texture":"#18"},"west":{"uv":[1.25,9.75,1.625,9.875],"tintindex":0,"rotation":0,"texture":"#18"},"up":{"uv":[9.375,1.21875,9.0,1.0],"tintindex":0,"rotation":90,"texture":"#18"},"down":{"uv":[1.625,9.0,1.25,9.21875],"tintindex":0,"rotation":270,"texture":"#18"}},"rotation":{"origin":[6.2152185,9.528898,-10.609177],"angle":-22.5,"axis":"x"}},{"from":[5.6721764,7.2520304,-9.884907],"to":[6.162751,7.3655233,-9.231184],"faces":{"east":{"uv":[8.0,0.25,8.84375,0.40625],"tintindex":0,"rotation":0,"texture":"#18"},"south":{"uv":[6.5,8.5,7.125,8.65625],"tintindex":0,"rotation":0,"texture":"#18"},"north":{"uv":[8.25,8.5,8.875,8.65625],"tintindex":0,"rotation":0,"texture":"#18"},"west":{"uv":[8.0,0.25,8.84375,0.40625],"tintindex":0,"rotation":0,"texture":"#18"},"up":{"uv":[1.34375,4.625,0.5,4.0],"tintindex":0,"rotation":90,"texture":"#18"},"down":{"uv":[2.34375,4.0,1.5,4.625],"tintindex":0,"rotation":270,"texture":"#18"}}},{"from":[5.811571,12.627364,-9.780668],"to":[5.9796824,12.767458,-9.500484],"faces":{"east":{"uv":[2.0,9.5,2.34375,9.6875],"tintindex":0,"rotation":0,"texture":"#18"},"south":{"uv":[5.5,9.75,5.71875,9.9375],"tintindex":0,"rotation":0,"texture":"#18"},"north":{"uv":[5.25,9.75,5.46875,9.9375],"tintindex":0,"rotation":0,"texture":"#18"},"west":{"uv":[9.25,8.25,9.59375,8.4375],"tintindex":0,"rotation":0,"texture":"#18"},"up":{"uv":[9.34375,8.71875,9.0,8.5],"tintindex":0,"rotation":90,"texture":"#18"},"down":{"uv":[9.34375,8.75,9.0,8.96875],"tintindex":0,"rotation":270,"texture":"#18"}}},{"from":[5.803708,12.850616,-9.202414],"to":[5.9996653,13.203339,-8.810497],"faces":{"east":{"uv":[7.0,6.25,6.5,6.6875],"tintindex":0,"rotation":0,"texture":"#18"},"south":{"uv":[3.75,5.75,3.5,6.1875],"tintindex":0,"rotation":0,"texture":"#18"},"north":{"uv":[1.0,6.5,0.75,6.9375],"tintindex":0,"rotation":0,"texture":"#18"},"west":{"uv":[7.0,5.75,6.5,6.1875],"tintindex":0,"rotation":0,"texture":"#18"},"up":{"uv":[8.25,5.25,8.75,5.0],"tintindex":0,"rotation":90,"texture":"#18"},"down":{"uv":[8.25,6.25,8.75,6.5],"tintindex":0,"rotation":270,"texture":"#18"}},"rotation":{"origin":[6.056493,11.768192,-9.356512],"angle":45.0,"axis":"x"}},{"from":[5.7478695,5.2558393,-9.725935],"to":[6.0743256,5.501553,-9.399479],"faces":{"east":{"uv":[8.625,1.4375,8.9375,1.25],"tintindex":0,"rotation":0,"texture":"#15"},"south":{"uv":[8.625,1.6875,8.9375,1.5],"tintindex":0,"rotation":0,"texture":"#15"},"north":{"uv":[8.625,2.1875,8.9375,2.0],"tintindex":0,"rotation":0,"texture":"#15"},"west":{"uv":[8.625,1.9375,8.9375,1.75],"tintindex":0,"rotation":0,"texture":"#15"},"up":{"uv":[8.1875,0.6875,7.875,0.375],"tintindex":0,"rotation":90,"texture":"#15"},"down":{"uv":[6.0625,7.75,5.75,8.0625],"tintindex":0,"rotation":270,"texture":"#15"}}},{"from":[5.811571,12.514933,-9.487904],"to":[5.9796824,12.795117,-9.347813],"faces":{"east":{"uv":[2.0,9.5,2.34375,9.6875],"tintindex":0,"rotation":0,"texture":"#18"},"south":{"uv":[9.0,9.0,9.21875,9.34375],"tintindex":0,"rotation":0,"texture":"#18"},"north":{"uv":[6.75,9.0,6.96875,9.34375],"tintindex":0,"rotation":0,"texture":"#18"},"west":{"uv":[9.25,8.25,9.59375,8.4375],"tintindex":0,"rotation":0,"texture":"#18"},"up":{"uv":[5.9375,9.96875,5.75,9.75],"tintindex":0,"rotation":90,"texture":"#18"},"down":{"uv":[6.1875,9.75,6.0,9.96875],"tintindex":0,"rotation":270,"texture":"#18"}},"rotation":{"origin":[5.8646755,12.795117,-9.627996],"angle":45.0,"axis":"x"}},{"from":[5.9016867,4.737382,-8.337896],"to":[5.9016867,5.4092093,-7.5155296],"faces":{"east":{"uv":[6.75,5.5,0.0,0.0],"tintindex":0,"rotation":0,"texture":"#19"},"west":{"uv":[0.0,5.5,6.75,0.0],"tintindex":0,"rotation":0,"texture":"#19"}},"rotation":{"origin":[5.730156,2.7084942,-10.951473],"angle":-22.5,"axis":"x"}},{"from":[5.813506,9.619417,-8.772678],"to":[6.0094633,9.717397,-8.478743],"faces":{"east":{"uv":[10.125,0.5,9.75,0.625],"tintindex":0,"rotation":0,"texture":"#18"},"south":{"uv":[10.25,5.0,10.0,5.125],"tintindex":0,"rotation":0,"texture":"#18"},"north":{"uv":[5.25,10.0,5.0,10.125],"tintindex":0,"rotation":0,"texture":"#18"},"west":{"uv":[10.125,0.75,9.75,0.875],"tintindex":0,"rotation":0,"texture":"#18"},"up":{"uv":[8.75,0.75,9.125,0.5],"tintindex":0,"rotation":90,"texture":"#18"},"down":{"uv":[8.75,0.75,9.125,1.0],"tintindex":0,"rotation":270,"texture":"#18"}}},{"from":[5.811571,12.514933,-9.768091],"to":[5.9796824,12.795117,-9.627996],"faces":{"east":{"uv":[9.25,8.25,9.59375,8.4375],"tintindex":0,"rotation":0,"texture":"#18"},"south":{"uv":[6.75,9.0,6.96875,9.34375],"tintindex":0,"rotation":0,"texture":"#18"},"north":{"uv":[9.0,9.0,9.21875,9.34375],"tintindex":0,"rotation":0,"texture":"#18"},"west":{"uv":[2.0,9.5,2.34375,9.6875],"tintindex":0,"rotation":0,"texture":"#18"},"up":{"uv":[5.9375,9.96875,5.75,9.75],"tintindex":0,"rotation":90,"texture":"#18"},"down":{"uv":[6.1875,9.75,6.0,9.96875],"tintindex":0,"rotation":270,"texture":"#18"}},"rotation":{"origin":[6.116843,12.795117,-9.487904],"angle":-45.0,"axis":"x"}},{"from":[5.7604256,5.002803,-9.688267],"to":[6.0617695,5.2539225,-9.437147],"faces":{"east":{"uv":[8.375,6.75,8.625,7.0],"tintindex":0,"rotation":0,"texture":"#15"},"south":{"uv":[8.375,2.75,8.6875,3.0],"tintindex":0,"rotation":0,"texture":"#15"},"north":{"uv":[8.375,3.0,8.6875,3.25],"tintindex":0,"rotation":0,"texture":"#15"},"west":{"uv":[8.625,6.75,8.375,7.0],"tintindex":0,"rotation":0,"texture":"#15"},"up":{"uv":[6.5,6.8125,6.25,6.5],"tintindex":0,"rotation":90,"texture":"#15"},"down":{"uv":[8.625,3.25,8.375,3.5625],"tintindex":0,"rotation":270,"texture":"#15"}},"rotation":{"origin":[5.9110975,5.128362,-9.562708],"angle":-45.0,"axis":"x"}},{"from":[5.7478695,5.5973816,-9.725935],"to":[6.0743256,5.843096,-9.399479],"faces":{"east":{"uv":[8.625,1.4375,8.9375,1.25],"tintindex":0,"rotation":0,"texture":"#15"},"south":{"uv":[8.625,1.6875,8.9375,1.5],"tintindex":0,"rotation":0,"texture":"#15"},"north":{"uv":[8.625,2.1875,8.9375,2.0],"tintindex":0,"rotation":0,"texture":"#15"},"west":{"uv":[8.625,1.9375,8.9375,1.75],"tintindex":0,"rotation":0,"texture":"#15"},"up":{"uv":[8.1875,0.6875,7.875,0.375],"tintindex":0,"rotation":90,"texture":"#15"},"down":{"uv":[6.0625,7.75,5.75,8.0625],"tintindex":0,"rotation":270,"texture":"#15"}}},{"from":[5.9467263,12.035097,-11.917141],"to":[5.9467263,12.895096,-10.791279],"faces":{"east":{"uv":[4.21875,0.25,4.625,0.59375],"tintindex":0,"rotation":90,"texture":"#15"},"west":{"uv":[4.625,0.25,4.21875,0.59375],"tintindex":0,"rotation":270,"texture":"#15"}}},{"from":[5.5877686,7.1699533,-9.918993],"to":[5.5877686,9.328834,-8.727886],"faces":{"east":{"uv":[15.6875,0.0,7.6875,14.5],"tintindex":0,"rotation":0,"texture":"#17"},"west":{"uv":[7.5625,0.0,15.5625,14.5],"tintindex":0,"rotation":0,"texture":"#17"}},"rotation":{"origin":[5.1348977,7.7889915,-9.457226],"angle":45.0,"axis":"x"}},{"from":[6.234427,7.1699533,-10.397528],"to":[6.234427,9.328834,-9.206421],"faces":{"east":{"uv":[7.5625,0.0,15.5625,14.5],"tintindex":0,"rotation":0,"texture":"#17"},"west":{"uv":[15.6875,0.0,7.6875,14.5],"tintindex":0,"rotation":0,"texture":"#17"}},"rotation":{"origin":[6.687298,7.7889915,-9.668188],"angle":-45.0,"axis":"x"}},{"from":[5.811571,12.627364,-9.460613],"to":[5.9796824,12.767458,-9.335232],"faces":{"east":{"uv":[9.25,8.25,9.59375,8.4375],"tintindex":0,"rotation":0,"texture":"#18"},"south":{"uv":[5.25,9.75,5.46875,9.9375],"tintindex":0,"rotation":0,"texture":"#18"},"north":{"uv":[5.5,9.75,5.71875,9.9375],"tintindex":0,"rotation":0,"texture":"#18"},"west":{"uv":[2.0,9.5,2.34375,9.6875],"tintindex":0,"rotation":0,"texture":"#18"},"up":{"uv":[9.34375,8.71875,9.0,8.5],"tintindex":0,"rotation":90,"texture":"#18"},"down":{"uv":[9.34375,8.75,9.0,8.96875],"tintindex":0,"rotation":270,"texture":"#18"}}},{"from":[5.7978296,11.260457,-11.535105],"to":[6.005544,11.75035,-11.14711],"faces":{"east":{"uv":[5.25,1.25,5.75,1.875],"tintindex":0,"rotation":0,"texture":"#18"},"south":{"uv":[5.25,2.0,5.75,2.625],"tintindex":0,"rotation":0,"texture":"#18"},"north":{"uv":[5.25,0.5,5.75,1.125],"tintindex":0,"rotation":0,"texture":"#18"},"west":{"uv":[3.75,4.75,4.25,5.375],"tintindex":0,"rotation":0,"texture":"#18"},"up":{"uv":[6.75,2.0,6.25,1.5],"tintindex":0,"rotation":90,"texture":"#18"},"down":{"uv":[6.75,2.0,6.25,2.5],"tintindex":0,"rotation":270,"texture":"#18"}},"rotation":{"origin":[6.1015635,11.64821,-9.840153],"angle":45.0,"axis":"x"}},{"from":[5.8450317,9.523316,-11.230797],"to":[5.988441,9.7192745,-10.991779],"faces":{"east":{"uv":[9.0,1.75,9.3125,2.0],"tintindex":0,"rotation":0,"texture":"#18"},"south":{"uv":[9.75,1.25,9.9375,1.5],"tintindex":0,"rotation":0,"texture":"#18"},"north":{"uv":[9.75,1.5,9.9375,1.75],"tintindex":0,"rotation":0,"texture":"#18"},"west":{"uv":[4.75,9.0,5.0625,9.25],"tintindex":0,"rotation":0,"texture":"#18"},"up":{"uv":[9.8125,6.1875,9.5,6.0],"tintindex":0,"rotation":90,"texture":"#18"},"down":{"uv":[6.5625,9.5,6.25,9.6875],"tintindex":0,"rotation":270,"texture":"#18"}},"rotation":{"origin":[5.9135656,10.323275,-9.578846],"angle":-45.0,"axis":"x"}},{"from":[5.811571,12.627364,-9.780668],"to":[5.9796824,12.767458,-9.655289],"faces":{"east":{"uv":[2.0,9.5,2.34375,9.6875],"tintindex":0,"rotation":0,"texture":"#18"},"south":{"uv":[5.5,9.75,5.71875,9.9375],"tintindex":0,"rotation":0,"texture":"#18"},"north":{"uv":[5.25,9.75,5.46875,9.9375],"tintindex":0,"rotation":0,"texture":"#18"},"west":{"uv":[9.25,8.25,9.59375,8.4375],"tintindex":0,"rotation":0,"texture":"#18"},"up":{"uv":[9.34375,8.71875,9.0,8.5],"tintindex":0,"rotation":90,"texture":"#18"},"down":{"uv":[9.34375,8.75,9.0,8.96875],"tintindex":0,"rotation":270,"texture":"#18"}}},{"from":[5.816928,6.948811,-9.955851],"to":[6.0052676,7.1371503,-9.660994],"faces":{"east":{"uv":[9.0,0.0,8.75,0.1875],"tintindex":0,"rotation":0,"texture":"#15"},"south":{"uv":[5.1875,8.875,5.0,9.0625],"tintindex":0,"rotation":0,"texture":"#15"},"north":{"uv":[4.9375,8.875,4.75,9.0625],"tintindex":0,"rotation":0,"texture":"#15"},"west":{"uv":[0.5,8.75,0.25,8.9375],"tintindex":0,"rotation":0,"texture":"#15"},"up":{"uv":[0.5,8.9375,0.75,8.75],"tintindex":0,"rotation":90,"texture":"#15"},"down":{"uv":[0.75,8.75,1.0,8.9375],"tintindex":0,"rotation":270,"texture":"#15"}}},{"from":[5.921283,7.3731546,-11.343113],"to":[5.921283,8.290696,-10.275032],"faces":{"east":{"uv":[5.15625,1.96875,6.5625,2.9375],"tintindex":0,"rotation":0,"texture":"#15"},"west":{"uv":[6.5625,1.96875,5.15625,2.9375],"tintindex":0,"rotation":0,"texture":"#15"}}},{"from":[5.750769,8.148305,-10.352482],"to":[6.070689,8.381846,-10.177324],"faces":{"east":{"uv":[8.75,2.75,8.9375,3.0],"tintindex":0,"rotation":0,"texture":"#15"},"south":{"uv":[5.5,9.125,5.59375,9.375],"tintindex":0,"rotation":0,"texture":"#15"},"north":{"uv":[9.125,5.5,9.21875,5.75],"tintindex":0,"rotation":0,"texture":"#15"},"west":{"uv":[8.9375,2.75,8.75,3.0],"tintindex":0,"rotation":0,"texture":"#15"},"up":{"uv":[9.3125,8.21875,9.125,8.125],"tintindex":0,"rotation":90,"texture":"#15"},"down":{"uv":[9.3125,8.5,9.125,8.59375],"tintindex":0,"rotation":270,"texture":"#15"}}},{"from":[5.7978296,12.027373,-10.848013],"to":[6.005544,12.203734,-10.460016],"faces":{"east":{"uv":[3.25,8.5,3.75,8.71875],"tintindex":0,"rotation":0,"texture":"#18"},"south":{"uv":[5.0,9.5,5.28125,9.71875],"tintindex":0,"rotation":0,"texture":"#18"},"north":{"uv":[9.5,4.0,9.78125,4.21875],"tintindex":0,"rotation":0,"texture":"#18"},"west":{"uv":[8.5,2.75,9.0,2.96875],"tintindex":0,"rotation":0,"texture":"#18"},"up":{"uv":[8.25,3.53125,7.75,3.25],"tintindex":0,"rotation":90,"texture":"#18"},"down":{"uv":[4.25,7.75,3.75,8.03125],"tintindex":0,"rotation":270,"texture":"#18"}},"rotation":{"origin":[6.07217,11.745202,-9.743158],"angle":-22.5,"axis":"x"}}],"display":{"gui":{"rotation":[30,225,0]}}}