{"textures":{"3":"modelengine:entity/satan_arm"},"elements":[{"from":[-3.7791996,-1.3370352,7.0724783],"to":[-1.8976002,2.4261646,10.835678],"faces":{"east":{"uv":[5.75,2.25,4.75,3.25],"tintindex":0,"rotation":0,"texture":"#3"},"south":{"uv":[0.5,6.5,0.0,7.5],"tintindex":0,"rotation":0,"texture":"#3"},"north":{"uv":[3.0,5.0,2.5,6.0],"tintindex":0,"rotation":0,"texture":"#3"},"west":{"uv":[5.75,1.25,4.75,2.25],"tintindex":0,"rotation":0,"texture":"#3"},"up":{"uv":[6.5,7.25,7.0,6.25],"tintindex":0,"rotation":0,"texture":"#3"},"down":{"uv":[6.75,0.5,7.25,1.5],"tintindex":0,"rotation":0,"texture":"#3"}}},{"from":[-3.58675,2.3829212,8.276703],"to":[-0.9525099,8.592201,9.631454],"faces":{"east":{"uv":[5.625,6.0,5.25,7.65625],"tintindex":0,"rotation":0,"texture":"#3"},"south":{"uv":[4.4375,4.0,3.75,5.65625],"tintindex":0,"rotation":0,"texture":"#3"},"north":{"uv":[1.6875,4.0,1.0,5.65625],"tintindex":0,"rotation":0,"texture":"#3"},"west":{"uv":[3.625,6.0,3.25,7.65625],"tintindex":0,"rotation":0,"texture":"#3"},"up":{"uv":[5.0,1.125,5.6875,0.75],"tintindex":0,"rotation":0,"texture":"#3"},"down":{"uv":[7.25,3.0,7.9375,3.375],"tintindex":0,"rotation":0,"texture":"#3"}}},{"from":[-3.8167334,-0.43384838,7.0630703],"to":[-1.897502,2.4638157,8.022686],"faces":{"east":{"uv":[3.25,7.0,3.0,7.78125],"tintindex":0,"rotation":0,"texture":"#3"},"south":{"uv":[1.0,7.0,0.5,7.78125],"tintindex":0,"rotation":0,"texture":"#3"},"north":{"uv":[6.25,6.75,5.75,7.53125],"tintindex":0,"rotation":0,"texture":"#3"},"west":{"uv":[2.0,4.0,1.75,4.78125],"tintindex":0,"rotation":0,"texture":"#3"},"up":{"uv":[6.0,4.0,6.5,3.75],"tintindex":0,"rotation":0,"texture":"#3"},"down":{"uv":[6.25,0.5,6.75,0.75],"tintindex":0,"rotation":0,"texture":"#3"}},"rotation":{"origin":[-2.3773098,2.9436245,8.982302],"angle":22.5,"axis":"z"}},{"from":[-2.5165682,14.592323,8.408415],"to":[0.9079437,18.807106,9.4997425],"faces":{"east":{"uv":[7.53125,1.75,7.25,2.875],"tintindex":0,"rotation":0,"texture":"#3"},"south":{"uv":[5.40625,4.0,4.5,5.125],"tintindex":0,"rotation":0,"texture":"#3"},"north":{"uv":[4.90625,0.0,4.0,1.125],"tintindex":0,"rotation":0,"texture":"#3"},"west":{"uv":[7.53125,0.5,7.25,1.625],"tintindex":0,"rotation":0,"texture":"#3"},"up":{"uv":[7.25,3.78125,8.15625,3.5],"tintindex":0,"rotation":0,"texture":"#3"},"down":{"uv":[7.25,4.0,8.15625,4.28125],"tintindex":0,"rotation":0,"texture":"#3"}},"rotation":{"origin":[0.21175194,17.320644,8.954079],"angle":22.5,"axis":"z"}},{"from":[-2.5544949,8.00312,7.12855],"to":[0.16498184,14.429726,10.779607],"faces":{"east":{"uv":[1.96875,2.25,1.0,3.96875],"tintindex":0,"rotation":0,"texture":"#3"},"south":{"uv":[3.71875,3.0,3.0,4.71875],"tintindex":0,"rotation":0,"texture":"#3"},"north":{"uv":[3.71875,1.25,3.0,2.96875],"tintindex":0,"rotation":0,"texture":"#3"},"west":{"uv":[0.96875,2.25,0.0,3.96875],"tintindex":0,"rotation":0,"texture":"#3"},"up":{"uv":[6.0,3.71875,6.71875,2.75],"tintindex":0,"rotation":0,"texture":"#3"},"down":{"uv":[4.5,6.0,5.21875,6.96875],"tintindex":0,"rotation":0,"texture":"#3"}},"rotation":{"origin":[-1.1947565,11.216423,8.954079],"angle":-22.5,"axis":"z"}},{"from":[-3.3087997,11.834164,7.0724783],"to":[-0.48639965,16.538164,10.835678],"faces":{"east":{"uv":[4.0,0.0,3.0,1.25],"tintindex":0,"rotation":0,"texture":"#3"},"south":{"uv":[2.5,5.0,1.75,6.25],"tintindex":0,"rotation":0,"texture":"#3"},"north":{"uv":[3.75,4.75,3.0,6.0],"tintindex":0,"rotation":0,"texture":"#3"},"west":{"uv":[3.0,2.25,2.0,3.5],"tintindex":0,"rotation":0,"texture":"#3"},"up":{"uv":[3.75,6.75,4.5,5.75],"tintindex":0,"rotation":0,"texture":"#3"},"down":{"uv":[5.75,4.75,6.5,5.75],"tintindex":0,"rotation":0,"texture":"#3"}},"rotation":{"origin":[-0.48639965,10.893364,8.954079],"angle":-22.5,"axis":"z"}},{"from":[-0.97225475,12.170597,7.1101103],"to":[1.7936974,16.780518,10.798046],"faces":{"east":{"uv":[0.96875,4.0,0.0,5.21875],"tintindex":0,"rotation":0,"texture":"#3"},"south":{"uv":[1.5,5.75,0.75,6.96875],"tintindex":0,"rotation":0,"texture":"#3"},"north":{"uv":[0.75,5.25,0.0,6.46875],"tintindex":0,"rotation":0,"texture":"#3"},"west":{"uv":[4.71875,2.75,3.75,3.96875],"tintindex":0,"rotation":0,"texture":"#3"},"up":{"uv":[5.75,6.71875,6.5,5.75],"tintindex":0,"rotation":0,"texture":"#3"},"down":{"uv":[2.5,6.0,3.25,6.96875],"tintindex":0,"rotation":0,"texture":"#3"}},"rotation":{"origin":[0.41072083,14.475557,8.954079],"angle":-45.0,"axis":"z"}},{"from":[-4.3981686,15.533123,8.954079],"to":[0.9079437,23.511108,8.954079],"faces":{"east":{"uv":[1.40625,0.0,0.0,2.125],"tintindex":0,"rotation":0,"texture":"#3"},"south":{"uv":[0.0,0.0,1.40625,2.125],"tintindex":0,"rotation":0,"texture":"#3"},"north":{"uv":[1.40625,0.0,0.0,2.125],"tintindex":0,"rotation":0,"texture":"#3"},"west":{"uv":[1.40625,0.0,0.0,2.125],"tintindex":0,"rotation":0,"texture":"#3"},"up":{"uv":[1.40625,0.0,0.0,2.125],"tintindex":0,"rotation":0,"texture":"#3"},"down":{"uv":[1.40625,0.0,0.0,2.125],"tintindex":0,"rotation":0,"texture":"#3"}},"rotation":{"origin":[-0.7290487,19.202244,8.954079],"angle":22.5,"axis":"z"}},{"from":[-3.1868057,3.323721,7.335902],"to":[-1.4933653,8.592201,10.572254],"faces":{"east":{"uv":[4.625,1.25,3.75,2.65625],"tintindex":0,"rotation":0,"texture":"#3"},"south":{"uv":[2.4375,6.25,2.0,7.65625],"tintindex":0,"rotation":0,"texture":"#3"},"north":{"uv":[1.9375,6.25,1.5,7.65625],"tintindex":0,"rotation":0,"texture":"#3"},"west":{"uv":[2.875,3.5,2.0,4.90625],"tintindex":0,"rotation":0,"texture":"#3"},"up":{"uv":[1.0,7.875,1.4375,7.0],"tintindex":0,"rotation":0,"texture":"#3"},"down":{"uv":[2.5,7.0,2.9375,7.875],"tintindex":0,"rotation":0,"texture":"#3"}}},{"from":[-0.48639965,14.656565,8.013278],"to":[4.2176,17.478964,9.894878],"faces":{"east":{"uv":[7.5,7.0,7.0,7.75],"tintindex":0,"rotation":0,"texture":"#3"},"south":{"uv":[6.25,0.0,5.0,0.75],"tintindex":0,"rotation":0,"texture":"#3"},"north":{"uv":[6.0,3.25,4.75,4.0],"tintindex":0,"rotation":0,"texture":"#3"},"west":{"uv":[7.5,6.25,7.0,7.0],"tintindex":0,"rotation":0,"texture":"#3"},"up":{"uv":[6.25,0.5,7.5,0.0],"tintindex":0,"rotation":0,"texture":"#3"},"down":{"uv":[6.5,4.75,7.75,5.25],"tintindex":0,"rotation":0,"texture":"#3"}},"rotation":{"origin":[2.336,15.597364,8.954079],"angle":-22.5,"axis":"z"}},{"from":[-2.5987816,2.5288525,7.6919007],"to":[-1.4848747,3.8158684,10.216255],"faces":{"east":{"uv":[8.15625,0.0,7.5,0.34375],"tintindex":0,"rotation":0,"texture":"#3"},"south":{"uv":[2.28125,7.75,2.0,8.09375],"tintindex":0,"rotation":0,"texture":"#3"},"north":{"uv":[1.78125,7.75,1.5,8.09375],"tintindex":0,"rotation":0,"texture":"#3"},"west":{"uv":[6.90625,7.25,6.25,7.59375],"tintindex":0,"rotation":0,"texture":"#3"},"up":{"uv":[0.0,8.15625,0.28125,7.5],"tintindex":0,"rotation":0,"texture":"#3"},"down":{"uv":[7.5,6.25,7.78125,6.90625],"tintindex":0,"rotation":0,"texture":"#3"}}}],"display":{"gui":{"rotation":[30,225,0]}}}