{
	"credit": "Made with Blockbench",
	"texture_size": [128, 128],
	"textures": {
		"0": "./polarbear",
		"particle": "./polarbear"
	},
	"elements": [
		{
			"from": [3, 2, 3],
			"to": [13, 10, 7],
			"faces": {
				"north": {"uv": [0, 6.5, 1.25, 7.5], "texture": "#0"},
				"east": {"uv": [3, 8, 3.5, 9], "texture": "#0"},
				"south": {"uv": [6.75, 0, 8, 1], "texture": "#0"},
				"west": {"uv": [3.5, 8, 4, 9], "texture": "#0"},
				"up": {"uv": [8, 5.5, 6.75, 5], "texture": "#0"},
				"down": {"uv": [8, 5.5, 6.75, 6], "texture": "#0"}
			}
		},
		{
			"from": [-2, 2, 7],
			"to": [0, 18, 9],
			"faces": {
				"north": {"uv": [8, 1.5, 8.25, 3.5], "texture": "#0"},
				"east": {"uv": [1.75, 8, 2, 10], "texture": "#0"},
				"south": {"uv": [2, 8, 2.25, 10], "texture": "#0"},
				"west": {"uv": [2.25, 8, 2.5, 10], "texture": "#0"},
				"up": {"uv": [8.5, 2.25, 8.25, 2], "texture": "#0"},
				"down": {"uv": [8.5, 2.25, 8.25, 2.5], "texture": "#0"}
			}
		},
		{
			"from": [0, 2, 7],
			"to": [16, 18, 9],
			"faces": {
				"north": {"uv": [4.75, 0, 6.75, 2], "texture": "#0"},
				"east": {"uv": [2.5, 8, 2.75, 10], "texture": "#0"},
				"south": {"uv": [4.75, 2, 6.75, 4], "texture": "#0"},
				"west": {"uv": [2.75, 8, 3, 10], "texture": "#0"},
				"up": {"uv": [9.75, 4, 7.75, 3.75], "texture": "#0"},
				"down": {"uv": [10, 0, 8, 0.25], "texture": "#0"}
			}
		},
		{
			"from": [0, 2, 25],
			"to": [16, 18, 27],
			"faces": {
				"north": {"uv": [4.75, 4, 6.75, 6], "texture": "#0"},
				"east": {"uv": [5, 8, 5.25, 10], "texture": "#0"},
				"south": {"uv": [2.25, 6, 4.25, 8], "texture": "#0"},
				"west": {"uv": [5.25, 8, 5.5, 10], "texture": "#0"},
				"up": {"uv": [10, 0.5, 8, 0.25], "texture": "#0"},
				"down": {"uv": [10, 0.5, 8, 0.75], "texture": "#0"}
			}
		},
		{
			"from": [-2, 18, 7],
			"to": [18, 20, 9],
			"faces": {
				"north": {"uv": [6.75, 4, 9.25, 4.25], "texture": "#0"},
				"east": {"uv": [2.25, 5.5, 2.5, 5.75], "texture": "#0"},
				"south": {"uv": [6.75, 4.25, 9.25, 4.5], "texture": "#0"},
				"west": {"uv": [2.25, 5.75, 2.5, 6], "texture": "#0"},
				"up": {"uv": [9.25, 4.75, 6.75, 4.5], "texture": "#0"},
				"down": {"uv": [9.25, 4.75, 6.75, 5], "texture": "#0"}
			}
		},
		{
			"from": [-2, 18, 9],
			"to": [18, 20, 27],
			"faces": {
				"north": {"uv": [7.75, 1, 10.25, 1.25], "texture": "#0"},
				"east": {"uv": [0, 7.5, 2.25, 7.75], "texture": "#0"},
				"south": {"uv": [7.75, 1.25, 10.25, 1.5], "texture": "#0"},
				"west": {"uv": [0, 7.75, 2.25, 8], "texture": "#0"},
				"up": {"uv": [2.5, 2.25, 0, 0], "texture": "#0"},
				"down": {"uv": [2.5, 2.25, 0, 4.5], "texture": "#0"}
			}
		},
		{
			"from": [0, 2, 9],
			"to": [16, 4, 25],
			"faces": {
				"north": {"uv": [8, 0.75, 10, 1], "texture": "#0"},
				"east": {"uv": [8, 3.5, 10, 3.75], "texture": "#0"},
				"south": {"uv": [8, 5, 10, 5.25], "texture": "#0"},
				"west": {"uv": [8, 5.25, 10, 5.5], "texture": "#0"},
				"up": {"uv": [6.25, 8, 4.25, 6], "texture": "#0"},
				"down": {"uv": [8.25, 6, 6.25, 8], "texture": "#0"}
			}
		},
		{
			"from": [16, 2, 9],
			"to": [18, 18, 27],
			"faces": {
				"north": {"uv": [4, 8, 4.25, 10], "texture": "#0"},
				"east": {"uv": [2.5, 0, 4.75, 2], "texture": "#0"},
				"south": {"uv": [4.25, 8, 4.5, 10], "texture": "#0"},
				"west": {"uv": [2.5, 2, 4.75, 4], "texture": "#0"},
				"up": {"uv": [8, 3.75, 7.75, 1.5], "texture": "#0"},
				"down": {"uv": [0.25, 8, 0, 10.25], "texture": "#0"}
			}
		},
		{
			"from": [-2, 2, 9],
			"to": [0, 18, 27],
			"faces": {
				"north": {"uv": [4.5, 8, 4.75, 10], "texture": "#0"},
				"east": {"uv": [2.5, 4, 4.75, 6], "texture": "#0"},
				"south": {"uv": [4.75, 8, 5, 10], "texture": "#0"},
				"west": {"uv": [0, 4.5, 2.25, 6.5], "texture": "#0"},
				"up": {"uv": [0.5, 10.25, 0.25, 8], "texture": "#0"},
				"down": {"uv": [0.75, 8, 0.5, 10.25], "texture": "#0"}
			}
		},
		{
			"from": [16, 2, 7],
			"to": [18, 18, 9],
			"faces": {
				"north": {"uv": [0.75, 8, 1, 10], "texture": "#0"},
				"east": {"uv": [1, 8, 1.25, 10], "texture": "#0"},
				"south": {"uv": [1.25, 8, 1.5, 10], "texture": "#0"},
				"west": {"uv": [1.5, 8, 1.75, 10], "texture": "#0"},
				"up": {"uv": [8.5, 1.75, 8.25, 1.5], "texture": "#0"},
				"down": {"uv": [8.5, 1.75, 8.25, 2], "texture": "#0"}
			}
		},
		{
			"from": [12, 16, 11],
			"to": [20, 24, 13],
			"faces": {
				"north": {"uv": [1.25, 6.5, 2.25, 7.5], "texture": "#0"},
				"east": {"uv": [2.25, 4.5, 2.5, 5.5], "texture": "#0"},
				"south": {"uv": [6.75, 1, 7.75, 2], "texture": "#0"},
				"west": {"uv": [5.5, 8, 5.75, 9], "texture": "#0"},
				"up": {"uv": [9, 5.75, 8, 5.5], "texture": "#0"},
				"down": {"uv": [6.75, 8, 5.75, 8.25], "texture": "#0"}
			}
		},
		{
			"from": [-4, 16, 11],
			"to": [4, 24, 13],
			"faces": {
				"north": {"uv": [2.25, 6.5, 1.25, 7.5], "texture": "#0"},
				"east": {"uv": [6.75, 8, 7, 9], "texture": "#0"},
				"south": {"uv": [6.75, 3, 7.75, 4], "texture": "#0"},
				"west": {"uv": [7, 8, 7.25, 9], "texture": "#0"},
				"up": {"uv": [9, 6, 8, 5.75], "texture": "#0"},
				"down": {"uv": [8.25, 8, 7.25, 8.25], "texture": "#0"}
			}
		}
	],
	"display": {
		"thirdperson_righthand": {
			"rotation": [0, -3, 0],
			"translation": [0, 2.25, 0],
			"scale": [0.4, 0.4, 0.4]
		},
		"thirdperson_lefthand": {
			"rotation": [0, -3, 0],
			"translation": [0, 2.25, 0],
			"scale": [0.4, 0.4, 0.4]
		},
		"firstperson_righthand": {
			"rotation": [-12, 134, 3],
			"translation": [2.5, 2.25, -3.75],
			"scale": [0.4, 0.4, 0.4]
		},
		"firstperson_lefthand": {
			"rotation": [-12, 134, 3],
			"translation": [2.5, 2.25, -3.75],
			"scale": [0.4, 0.4, 0.4]
		},
		"ground": {
			"rotation": [-2, 0, 0],
			"translation": [-0.5, 0, -4.5],
			"scale": [0.5, 0.5, 0.5]
		},
		"gui": {
			"rotation": [-154.82, 47.29, 179.22],
			"translation": [-2.75, -2.5, 0],
			"scale": [0.4, 0.4, 0.4]
		},
		"head": {
			"translation": [0, -1.75, -7.25],
			"scale": [0.8, 0.8, 0.8]
		},
		"fixed": {
			"translation": [0, -3, -19]
		}
	},
	"groups": [
		{
			"name": "group",
			"origin": [0, 0, 0],
			"color": 0,
			"children": [0, 1, 2, 3, 4, 5, 6, 7, 8, 9]
		},
		10,
		11
	]
}