{"textures":{"0":"modelengine:entity/phoenix"},"elements":[{"from":[7.0,7.0,5.0],"to":[9.0,8.0,8.0],"faces":{"east":{"uv":[3.0,7.3125,3.1875,7.375],"tintindex":0,"rotation":0,"texture":"#0"},"south":{"uv":[4.875,7.3125,5.0,7.375],"tintindex":0,"rotation":0,"texture":"#0"},"north":{"uv":[4.6875,7.3125,4.8125,7.375],"tintindex":0,"rotation":0,"texture":"#0"},"west":{"uv":[7.3125,3.125,7.5,3.1875],"tintindex":0,"rotation":0,"texture":"#0"},"up":{"uv":[0.125,7.3125,0.0,7.125],"tintindex":0,"rotation":0,"texture":"#0"},"down":{"uv":[0.3125,7.125,0.1875,7.3125],"tintindex":0,"rotation":0,"texture":"#0"}}}],"display":{"gui":{"rotation":[30,225,0]}}}