{"textures":{"0":"modelengine:entity/phoenix"},"elements":[{"from":[8.104859,7.5,6.7244496],"to":[12.104859,8.5,20.72445],"faces":{"east":{"uv":[7.75,1.4375,6.875,1.5],"tintindex":0,"rotation":0,"texture":"#0"},"south":{"uv":[5.3125,7.1875,5.0625,7.25],"tintindex":0,"rotation":0,"texture":"#0"},"north":{"uv":[5.0,7.1875,4.75,7.25],"tintindex":0,"rotation":0,"texture":"#0"},"west":{"uv":[7.75,1.3125,6.875,1.375],"tintindex":0,"rotation":0,"texture":"#0"},"up":{"uv":[3.0625,7.0625,3.3125,6.1875],"tintindex":0,"rotation":0,"texture":"#0"},"down":{"uv":[3.0625,6.1875,3.3125,7.0625],"tintindex":0,"rotation":0,"texture":"#0"}},"rotation":{"origin":[10.104859,8.0,13.72445],"angle":22.5,"axis":"y"}}],"display":{"gui":{"rotation":[30,225,0]}}}