{"textures":{"0":"modelengine:entity/phoenix"},"elements":[{"from":[10.775038,7.5,5.7594256],"to":[14.775038,8.5,19.759426],"faces":{"east":{"uv":[7.75,1.4375,6.875,1.5],"tintindex":0,"rotation":0,"texture":"#0"},"south":{"uv":[5.3125,7.1875,5.0625,7.25],"tintindex":0,"rotation":0,"texture":"#0"},"north":{"uv":[5.0,7.1875,4.75,7.25],"tintindex":0,"rotation":0,"texture":"#0"},"west":{"uv":[7.75,1.3125,6.875,1.375],"tintindex":0,"rotation":0,"texture":"#0"},"up":{"uv":[3.0625,7.0625,3.3125,6.1875],"tintindex":0,"rotation":0,"texture":"#0"},"down":{"uv":[3.0625,6.1875,3.3125,7.0625],"tintindex":0,"rotation":0,"texture":"#0"}},"rotation":{"origin":[12.775038,8.0,12.759426],"angle":45.0,"axis":"y"}}],"display":{"gui":{"rotation":[30,225,0]}}}