{
	"credit": "Made with Blockbench",
	"ambientocclusion": false,
	"texture_size": [64, 64],
	"textures": {
		"0": "./ayonhorn",
		"particle": "./ayonhorn"
	},
	"elements": [
		{
			"from": [4.2, -5.25, 6],
			"to": [6.2, -1.55, 8],
			"faces": {
				"north": {"uv": [7.5, 2.5, 8, 3.5], "texture": "#0"},
				"east": {"uv": [7.5, 2.5, 8, 3.5], "texture": "#0"},
				"south": {"uv": [7.5, 2.5, 8, 3.5], "texture": "#0"},
				"west": {"uv": [7.5, 2.5, 8, 3.5], "texture": "#0"},
				"up": {"uv": [7.5, 2.5, 8, 3], "texture": "#0"},
				"down": {"uv": [7.5, 3, 8, 3.5], "texture": "#0"}
			}
		},
		{
			"from": [4.1, -5.2, 6.7],
			"to": [6.1, -3.2, 10.7],
			"rotation": {"angle": -22.5, "axis": "y", "origin": [1, 0, 0]},
			"faces": {
				"north": {"uv": [3, 8, 2.5, 8.5], "texture": "#0"},
				"east": {"uv": [8, 6, 7, 6.5], "texture": "#0"},
				"south": {"uv": [8.5, 2.5, 8, 3], "texture": "#0"},
				"west": {"uv": [8, 2, 7, 2.5], "texture": "#0"},
				"up": {"uv": [6.5, 8, 7, 7], "texture": "#0"},
				"down": {"uv": [7, 6.5, 7.5, 7.5], "texture": "#0"}
			}
		},
		{
			"from": [4.1, -3.2, 6.7],
			"to": [6.1, -1.2, 12.7],
			"rotation": {"angle": -22.5, "axis": "y", "origin": [1, 0, 0]},
			"faces": {
				"north": {"uv": [8.5, 1.5, 8, 2], "texture": "#0"},
				"east": {"uv": [7.5, 3.5, 6, 4], "texture": "#0"},
				"south": {"uv": [8.5, 2, 8, 2.5], "texture": "#0"},
				"west": {"uv": [7.5, 3, 6, 3.5], "texture": "#0"},
				"up": {"uv": [6, 6.5, 6.5, 5], "texture": "#0"},
				"down": {"uv": [6.5, 0, 7, 1.5], "texture": "#0"}
			}
		},
		{
			"from": [1.51, 13.62571, -2.76998],
			"to": [3.49, 19.62571, -0.76998],
			"rotation": {"angle": 22.5, "axis": "x", "origin": [0.02, 3.62571, 5.73002]},
			"faces": {
				"north": {"uv": [2, 5.5, 2.5, 7], "texture": "#0"},
				"east": {"uv": [2.5, 5.5, 3, 7], "texture": "#0"},
				"south": {"uv": [3, 5.5, 3.5, 7], "texture": "#0"},
				"west": {"uv": [3.5, 5.5, 4, 7], "texture": "#0"},
				"up": {"uv": [8, 4, 7.5, 3.5], "texture": "#0"},
				"down": {"uv": [8, 4, 7.5, 4.5], "texture": "#0"}
			}
		},
		{
			"from": [0.5, 5, 6],
			"to": [4.5, 13, 12],
			"rotation": {"angle": -45, "axis": "x", "origin": [0, 4, 7]},
			"faces": {
				"north": {"uv": [3, 0, 4, 2], "texture": "#0"},
				"east": {"uv": [0, 0, 1.5, 2], "texture": "#0"},
				"south": {"uv": [3, 2, 4, 4], "texture": "#0"},
				"west": {"uv": [1.5, 0, 3, 2], "texture": "#0"},
				"up": {"uv": [2, 5.5, 1, 4], "texture": "#0"},
				"down": {"uv": [3, 4, 2, 5.5], "texture": "#0"}
			}
		},
		{
			"from": [1.5, 10.5, 0.78],
			"to": [3.5, 16.5, 4.78],
			"rotation": {"angle": 0, "axis": "y", "origin": [0.3, 3.33519, 7.74655]},
			"faces": {
				"north": {"uv": [4, 5.5, 4.5, 7], "texture": "#0"},
				"east": {"uv": [4, 2, 5, 3.5], "texture": "#0"},
				"south": {"uv": [4.5, 5.5, 5, 7], "texture": "#0"},
				"west": {"uv": [3, 4, 4, 5.5], "texture": "#0"},
				"up": {"uv": [6.5, 7.5, 6, 6.5], "texture": "#0"},
				"down": {"uv": [7, 6, 6.5, 7], "texture": "#0"}
			}
		},
		{
			"from": [0, 6, 4],
			"to": [2, 8, 8],
			"faces": {
				"north": {"uv": [3.5, 8, 3, 8.5], "texture": "#0"},
				"east": {"uv": [8.5, 0.5, 7.5, 1], "texture": "#0"},
				"south": {"uv": [8.5, 3, 8, 3.5], "texture": "#0"},
				"west": {"uv": [1, 7.5, 0, 8], "texture": "#0"},
				"up": {"uv": [1.5, 8.5, 2, 7.5], "texture": "#0"},
				"down": {"uv": [2, 7.5, 2.5, 8.5], "texture": "#0"}
			}
		},
		{
			"from": [0, 8, 4],
			"to": [2, 10, 6],
			"faces": {
				"north": {"uv": [4, 8, 3.5, 8.5], "texture": "#0"},
				"east": {"uv": [8.5, 4, 8, 4.5], "texture": "#0"},
				"south": {"uv": [4.5, 8, 4, 8.5], "texture": "#0"},
				"west": {"uv": [8.5, 3.5, 8, 4], "texture": "#0"},
				"up": {"uv": [4.5, 8.5, 5, 8], "texture": "#0"},
				"down": {"uv": [8, 4.5, 8.5, 5], "texture": "#0"}
			}
		},
		{
			"from": [12.51, 13.62571, -2.76998],
			"to": [14.49, 19.62571, -0.76998],
			"rotation": {"angle": 22.5, "axis": "x", "origin": [15.98, 3.62571, 5.73002]},
			"faces": {
				"north": {"uv": [2.5, 5.5, 2, 7], "texture": "#0"},
				"east": {"uv": [4, 5.5, 3.5, 7], "texture": "#0"},
				"south": {"uv": [3.5, 5.5, 3, 7], "texture": "#0"},
				"west": {"uv": [3, 5.5, 2.5, 7], "texture": "#0"},
				"up": {"uv": [7.5, 4, 8, 3.5], "texture": "#0"},
				"down": {"uv": [7.5, 4, 8, 4.5], "texture": "#0"}
			}
		},
		{
			"from": [12.5, 10.5, 0.78],
			"to": [14.5, 16.5, 4.78],
			"rotation": {"angle": 0, "axis": "y", "origin": [15.7, 3.33519, 7.74655]},
			"faces": {
				"north": {"uv": [4.5, 5.5, 4, 7], "texture": "#0"},
				"east": {"uv": [4, 4, 3, 5.5], "texture": "#0"},
				"south": {"uv": [5, 5.5, 4.5, 7], "texture": "#0"},
				"west": {"uv": [5, 2, 4, 3.5], "texture": "#0"},
				"up": {"uv": [6, 7.5, 6.5, 6.5], "texture": "#0"},
				"down": {"uv": [6.5, 6, 7, 7], "texture": "#0"}
			}
		},
		{
			"from": [9.9, -3.2, 6.7],
			"to": [11.9, -1.2, 12.7],
			"rotation": {"angle": 22.5, "axis": "y", "origin": [15, 0, 0]},
			"faces": {
				"north": {"uv": [8, 1.5, 8.5, 2], "texture": "#0"},
				"east": {"uv": [6, 3, 7.5, 3.5], "texture": "#0"},
				"south": {"uv": [8, 2, 8.5, 2.5], "texture": "#0"},
				"west": {"uv": [6, 3.5, 7.5, 4], "texture": "#0"},
				"up": {"uv": [6.5, 6.5, 6, 5], "texture": "#0"},
				"down": {"uv": [7, 0, 6.5, 1.5], "texture": "#0"}
			}
		},
		{
			"from": [9.9, -5.2, 6.7],
			"to": [11.9, -3.2, 10.7],
			"rotation": {"angle": 22.5, "axis": "y", "origin": [15, 0, 0]},
			"faces": {
				"north": {"uv": [2.5, 8, 3, 8.5], "texture": "#0"},
				"east": {"uv": [7, 2, 8, 2.5], "texture": "#0"},
				"south": {"uv": [8, 2.5, 8.5, 3], "texture": "#0"},
				"west": {"uv": [7, 6, 8, 6.5], "texture": "#0"},
				"up": {"uv": [7, 8, 6.5, 7], "texture": "#0"},
				"down": {"uv": [7.5, 6.5, 7, 7.5], "texture": "#0"}
			}
		},
		{
			"from": [14, 6, 4],
			"to": [16, 8, 8],
			"rotation": {"angle": 0, "axis": "y", "origin": [16, 0, 0]},
			"faces": {
				"north": {"uv": [3, 8, 3.5, 8.5], "texture": "#0"},
				"east": {"uv": [0, 7.5, 1, 8], "texture": "#0"},
				"south": {"uv": [8, 3, 8.5, 3.5], "texture": "#0"},
				"west": {"uv": [7.5, 0.5, 8.5, 1], "texture": "#0"},
				"up": {"uv": [2, 8.5, 1.5, 7.5], "texture": "#0"},
				"down": {"uv": [2.5, 7.5, 2, 8.5], "texture": "#0"}
			}
		},
		{
			"from": [14, 8, 4],
			"to": [16, 10, 6],
			"rotation": {"angle": 0, "axis": "y", "origin": [16, 0, 0]},
			"faces": {
				"north": {"uv": [3.5, 8, 4, 8.5], "texture": "#0"},
				"east": {"uv": [8, 3.5, 8.5, 4], "texture": "#0"},
				"south": {"uv": [4, 8, 4.5, 8.5], "texture": "#0"},
				"west": {"uv": [8, 4, 8.5, 4.5], "texture": "#0"},
				"up": {"uv": [5, 8.5, 4.5, 8], "texture": "#0"},
				"down": {"uv": [8.5, 4.5, 8, 5], "texture": "#0"}
			}
		},
		{
			"from": [9.8, -5.25, 6],
			"to": [11.8, -1.55, 8],
			"rotation": {"angle": 0, "axis": "y", "origin": [16, 0, 0]},
			"faces": {
				"north": {"uv": [7, 1.5, 6.5, 2.5], "texture": "#0"},
				"east": {"uv": [6, 6.5, 5.5, 7.5], "texture": "#0"},
				"south": {"uv": [7, 5, 6.5, 6], "texture": "#0"},
				"west": {"uv": [7, 4, 6.5, 5], "texture": "#0"},
				"up": {"uv": [6, 4.5, 6.5, 4], "texture": "#0"},
				"down": {"uv": [7.5, 1, 8, 1.5], "texture": "#0"}
			}
		},
		{
			"from": [11.5, 5, 6],
			"to": [15.5, 13, 12],
			"rotation": {"angle": -45, "axis": "x", "origin": [16, 4, 7]},
			"faces": {
				"north": {"uv": [4, 0, 3, 2], "texture": "#0"},
				"east": {"uv": [3, 0, 1.5, 2], "texture": "#0"},
				"south": {"uv": [4, 2, 3, 4], "texture": "#0"},
				"west": {"uv": [1.5, 0, 0, 2], "texture": "#0"},
				"up": {"uv": [1, 5.5, 2, 4], "texture": "#0"},
				"down": {"uv": [2, 4, 3, 5.5], "texture": "#0"}
			}
		}
	],
	"gui_light": "front",
	"display": {
		"thirdperson_righthand": {
			"rotation": [76.37, -25.63, -2.87],
			"translation": [0.25, 2, 5.5],
			"scale": [0.39844, 0.39844, 0.39844]
		},
		"thirdperson_lefthand": {
			"rotation": [76.37, -25.63, -2.87],
			"translation": [0.25, 2, 5.5],
			"scale": [0.39844, 0.39844, 0.39844]
		},
		"firstperson_righthand": {
			"rotation": [153, 34, -170],
			"translation": [0.5, 6.75, -1.5],
			"scale": [0.46875, 0.46875, 0.46875]
		},
		"firstperson_lefthand": {
			"rotation": [153, 34, -170],
			"translation": [0.5, 6.75, -1.5],
			"scale": [0.46875, 0.46875, 0.46875]
		},
		"ground": {
			"rotation": [30.96, -0.53, -1.95],
			"translation": [-0.75, 5, 0],
			"scale": [0.68555, 0.68555, 0.68555]
		},
		"gui": {
			"rotation": [30, 134, 0],
			"translation": [-0.25, 0.5, 0],
			"scale": [0.5, 0.5, 0.5]
		},
		"head": {
			"translation": [0, 7.25, -4.75],
			"scale": [0.91992, 0.91992, 0.84961]
		},
		"fixed": {
			"translation": [0, 6, -2.25],
			"scale": [0.9, 0.9, 0.9]
		}
	},
	"groups": [
		{
			"name": "group",
			"origin": [0, 0, 0],
			"color": 0,
			"children": [0, 1, 2]
		},
		{
			"name": "group",
			"origin": [0, 0, 0],
			"color": 0,
			"children": []
		},
		{
			"name": "group",
			"origin": [0, 0, 0],
			"color": 0,
			"children": []
		},
		{
			"name": "group",
			"origin": [0, 0, 0],
			"color": 0,
			"children": [3, 4, 5]
		},
		{
			"name": "group",
			"origin": [0, 0, 0],
			"color": 0,
			"children": [6, 7]
		},
		{
			"name": "group",
			"origin": [16, 0, 0],
			"color": 0,
			"children": [8, 9, 10, 11, 12, 13, 14, 15]
		}
	]
}