{
	"credit": "Made with Blockbench",
	"textures": {
		"1": "./main"
	},
	"elements": [
		{
			"from": [1.01, 1, -1],
			"to": [1.01, 9, 3],
			"rotation": {"angle": -45, "axis": "y", "origin": [0, 0, 0]},
			"faces": {
				"north": {"uv": [0, 0, 0, 4], "texture": "#1"},
				"east": {"uv": [0, 0, 2, 4], "texture": "#1"},
				"south": {"uv": [0, 0, 0, 4], "texture": "#1"},
				"west": {"uv": [2, 0, 4, 4], "texture": "#1"},
				"up": {"uv": [0, 2, 0, 0], "texture": "#1"},
				"down": {"uv": [0, 0, 0, 2], "texture": "#1"}
			}
		},
		{
			"from": [1, 3, 1],
			"to": [1, 11, 5],
			"rotation": {"angle": -45, "axis": "y", "origin": [0, 0, 0]},
			"faces": {
				"north": {"uv": [0, 0, 0, 4], "texture": "#1"},
				"east": {"uv": [0, 4, 2, 8], "texture": "#1"},
				"south": {"uv": [0, 0, 0, 4], "texture": "#1"},
				"west": {"uv": [4, 0, 6, 4], "texture": "#1"},
				"up": {"uv": [0, 2, 0, 0], "texture": "#1"},
				"down": {"uv": [0, 0, 0, 2], "texture": "#1"}
			}
		},
		{
			"from": [1, 7, 5],
			"to": [1, 13, 7],
			"rotation": {"angle": -45, "axis": "y", "origin": [0, 0, 0]},
			"faces": {
				"north": {"uv": [0, 0, 0, 3], "texture": "#1"},
				"east": {"uv": [0, 12, 1, 15], "texture": "#1"},
				"south": {"uv": [0, 0, 0, 3], "texture": "#1"},
				"west": {"uv": [12, 0, 13, 3], "texture": "#1"},
				"up": {"uv": [0, 1, 0, 0], "texture": "#1"},
				"down": {"uv": [0, 0, 0, 1], "texture": "#1"}
			}
		},
		{
			"from": [1, 9, 7],
			"to": [1, 13, 9],
			"rotation": {"angle": -45, "axis": "y", "origin": [0, 0, 0]},
			"faces": {
				"north": {"uv": [0, 0, 0, 2], "texture": "#1"},
				"east": {"uv": [10, 13, 11, 15], "texture": "#1"},
				"south": {"uv": [0, 0, 0, 2], "texture": "#1"},
				"west": {"uv": [11, 13, 12, 15], "texture": "#1"},
				"up": {"uv": [0, 1, 0, 0], "texture": "#1"},
				"down": {"uv": [0, 0, 0, 1], "texture": "#1"}
			}
		},
		{
			"from": [10, 1, 10],
			"to": [10, 9, 14],
			"rotation": {"angle": 45, "axis": "y", "origin": [0, 0, 0]},
			"faces": {
				"north": {"uv": [0, 0, 0, 4], "texture": "#1"},
				"east": {"uv": [2, 4, 4, 8], "texture": "#1"},
				"south": {"uv": [0, 0, 0, 4], "texture": "#1"},
				"west": {"uv": [4, 4, 6, 8], "texture": "#1"},
				"up": {"uv": [0, 2, 0, 0], "texture": "#1"},
				"down": {"uv": [0, 0, 0, 2], "texture": "#1"}
			}
		},
		{
			"from": [10, 3, 12],
			"to": [10, 11, 16],
			"rotation": {"angle": 45, "axis": "y", "origin": [0, 0, 0]},
			"faces": {
				"north": {"uv": [0, 0, 0, 4], "texture": "#1"},
				"east": {"uv": [6, 0, 8, 4], "texture": "#1"},
				"south": {"uv": [0, 0, 0, 4], "texture": "#1"},
				"west": {"uv": [6, 4, 8, 8], "texture": "#1"},
				"up": {"uv": [0, 2, 0, 0], "texture": "#1"},
				"down": {"uv": [0, 0, 0, 2], "texture": "#1"}
			}
		},
		{
			"from": [10, 7, 16],
			"to": [10, 13, 18],
			"rotation": {"angle": 45, "axis": "y", "origin": [0, 0, 0]},
			"faces": {
				"north": {"uv": [0, 0, 0, 3], "texture": "#1"},
				"east": {"uv": [0, 12, 1, 15], "texture": "#1"},
				"south": {"uv": [0, 0, 0, 3], "texture": "#1"},
				"west": {"uv": [2, 12, 3, 15], "texture": "#1"},
				"up": {"uv": [0, 1, 0, 0], "texture": "#1"},
				"down": {"uv": [0, 0, 0, 1], "texture": "#1"}
			}
		},
		{
			"from": [10, 9, 18],
			"to": [10, 13, 20],
			"rotation": {"angle": 45, "axis": "y", "origin": [0, 0, 0]},
			"faces": {
				"north": {"uv": [0, 0, 0, 2], "texture": "#1"},
				"east": {"uv": [12, 13, 13, 15], "texture": "#1"},
				"south": {"uv": [0, 0, 0, 2], "texture": "#1"},
				"west": {"uv": [13, 12, 14, 14], "texture": "#1"},
				"up": {"uv": [0, 1, 0, 0], "texture": "#1"},
				"down": {"uv": [0, 0, 0, 1], "texture": "#1"}
			}
		},
		{
			"from": [-1, 16, -3],
			"to": [3, 24, -1],
			"rotation": {"angle": -45, "axis": "z", "origin": [-1, 1, -3]},
			"faces": {
				"north": {"uv": [0, 8, 2, 12], "texture": "#1"},
				"east": {"uv": [1, 8, 0, 12], "texture": "#1"},
				"south": {"uv": [0, 8, 2, 12], "texture": "#1"},
				"west": {"uv": [2, 8, 1, 12], "texture": "#1"},
				"up": {"uv": [2, 9, 0, 8], "texture": "#1"},
				"down": {"uv": [16, 0, 14, 1], "texture": "#1"}
			}
		},
		{
			"from": [12.6, 11, -2.9],
			"to": [16.6, 19, -1.4],
			"rotation": {"angle": 0, "axis": "y", "origin": [13, -3, -3]},
			"faces": {
				"north": {"uv": [2, 8, 4, 12], "texture": "#1"},
				"east": {"uv": [6, 12, 6.75, 16], "texture": "#1"},
				"south": {"uv": [4, 8, 2, 12], "texture": "#1"},
				"west": {"uv": [3, 8, 4, 12], "texture": "#1"},
				"up": {"uv": [4, 8, 2, 9], "texture": "#1"},
				"down": {"uv": [18, 15, 16, 15.75], "texture": "#1"}
			}
		},
		{
			"from": [-1.4, 11, -2.9],
			"to": [2.6, 19, -1.4],
			"rotation": {"angle": 0, "axis": "y", "origin": [13, -3, -3]},
			"faces": {
				"north": {"uv": [4, 8, 2, 12], "texture": "#1"},
				"east": {"uv": [4, 8, 3, 12], "texture": "#1"},
				"south": {"uv": [2, 8, 4, 12], "texture": "#1"},
				"west": {"uv": [6, 12, 6.75, 15], "texture": "#1"},
				"up": {"uv": [4, 8, 2, 9], "texture": "#1"},
				"down": {"uv": [2, 17, 0, 17.75], "texture": "#1"}
			}
		},
		{
			"from": [-1, 24, -3],
			"to": [1, 29, -1],
			"rotation": {"angle": -45, "axis": "z", "origin": [-1, 1, -3]},
			"faces": {
				"north": {"uv": [14, 12, 15, 14], "texture": "#1"},
				"east": {"uv": [13, 14, 14, 16], "texture": "#1"},
				"south": {"uv": [14, 14, 15, 16], "texture": "#1"},
				"west": {"uv": [0, 15, 1, 17], "texture": "#1"},
				"up": {"uv": [10, 16, 9, 15.25], "texture": "#1"},
				"down": {"uv": [11, 17, 10, 18], "texture": "#1"}
			}
		},
		{
			"from": [22.5, 20, -3.15],
			"to": [24.5, 26, -1.15],
			"rotation": {"angle": 22.5, "axis": "z", "origin": [23, -3, -3]},
			"faces": {
				"north": {"uv": [4, 13.75, 5, 16], "texture": "#1"},
				"east": {"uv": [4, 13.75, 5, 16], "texture": "#1"},
				"south": {"uv": [5, 13.75, 4, 16], "texture": "#1"},
				"west": {"uv": [4, 13.75, 5, 16], "texture": "#1"},
				"up": {"uv": [4, 13.75, 5, 16], "texture": "#1"},
				"down": {"uv": [4, 13.75, 5, 16], "texture": "#1"}
			}
		},
		{
			"from": [20.8, 25.5, -2.1],
			"to": [26.8, 27.5, -2.1],
			"rotation": {"angle": 22.5, "axis": "z", "origin": [21, 1, -3]},
			"faces": {
				"north": {"uv": [7, 12, 10, 13], "texture": "#1"},
				"east": {"uv": [11, 17, 12, 18], "texture": "#1"},
				"south": {"uv": [10, 12, 7, 13], "texture": "#1"},
				"west": {"uv": [12, 17, 13, 18], "texture": "#1"},
				"up": {"uv": [15, 11, 12, 10], "texture": "#1"},
				"down": {"uv": [15, 11, 12, 12], "texture": "#1"}
			}
		},
		{
			"from": [22.8, 23.5, -2.1],
			"to": [24.8, 25.5, -2.1],
			"rotation": {"angle": 22.5, "axis": "z", "origin": [21, 1, -3]},
			"faces": {
				"north": {"uv": [14, 3, 15, 4], "texture": "#1"},
				"east": {"uv": [14, 3, 15, 4], "texture": "#1"},
				"south": {"uv": [14, 3, 15, 4], "texture": "#1"},
				"west": {"uv": [14, 3, 15, 4], "texture": "#1"},
				"up": {"uv": [14, 3, 15, 4], "texture": "#1"},
				"down": {"uv": [14, 3, 15, 4], "texture": "#1"}
			}
		},
		{
			"from": [3, 16, -3],
			"to": [5, 22, -1],
			"rotation": {"angle": -45, "axis": "z", "origin": [-1, 1, -3]},
			"faces": {
				"north": {"uv": [3, 12, 4, 15], "texture": "#1"},
				"east": {"uv": [3, 12, 4, 15], "texture": "#1"},
				"south": {"uv": [3, 12, 4, 15], "texture": "#1"},
				"west": {"uv": [3, 12, 4, 15], "texture": "#1"},
				"up": {"uv": [15, 1, 16, 0], "texture": "#1"},
				"down": {"uv": [3, 13.75, 4, 15], "texture": "#1"}
			}
		},
		{
			"from": [5, 18, -3],
			"to": [7, 22, -1],
			"rotation": {"angle": -45, "axis": "z", "origin": [-1, 1, -3]},
			"faces": {
				"north": {"uv": [14, 1, 15, 3], "texture": "#1"},
				"east": {"uv": [14, 1, 15, 3], "texture": "#1"},
				"south": {"uv": [14, 1, 15, 3], "texture": "#1"},
				"west": {"uv": [14, 7, 15, 9], "texture": "#1"},
				"up": {"uv": [3, 16, 2, 15], "texture": "#1"},
				"down": {"uv": [14, 2, 15, 3], "texture": "#1"}
			}
		},
		{
			"from": [7, 20, -3],
			"to": [9, 22, -1],
			"rotation": {"angle": -45, "axis": "z", "origin": [-1, 1, -3]},
			"faces": {
				"north": {"uv": [0, 16, 1, 15], "texture": "#1"},
				"east": {"uv": [0, 16, 1, 15], "texture": "#1"},
				"south": {"uv": [0, 16, 1, 15], "texture": "#1"},
				"west": {"uv": [0, 16, 1, 15], "texture": "#1"},
				"up": {"uv": [0, 16, 1, 15], "texture": "#1"},
				"down": {"uv": [0, 16, 1, 15], "texture": "#1"}
			}
		},
		{
			"from": [2, 8, -3],
			"to": [4, 10, -1],
			"rotation": {"angle": 45, "axis": "z", "origin": [0, 0, 0]},
			"faces": {
				"north": {"uv": [0, 16, 1, 15], "texture": "#1"},
				"east": {"uv": [0, 16, 1, 15], "texture": "#1"},
				"south": {"uv": [0, 16, 1, 15], "texture": "#1"},
				"west": {"uv": [0, 16, 1, 15], "texture": "#1"},
				"up": {"uv": [0, 16, 1, 15], "texture": "#1"},
				"down": {"uv": [0, 16, 1, 15], "texture": "#1"}
			}
		},
		{
			"from": [4, 6, -3],
			"to": [6, 10, -1],
			"rotation": {"angle": 45, "axis": "z", "origin": [0, 0, 0]},
			"faces": {
				"north": {"uv": [14, 1, 15, 3], "texture": "#1"},
				"east": {"uv": [15, 8, 16, 10], "texture": "#1"},
				"south": {"uv": [14, 1, 15, 3], "texture": "#1"},
				"west": {"uv": [15, 1, 14, 3], "texture": "#1"},
				"up": {"uv": [3, 19, 2, 18], "texture": "#1"},
				"down": {"uv": [19, 2, 18, 3], "texture": "#1"}
			}
		},
		{
			"from": [6, 4, -3],
			"to": [8, 10, -1],
			"rotation": {"angle": 45, "axis": "z", "origin": [0, 0, 0]},
			"faces": {
				"north": {"uv": [3, 12, 4, 15], "texture": "#1"},
				"east": {"uv": [13, 3, 14, 6], "texture": "#1"},
				"south": {"uv": [3, 12.25, 4, 15], "texture": "#1"},
				"west": {"uv": [3, 12, 4, 15], "texture": "#1"},
				"up": {"uv": [4, 13, 3, 12], "texture": "#1"},
				"down": {"uv": [19, 3, 18, 4], "texture": "#1"}
			}
		},
		{
			"from": [10, 12, -3],
			"to": [12, 17, -1],
			"rotation": {"angle": 45, "axis": "z", "origin": [0, 0, 0]},
			"faces": {
				"north": {"uv": [14, 12, 15, 14.25], "texture": "#1"},
				"east": {"uv": [14, 12, 15, 14.25], "texture": "#1"},
				"south": {"uv": [14, 12, 15, 14.25], "texture": "#1"},
				"west": {"uv": [14, 12, 15, 14.25], "texture": "#1"},
				"up": {"uv": [14, 12, 15, 14.25], "texture": "#1"},
				"down": {"uv": [14, 12, 15, 14.25], "texture": "#1"}
			}
		},
		{
			"from": [-7.5, 17, -3.15],
			"to": [-5.5, 23, -1.15],
			"rotation": {"angle": -22.5, "axis": "z", "origin": [0, 0, 0]},
			"faces": {
				"north": {"uv": [4, 16, 5, 13.75], "texture": "#1"},
				"east": {"uv": [4, 16, 5, 13.75], "texture": "#1"},
				"south": {"uv": [5, 16, 4, 13.75], "texture": "#1"},
				"west": {"uv": [4, 16, 5, 13.75], "texture": "#1"},
				"up": {"uv": [4, 16, 5, 13.75], "texture": "#1"},
				"down": {"uv": [4, 16, 5, 13.75], "texture": "#1"}
			}
		},
		{
			"from": [-9.5, 21, -2.1],
			"to": [-7.5, 23, -2.1],
			"rotation": {"angle": -22.5, "axis": "z", "origin": [0, 0, 0]},
			"faces": {
				"north": {"uv": [14, 4, 15, 3], "texture": "#1"},
				"east": {"uv": [14, 4, 15, 3], "texture": "#1"},
				"south": {"uv": [14, 4, 15, 3], "texture": "#1"},
				"west": {"uv": [14, 4, 15, 3], "texture": "#1"},
				"up": {"uv": [14, 4, 15, 3], "texture": "#1"},
				"down": {"uv": [14, 4, 15, 3], "texture": "#1"}
			}
		},
		{
			"from": [-11.5, 23, -2.1],
			"to": [-5.5, 25, -2.1],
			"rotation": {"angle": -22.5, "axis": "z", "origin": [0, 0, 0]},
			"faces": {
				"north": {"uv": [7, 12, 10, 13], "texture": "#1"},
				"east": {"uv": [7, 12, 10, 13], "texture": "#1"},
				"south": {"uv": [10, 12, 7, 13], "texture": "#1"},
				"west": {"uv": [7, 12, 10, 13], "texture": "#1"},
				"up": {"uv": [7, 12, 10, 13], "texture": "#1"},
				"down": {"uv": [7, 12, 10, 13], "texture": "#1"}
			}
		},
		{
			"from": [8, 4, -3],
			"to": [12, 12, -1],
			"rotation": {"angle": 45, "axis": "z", "origin": [0, 0, 0]},
			"faces": {
				"north": {"uv": [0, 8, 2, 12], "texture": "#1"},
				"east": {"uv": [0, 8, 1.25, 12], "texture": "#1"},
				"south": {"uv": [2, 8, 0, 12], "texture": "#1"},
				"west": {"uv": [1, 8, 2, 12], "texture": "#1"},
				"up": {"uv": [2, 9, 0, 8], "texture": "#1"},
				"down": {"uv": [0, 12, 2, 11], "texture": "#1"}
			}
		}
	],
	"display": {
		"thirdperson_righthand": {
			"translation": [0, 1.75, 6.75],
			"scale": [0.5, 0.5, 0.5]
		},
		"thirdperson_lefthand": {
			"translation": [0, 1.75, 6.75],
			"scale": [0.5, 0.5, 0.5]
		},
		"firstperson_righthand": {
			"rotation": [1, 0, 0],
			"translation": [-8.75, -10.5, 6.75],
			"scale": [0.5, 0.5, 0.5]
		},
		"firstperson_lefthand": {
			"rotation": [1, 0, 0],
			"translation": [-9, -14.75, 6.75],
			"scale": [0.5, 0.5, 0.5]
		},
		"ground": {
			"translation": [0, 0, 7]
		},
		"gui": {
			"rotation": [-154.82, 44, 179.22],
			"translation": [2.5, -1.25, 0],
			"scale": [0.52, 0.52, 0.52]
		},
		"head": {
			"translation": [0, 3, 7]
		},
		"fixed": {
			"translation": [0, 0, 1.25]
		}
	},
	"groups": [
		{
			"name": "kuping",
			"origin": [0, 0, 0],
			"color": 0,
			"children": [0, 1, 2, 3]
		},
		{
			"name": "kuping1",
			"origin": [0, 0, 0],
			"color": 0,
			"children": [4, 5, 6, 7]
		},
		{
			"name": "tanduk",
			"origin": [8, 8, 8],
			"color": 0,
			"children": [8, 9, 10, 11, 12, 13, 14, 15, 16, 17]
		},
		{
			"name": "tanduk1",
			"origin": [0, 0, 0],
			"color": 0,
			"children": [18, 19, 20, 21, 22, 23, 24, 25]
		}
	]
}