{
	"credit": "Made with Blockbench",
	"texture_size": [64, 64],
	"textures": {
		"2": "./axolotl_blue",
		"particle": "./axolotl_blue"
	},
	"elements": [
		{
			"name": "left_gills",
			"from": [12, -7, 2],
			"to": [15, 0, 2],
			"rotation": {"angle": -22.5, "axis": "z", "origin": [8, -4.5, 3]},
			"faces": {
				"north": {"uv": [0, 10, 0.75, 11.75], "texture": "#2"},
				"east": {"uv": [0, 10, 0, 11.75], "texture": "#2"},
				"south": {"uv": [0, 11.75, 0.75, 10], "texture": "#2"},
				"west": {"uv": [0.75, 10, 0.75, 11.75], "texture": "#2"},
				"up": {"uv": [0.75, 10, 0, 10], "texture": "#2"},
				"down": {"uv": [1.5, 10, 0.75, 10], "texture": "#2"}
			}
		},
		{
			"name": "top_gills",
			"from": [4, -2, 2],
			"to": [12, 1, 2],
			"rotation": {"angle": -22.5, "axis": "z", "origin": [8, -4.5, 3]},
			"faces": {
				"north": {"uv": [0.75, 9.25, 2.75, 10], "texture": "#2"},
				"east": {"uv": [0.75, 9.25, 0.75, 10], "texture": "#2"},
				"south": {"uv": [0.75, 9.25, 2.75, 10], "texture": "#2"},
				"west": {"uv": [2.75, 9.25, 2.75, 10], "texture": "#2"},
				"up": {"uv": [2.75, 9.25, 0.75, 9.25], "texture": "#2"},
				"down": {"uv": [4.75, 9.25, 2.75, 9.25], "texture": "#2"}
			}
		},
		{
			"name": "head",
			"from": [4, -7, -2],
			"to": [12, -2, 3],
			"rotation": {"angle": -22.5, "axis": "z", "origin": [8, -4.5, 3]},
			"faces": {
				"north": {"uv": [1.25, 1.5, 3.25, 2.75], "texture": "#2"},
				"east": {"uv": [0, 1.5, 1.25, 2.75], "texture": "#2"},
				"south": {"uv": [3.75, 1.5, 5.75, 2.75], "texture": "#2"},
				"west": {"uv": [3.25, 1.5, 4.5, 2.75], "texture": "#2"},
				"up": {"uv": [3.25, 1.5, 1.25, 0.25], "texture": "#2"},
				"down": {"uv": [5.25, 0.25, 3.25, 1.5], "texture": "#2"}
			}
		},
		{
			"name": "right_gills",
			"from": [1, -7, 2],
			"to": [4, 0, 2],
			"rotation": {"angle": -22.5, "axis": "z", "origin": [8, -4.5, 3]},
			"faces": {
				"north": {"uv": [2.75, 10, 3.5, 11.75], "texture": "#2"},
				"east": {"uv": [2.75, 10, 2.75, 11.75], "texture": "#2"},
				"south": {"uv": [2.75, 11.75, 3.5, 10], "texture": "#2"},
				"west": {"uv": [3.5, 10, 3.5, 11.75], "texture": "#2"},
				"up": {"uv": [3.5, 10, 2.75, 10], "texture": "#2"},
				"down": {"uv": [4.25, 10, 3.5, 10], "texture": "#2"}
			}
		},
		{
			"name": "leg2",
			"from": [9.5, -6.01777, 11.99264],
			"to": [12.5, -6.01777, 16.99264],
			"rotation": {"angle": 45, "axis": "x", "origin": [4, -6.01777, 11.01777]},
			"faces": {
				"north": {"uv": [1.25, 3.25, 0.5, 3.25], "rotation": 180, "texture": "#2"},
				"east": {"uv": [0.5, 3.25, 0.5, 4.5], "rotation": 90, "texture": "#2"},
				"south": {"uv": [2, 3.25, 1.25, 3.25], "texture": "#2"},
				"west": {"uv": [1.25, 3.25, 1.25, 4.5], "rotation": 270, "texture": "#2"},
				"up": {"uv": [0.5, 3.25, 1.25, 4.5], "texture": "#2"},
				"down": {"uv": [0.5, 3.25, 1.25, 4.5], "rotation": 180, "texture": "#2"}
			}
		},
		{
			"name": "leg3",
			"from": [3.5, -6.01777, 11.99264],
			"to": [6.5, -6.01777, 16.99264],
			"rotation": {"angle": 45, "axis": "x", "origin": [4, -6.01777, 11.01777]},
			"faces": {
				"north": {"uv": [1.25, 3.25, 0.5, 3.25], "rotation": 180, "texture": "#2"},
				"east": {"uv": [0.5, 3.25, 0.5, 4.5], "rotation": 90, "texture": "#2"},
				"south": {"uv": [2, 3.25, 1.25, 3.25], "texture": "#2"},
				"west": {"uv": [1.25, 3.25, 1.25, 4.5], "rotation": 270, "texture": "#2"},
				"up": {"uv": [0.5, 3.25, 1.25, 4.5], "texture": "#2"},
				"down": {"uv": [0.5, 3.25, 1.25, 4.5], "rotation": 180, "texture": "#2"}
			}
		},
		{
			"name": "leg4",
			"from": [3.5, -11, 4],
			"to": [6.5, -6, 4],
			"rotation": {"angle": 0, "axis": "y", "origin": [4, -6, 4]},
			"faces": {
				"north": {"uv": [0.5, 3.25, 1.25, 4.5], "texture": "#2"},
				"east": {"uv": [0.5, 3.25, 0.5, 4.5], "texture": "#2"},
				"south": {"uv": [0.5, 3.25, 1.25, 4.5], "texture": "#2"},
				"west": {"uv": [1.25, 3.25, 1.25, 4.5], "texture": "#2"},
				"up": {"uv": [1.25, 3.25, 0.5, 3.25], "texture": "#2"},
				"down": {"uv": [2, 3.25, 1.25, 3.25], "texture": "#2"}
			}
		},
		{
			"name": "leg3",
			"from": [9.5, -11, 4],
			"to": [12.5, -6, 4],
			"rotation": {"angle": 0, "axis": "y", "origin": [12, -6, 4]},
			"faces": {
				"north": {"uv": [0.5, 3.25, 1.25, 4.5], "texture": "#2"},
				"east": {"uv": [0.5, 3.25, 0.5, 4.5], "texture": "#2"},
				"south": {"uv": [0.5, 3.25, 1.25, 4.5], "texture": "#2"},
				"west": {"uv": [1.25, 3.25, 1.25, 4.5], "texture": "#2"},
				"up": {"uv": [1.25, 3.25, 0.5, 3.25], "texture": "#2"},
				"down": {"uv": [2, 3.25, 1.25, 3.25], "texture": "#2"}
			}
		},
		{
			"name": "body",
			"from": [4, -7, 3],
			"to": [12, -3, 13],
			"rotation": {"angle": 0, "axis": "y", "origin": [8, -11, 8]},
			"faces": {
				"north": {"uv": [2.5, 5.25, 4.5, 6.25], "texture": "#2"},
				"east": {"uv": [0, 5.25, 2.5, 6.25], "texture": "#2"},
				"south": {"uv": [6.25, 5.25, 8.25, 6.25], "texture": "#2"},
				"west": {"uv": [4.5, 5.25, 7, 6.25], "texture": "#2"},
				"up": {"uv": [4.5, 5.25, 2.5, 2.75], "texture": "#2"},
				"down": {"uv": [6.5, 2.75, 4.5, 5.25], "texture": "#2"}
			}
		},
		{
			"name": "body",
			"from": [8, -7, 4],
			"to": [8, -2, 13],
			"rotation": {"angle": 0, "axis": "y", "origin": [8, -11, 8]},
			"faces": {
				"north": {"uv": [2.75, 6.5, 2.75, 7.75], "texture": "#2"},
				"east": {"uv": [0.5, 6.5, 2.75, 7.75], "texture": "#2"},
				"south": {"uv": [4.25, 6.5, 4.25, 7.75], "texture": "#2"},
				"west": {"uv": [2.75, 6.5, 0.5, 7.75], "texture": "#2"},
				"up": {"uv": [2.75, 6.5, 2.75, 4.25], "texture": "#2"},
				"down": {"uv": [2.75, 4.25, 2.75, 6.5], "texture": "#2"}
			}
		},
		{
			"name": "tail",
			"from": [8, -15.75, 10],
			"to": [8, -3.75, 15],
			"rotation": {"angle": -22.5, "axis": "x", "origin": [8, -6.75, 12]},
			"faces": {
				"north": {"uv": [3.5, 4.75, 3.5, 7.75], "rotation": 180, "texture": "#2"},
				"east": {"uv": [0.5, 7.75, 3.5, 9], "rotation": 270, "texture": "#2"},
				"south": {"uv": [3.5, 7.75, 3.5, 4.75], "texture": "#2"},
				"west": {"uv": [3.375, 7.875, 0.375, 9.125], "rotation": 90, "texture": "#2"},
				"up": {"uv": [3.5, 7.75, 3.5, 9], "rotation": 180, "texture": "#2"},
				"down": {"uv": [5.75, 7.75, 5.75, 9], "texture": "#2"}
			}
		}
	],
	"display": {
		"thirdperson_righthand": {
			"translation": [0, 7.25, 3.25],
			"scale": [0.34961, 0.34961, 0.34961]
		},
		"thirdperson_lefthand": {
			"rotation": [79.95, 3.11, 1.76],
			"translation": [-13, -2, 20],
			"scale": [0.65, 0.63, 0.66]
		},
		"firstperson_righthand": {
			"rotation": [118.19, 29.97, -117.59],
			"translation": [5.75, 3.75, 2.25],
			"scale": [0.14063, 0.14063, 0.14063]
		},
		"firstperson_lefthand": {
			"rotation": [118.19, 29.97, -117.59],
			"translation": [5.75, 3.75, 2.25],
			"scale": [0.14063, 0.14063, 0.14063]
		},
		"ground": {
			"rotation": [18.45, 0.87, 5.41],
			"translation": [0, 3.25, 0],
			"scale": [0.52539, 0.52539, 0.52539]
		},
		"gui": {
			"rotation": [17, 142, 0],
			"translation": [1, 11.25, 0],
			"scale": [0.8, 0.8, 0.8]
		},
		"head": {
			"rotation": [0, 0, -2.75],
			"translation": [14.75, -22.25, -0.25],
			"scale": [1.17188, 1.17188, 1.17188]
		},
		"fixed": {
			"rotation": [-86.5, 0, 0],
			"translation": [0, 0.25, -4.5],
			"scale": [1.29492, 1.29492, 1.29492]
		}
	},
	"groups": [
		{
			"name": "group",
			"origin": [8, 0, 8],
			"color": 0,
			"children": [
				{
					"name": "pala",
					"origin": [8, 0, 8],
					"color": 0,
					"children": [0, 1, 2, 3]
				},
				{
					"name": "group",
					"origin": [8, 0, 8],
					"color": 0,
					"children": [
						{
							"name": "group",
							"origin": [8, 5, 7.5],
							"color": 0,
							"children": [4, 5]
						},
						{
							"name": "group",
							"origin": [8, 5, 7.5],
							"color": 0,
							"children": [6, 7]
						},
						8,
						9
					]
				},
				10
			]
		}
	]
}