{
	"credit": "Made with Blockbench",
	"texture_size": [32, 32],
	"textures": {
		"1": "./mata",
		"2": "./hair",
		"3": "./horn",
		"4": "./tatto1",
		"5": "./tatto2",
		"particle": "./hair"
	},
	"elements": [
		{
			"from": [12, 1.1, 3.8],
			"to": [13.8, 4.4, 4.8],
			"rotation": {"angle": 0, "axis": "y", "origin": [0, 0.2, 0]},
			"faces": {
				"north": {"uv": [2, 0, 4, 4], "texture": "#1"},
				"east": {"uv": [2, 0, 4, 4], "texture": "#1"},
				"south": {"uv": [2, 0, 4, 4], "texture": "#1"},
				"west": {"uv": [2, 0, 4, 4], "texture": "#1"},
				"up": {"uv": [2, 0, 4, 4], "texture": "#1"},
				"down": {"uv": [2, 0, 4, 4], "texture": "#1"}
			}
		},
		{
			"from": [12, -0.6, 4.05],
			"to": [16, 1.1, 4.05],
			"rotation": {"angle": 0, "axis": "y", "origin": [0, 3.4, -0.2]},
			"faces": {
				"north": {"uv": [0.5, 7, 15.5, 15], "texture": "#4"},
				"east": {"uv": [0.5, 7, 15.5, 15], "texture": "#4"},
				"south": {"uv": [15.5, 7, 0.5, 15], "texture": "#4"},
				"west": {"uv": [0.5, 7, 15.5, 15], "texture": "#4"},
				"up": {"uv": [0.5, 7, 15.5, 15], "texture": "#4"},
				"down": {"uv": [0.5, 7, 15.5, 15], "texture": "#4"}
			}
		},
		{
			"from": [12, 4.4, 4.05],
			"to": [16, 7.9, 4.05],
			"rotation": {"angle": 0, "axis": "y", "origin": [0, 3.4, -0.2]},
			"faces": {
				"north": {"uv": [0, 0, 16, 15.5], "texture": "#5"},
				"east": {"uv": [0, 0, 16, 15.5], "texture": "#5"},
				"south": {"uv": [0, 0, 16, 15.5], "texture": "#5"},
				"west": {"uv": [0, 0, 16, 15.5], "texture": "#5"},
				"up": {"uv": [0, 0, 16, 15.5], "texture": "#5"},
				"down": {"uv": [0, 0, 16, 15.5], "texture": "#5"}
			}
		},
		{
			"from": [17.4, 10, 4],
			"to": [17.4, 18, 18],
			"faces": {
				"north": {"uv": [0, 0, 7, 4], "texture": "#2"},
				"east": {"uv": [0, 0, 7, 4], "texture": "#2"},
				"south": {"uv": [0, 0, 7, 4], "texture": "#2"},
				"west": {"uv": [7, 0, 0, 4], "texture": "#2"},
				"up": {"uv": [0, 0, 7, 4], "texture": "#2"},
				"down": {"uv": [0, 0, 7, 4], "texture": "#2"}
			}
		},
		{
			"from": [3.6, 10, 4],
			"to": [3.6, 18, 18],
			"faces": {
				"north": {"uv": [7, 4, 14, 8], "texture": "#2"},
				"east": {"uv": [7, 4, 14, 8], "texture": "#2"},
				"south": {"uv": [7, 4, 14, 8], "texture": "#2"},
				"west": {"uv": [7, 4, 14, 8], "texture": "#2"},
				"up": {"uv": [7, 4, 14, 8], "texture": "#2"},
				"down": {"uv": [7, 4, 14, 8], "texture": "#2"}
			}
		},
		{
			"from": [3.5, 10, 4],
			"to": [17.5, 18, 4],
			"faces": {
				"north": {"uv": [0, 8, 7, 12], "texture": "#2"},
				"east": {"uv": [0, 8, 7, 12], "texture": "#2"},
				"south": {"uv": [7, 8, 0, 12], "texture": "#2"},
				"west": {"uv": [0, 8, 7, 12], "texture": "#2"},
				"up": {"uv": [0, 8, 7, 12], "texture": "#2"},
				"down": {"uv": [0, 8, 7, 12], "texture": "#2"}
			}
		},
		{
			"from": [3.5, 10, 17.9],
			"to": [17.5, 18, 17.9],
			"faces": {
				"north": {"uv": [0, 12, 7, 16], "texture": "#2"},
				"east": {"uv": [0, 12, 7, 16], "texture": "#2"},
				"south": {"uv": [7, 12, 0, 16], "texture": "#2"},
				"west": {"uv": [0, 12, 7, 16], "texture": "#2"},
				"up": {"uv": [0, 12, 7, 16], "texture": "#2"},
				"down": {"uv": [0, 12, 7, 16], "texture": "#2"}
			}
		},
		{
			"from": [13, 6.2729, -9.06754],
			"to": [18, 8.2729, -7.06754],
			"rotation": {"angle": 22.5, "axis": "x", "origin": [-1, -5.7271, 5.93246]},
			"faces": {
				"north": {"uv": [12, 0, 14.5, 1], "texture": "#3"},
				"east": {"uv": [2.5, 6, 3.5, 7], "texture": "#3"},
				"south": {"uv": [12, 1, 14.5, 2], "texture": "#3"},
				"west": {"uv": [2.5, 7, 3.5, 8], "texture": "#3"},
				"up": {"uv": [14.5, 3, 12, 2], "texture": "#3"},
				"down": {"uv": [5, 12, 2.5, 13], "texture": "#3"}
			}
		},
		{
			"from": [13, 14.36361, -1.46508],
			"to": [18, 19.36361, 5.53492],
			"rotation": {"angle": 22.5, "axis": "x", "origin": [-1, 0.36361, -0.46508]},
			"faces": {
				"north": {"uv": [5, 8, 7.5, 11], "texture": "#3"},
				"east": {"uv": [0, 0, 4, 3], "texture": "#3"},
				"south": {"uv": [7.5, 8, 10, 11], "texture": "#3"},
				"west": {"uv": [0, 3, 4, 6], "texture": "#3"},
				"up": {"uv": [2.5, 10, 0, 6], "texture": "#3"},
				"down": {"uv": [9.5, 0, 7, 4], "texture": "#3"}
			}
		},
		{
			"from": [13, 11.3, -0.11797],
			"to": [18, 18.3, 5.88203],
			"rotation": {"angle": 0, "axis": "y", "origin": [18, 6.56417, 3.27307]},
			"faces": {
				"north": {"uv": [7, 4, 9.5, 8], "texture": "#3"},
				"east": {"uv": [4, 0, 7, 4], "texture": "#3"},
				"south": {"uv": [2.5, 8, 5, 12], "texture": "#3"},
				"west": {"uv": [4, 4, 7, 8], "texture": "#3"},
				"up": {"uv": [12, 3, 9.5, 0], "texture": "#3"},
				"down": {"uv": [12, 3, 9.5, 6], "texture": "#3"}
			}
		},
		{
			"from": [13, 6, -8],
			"to": [18, 9, -3],
			"rotation": {"angle": 22.5, "axis": "x", "origin": [-1, -8.20744, 6.15221]},
			"faces": {
				"north": {"uv": [10, 8.5, 12.5, 10.5], "texture": "#3"},
				"east": {"uv": [10, 10.5, 12.5, 12.5], "texture": "#3"},
				"south": {"uv": [5, 11, 7.5, 13], "texture": "#3"},
				"west": {"uv": [7.5, 11, 10, 13], "texture": "#3"},
				"up": {"uv": [2.5, 12.5, 0, 10], "texture": "#3"},
				"down": {"uv": [12.5, 6, 10, 8.5], "texture": "#3"}
			}
		}
	],
	"display": {
		"thirdperson_righthand": {
			"translation": [-1.25, -1.5, 0],
			"scale": [0.5, 0.5, 0.5]
		},
		"thirdperson_lefthand": {
			"translation": [1.5, -1.5, 0],
			"scale": [0.5, 0.5, 0.5]
		},
		"firstperson_righthand": {
			"translation": [-2.75, 2, -2.5],
			"scale": [0.5, 0.5, 0.5]
		},
		"firstperson_lefthand": {
			"translation": [-0.5, 2, -2.5],
			"scale": [0.5, 0.5, 0.5]
		},
		"ground": {
			"scale": [0.5, 0.5, 0.5]
		},
		"gui": {
			"rotation": [-154.82, 47.29, 179.22],
			"translation": [1.25, -2.25, 0],
			"scale": [0.54922, 0.54922, 0.54922]
		},
		"head": {
			"translation": [-2.5, 2, -2.5]
		},
		"fixed": {
			"translation": [0, -4.25, -9.75]
		}
	},
	"groups": [
		{
			"name": "eye",
			"origin": [0, 0, 0],
			"color": 0,
			"children": [0, 1, 2]
		},
		{
			"name": "hair",
			"origin": [0, 0, 0],
			"color": 0,
			"children": [3, 4, 5, 6]
		},
		{
			"name": "horn",
			"origin": [0, 0, 0],
			"color": 0,
			"children": [7, 8, 9, 10]
		}
	]
}