{
	"credit": "Made with Blockbench",
	"texture_size": [128, 128],
	"textures": {
		"2": "./texture"
	},
	"elements": [
		{
			"from": [3, -16, 6.01],
			"to": [7, -12, 8.01],
			"rotation": {"angle": -45, "axis": "z", "origin": [8, -17, 7]},
			"faces": {
				"north": {"uv": [5.625, 5.75, 6.125, 6.25], "texture": "#2"},
				"east": {"uv": [1, 7.125, 1.25, 7.625], "texture": "#2"},
				"south": {"uv": [0, 5.875, 0.5, 6.375], "texture": "#2"},
				"west": {"uv": [1.25, 7.125, 1.5, 7.625], "texture": "#2"},
				"up": {"uv": [2, 7.375, 1.5, 7.125], "texture": "#2"},
				"down": {"uv": [2.5, 7.125, 2, 7.375], "texture": "#2"}
			}
		},
		{
			"from": [5, -13.1, 6],
			"to": [11, -10, 8],
			"rotation": {"angle": 0, "axis": "y", "origin": [8, -17, 7]},
			"faces": {
				"north": {"uv": [3.125, 5.75, 3.875, 6.125], "texture": "#2"},
				"east": {"uv": [0.75, 7.375, 1, 7.75], "texture": "#2"},
				"south": {"uv": [3.875, 5.75, 4.625, 6.125], "texture": "#2"},
				"west": {"uv": [1.5, 7.375, 1.75, 7.75], "texture": "#2"},
				"up": {"uv": [7.5, 2.75, 6.75, 2.5], "texture": "#2"},
				"down": {"uv": [7.5, 2.75, 6.75, 3], "texture": "#2"}
			}
		},
		{
			"from": [6.27541, -5.26228, 4.67346],
			"to": [9.72459, -0.0885, 6.39805],
			"rotation": {"angle": 0, "axis": "y", "origin": [8, -14.74754, 6.8292]},
			"faces": {
				"north": {"uv": [4.625, 5.75, 5.0625, 6.375], "texture": "#2"},
				"east": {"uv": [2.5, 7.125, 2.6875, 7.75], "texture": "#2"},
				"south": {"uv": [5.125, 5.75, 5.5625, 6.375], "texture": "#2"},
				"west": {"uv": [2.75, 7.125, 2.9375, 7.75], "texture": "#2"},
				"up": {"uv": [7.8125, 2.3125, 7.375, 2.125], "texture": "#2"},
				"down": {"uv": [7.8125, 3, 7.375, 3.1875], "texture": "#2"}
			}
		},
		{
			"from": [6.27541, -1.98556, 4.75107],
			"to": [9.72459, 2.32592, 6.47566],
			"rotation": {"angle": 45, "axis": "x", "origin": [8, -0.9508, 6.8292]},
			"faces": {
				"north": {"uv": [3.125, 6.125, 3.5625, 6.6875], "texture": "#2"},
				"east": {"uv": [0.25, 7.375, 0.4375, 7.9375], "texture": "#2"},
				"south": {"uv": [3.625, 6.125, 4.0625, 6.6875], "texture": "#2"},
				"west": {"uv": [0.5, 7.375, 0.6875, 7.9375], "texture": "#2"},
				"up": {"uv": [6.3125, 7.5625, 5.875, 7.375], "texture": "#2"},
				"down": {"uv": [7.8125, 6.875, 7.375, 7.0625], "texture": "#2"}
			}
		},
		{
			"from": [6.27541, -10.8672, 12.08921],
			"to": [9.72459, -6.55572, 13.8138],
			"rotation": {"angle": -45, "axis": "x", "origin": [8, -14.74754, 6.8292]},
			"faces": {
				"north": {"uv": [0.5, 5.875, 0.9375, 6.4375], "texture": "#2"},
				"east": {"uv": [0, 7.375, 0.1875, 7.9375], "texture": "#2"},
				"south": {"uv": [1, 5.875, 1.4375, 6.4375], "texture": "#2"},
				"west": {"uv": [7.375, 0, 7.5625, 0.5625], "texture": "#2"},
				"up": {"uv": [7.8125, 3.4375, 7.375, 3.25], "texture": "#2"},
				"down": {"uv": [4.9375, 7.375, 4.5, 7.5625], "texture": "#2"}
			}
		},
		{
			"from": [-4, -10, 8],
			"to": [-2, -8, 10],
			"rotation": {"angle": 22.5, "axis": "y", "origin": [0, 0, 0]},
			"faces": {
				"north": {"uv": [7.125, 7.75, 6.875, 8], "texture": "#2"},
				"east": {"uv": [1.875, 7.875, 1.625, 8.125], "texture": "#2"},
				"south": {"uv": [1.25, 7.875, 1, 8.125], "texture": "#2"},
				"west": {"uv": [7.375, 7.75, 7.125, 8], "texture": "#2"},
				"up": {"uv": [1.875, 8.125, 2.125, 7.875], "texture": "#2"},
				"down": {"uv": [7.875, 2, 8.125, 2.25], "texture": "#2"}
			}
		},
		{
			"from": [18, -10, 8],
			"to": [20, -8, 10],
			"rotation": {"angle": -22.5, "axis": "y", "origin": [16, 0, 0]},
			"faces": {
				"north": {"uv": [6.875, 7.75, 7.125, 8], "texture": "#2"},
				"east": {"uv": [7.125, 7.75, 7.375, 8], "texture": "#2"},
				"south": {"uv": [1, 7.875, 1.25, 8.125], "texture": "#2"},
				"west": {"uv": [1.625, 7.875, 1.875, 8.125], "texture": "#2"},
				"up": {"uv": [2.125, 8.125, 1.875, 7.875], "texture": "#2"},
				"down": {"uv": [8.125, 2, 7.875, 2.25], "texture": "#2"}
			}
		},
		{
			"from": [-9, -10, 5.8],
			"to": [-6.8, -8, 7.9],
			"rotation": {"angle": 45, "axis": "y", "origin": [0, 0, 0]},
			"faces": {
				"north": {"uv": [8, 0.5, 7.75, 0.75], "texture": "#2"},
				"east": {"uv": [8, 1, 7.75, 1.25], "texture": "#2"},
				"south": {"uv": [8, 0.75, 7.75, 1], "texture": "#2"},
				"west": {"uv": [1, 7.75, 0.75, 8], "texture": "#2"},
				"up": {"uv": [7.75, 1.5, 8, 1.25], "texture": "#2"},
				"down": {"uv": [1.375, 7.75, 1.625, 8], "texture": "#2"}
			}
		},
		{
			"from": [22.8, -10, 5.8],
			"to": [25, -8, 7.9],
			"rotation": {"angle": -45, "axis": "y", "origin": [16, 0, 0]},
			"faces": {
				"north": {"uv": [7.75, 0.5, 8, 0.75], "texture": "#2"},
				"east": {"uv": [0.75, 7.75, 1, 8], "texture": "#2"},
				"south": {"uv": [7.75, 0.75, 8, 1], "texture": "#2"},
				"west": {"uv": [7.75, 1, 8, 1.25], "texture": "#2"},
				"up": {"uv": [8, 1.5, 7.75, 1.25], "texture": "#2"},
				"down": {"uv": [1.625, 7.75, 1.375, 8], "texture": "#2"}
			}
		},
		{
			"from": [12, -10, 10.5],
			"to": [14, -8, 12.7],
			"rotation": {"angle": 22.5, "axis": "y", "origin": [16, 0, 0]},
			"faces": {
				"north": {"uv": [7.75, 1.5, 8, 1.75], "texture": "#2"},
				"east": {"uv": [7.75, 1.75, 8, 2], "texture": "#2"},
				"south": {"uv": [2.5, 7.75, 2.75, 8], "texture": "#2"},
				"west": {"uv": [2.75, 7.75, 3, 8], "texture": "#2"},
				"up": {"uv": [8, 3.75, 7.75, 3.5], "texture": "#2"},
				"down": {"uv": [8, 3.75, 7.75, 4], "texture": "#2"}
			}
		},
		{
			"from": [2, -10, 10.5],
			"to": [4, -8, 12.7],
			"rotation": {"angle": -22.5, "axis": "y", "origin": [0, 0, 0]},
			"faces": {
				"north": {"uv": [8, 1.5, 7.75, 1.75], "texture": "#2"},
				"east": {"uv": [3, 7.75, 2.75, 8], "texture": "#2"},
				"south": {"uv": [2.75, 7.75, 2.5, 8], "texture": "#2"},
				"west": {"uv": [8, 1.75, 7.75, 2], "texture": "#2"},
				"up": {"uv": [7.75, 3.75, 8, 3.5], "texture": "#2"},
				"down": {"uv": [7.75, 3.75, 8, 4], "texture": "#2"}
			}
		},
		{
			"from": [-3.3, -0.5, 6],
			"to": [-0.3, 1.5, 20],
			"rotation": {"angle": -45, "axis": "z", "origin": [8, -17, 7]},
			"faces": {
				"north": {"uv": [7.375, 1.625, 7.75, 1.875], "texture": "#2"},
				"east": {"uv": [5.25, 1.25, 7, 1.5], "texture": "#2"},
				"south": {"uv": [1.75, 7.375, 2.125, 7.625], "texture": "#2"},
				"west": {"uv": [5.25, 1.5, 7, 1.75], "texture": "#2"},
				"up": {"uv": [2, 7.125, 1.625, 5.375], "texture": "#2"},
				"down": {"uv": [2.375, 5.375, 2, 7.125], "texture": "#2"}
			}
		},
		{
			"from": [16.3, -0.5, 6],
			"to": [19.3, 1.5, 20],
			"rotation": {"angle": 45, "axis": "z", "origin": [8, -17, 7]},
			"faces": {
				"north": {"uv": [7.375, 1.875, 7.75, 2.125], "texture": "#2"},
				"east": {"uv": [3.125, 5.5, 4.875, 5.75], "texture": "#2"},
				"south": {"uv": [2.125, 7.375, 2.5, 7.625], "texture": "#2"},
				"west": {"uv": [4.875, 5.5, 6.625, 5.75], "texture": "#2"},
				"up": {"uv": [2.75, 7.125, 2.375, 5.375], "texture": "#2"},
				"down": {"uv": [3.125, 5.375, 2.75, 7.125], "texture": "#2"}
			}
		},
		{
			"from": [1, -10, 6],
			"to": [15, 4, 20],
			"rotation": {"angle": 0, "axis": "y", "origin": [8, -17, 7]},
			"faces": {
				"north": {"uv": [0, 0, 1.75, 1.75], "texture": "#2"},
				"east": {"uv": [0, 1.75, 1.75, 3.5], "texture": "#2"},
				"south": {"uv": [1.75, 0, 3.5, 1.75], "texture": "#2"},
				"west": {"uv": [1.75, 1.75, 3.5, 3.5], "texture": "#2"},
				"up": {"uv": [1.75, 5.25, 0, 3.5], "texture": "#2"},
				"down": {"uv": [5.25, 0, 3.5, 1.75], "texture": "#2"}
			}
		},
		{
			"from": [22, -5, 7],
			"to": [22, 0, 20],
			"rotation": {"angle": 22.5, "axis": "z", "origin": [16, -17, 0]},
			"faces": {
				"north": {"uv": [0, 0, 0, 0.625], "texture": "#2"},
				"east": {"uv": [3.5, 2.375, 5.125, 3], "texture": "#2"},
				"south": {"uv": [0, 0, 0, 0.625], "texture": "#2"},
				"west": {"uv": [3.5, 3, 5.125, 3.625], "texture": "#2"},
				"up": {"uv": [0, 1.625, 0, 0], "texture": "#2"},
				"down": {"uv": [0, 0, 0, 1.625], "texture": "#2"}
			}
		},
		{
			"from": [1, -12, 26],
			"to": [14, -7, 26],
			"rotation": {"angle": -22.5, "axis": "x", "origin": [16, -17, 0]},
			"faces": {
				"north": {"uv": [5.125, 3, 6.75, 3.625], "texture": "#2"},
				"east": {"uv": [0, 0, 0, 0.625], "texture": "#2"},
				"south": {"uv": [0, 5.25, 1.625, 5.875], "texture": "#2"},
				"west": {"uv": [0, 0, 0, 0.625], "texture": "#2"},
				"up": {"uv": [1.625, 0, 0, 0], "texture": "#2"},
				"down": {"uv": [1.625, 0, 0, 0], "texture": "#2"}
			}
		},
		{
			"from": [1, -14, 25],
			"to": [14, -9, 25],
			"rotation": {"angle": -22.5, "axis": "x", "origin": [16, -17, 0]},
			"faces": {
				"north": {"uv": [5.25, 0, 6.875, 0.625], "texture": "#2"},
				"east": {"uv": [0, 0, 0, 0.625], "texture": "#2"},
				"south": {"uv": [5.25, 0.625, 6.875, 1.25], "texture": "#2"},
				"west": {"uv": [0, 0, 0, 0.625], "texture": "#2"},
				"up": {"uv": [1.625, 0, 0, 0], "texture": "#2"},
				"down": {"uv": [1.625, 0, 0, 0], "texture": "#2"}
			}
		},
		{
			"from": [1, -16, 24],
			"to": [14, -11, 24],
			"rotation": {"angle": -22.5, "axis": "x", "origin": [16, -17, 0]},
			"faces": {
				"north": {"uv": [1.75, 3.5, 3.375, 4.125], "texture": "#2"},
				"east": {"uv": [0, 0, 0, 0.625], "texture": "#2"},
				"south": {"uv": [3.5, 1.75, 5.125, 2.375], "texture": "#2"},
				"west": {"uv": [0, 0, 0, 0.625], "texture": "#2"},
				"up": {"uv": [1.625, 0, 0, 0], "texture": "#2"},
				"down": {"uv": [1.625, 0, 0, 0], "texture": "#2"}
			}
		},
		{
			"from": [-6, -5, 7],
			"to": [-6, 0, 20],
			"rotation": {"angle": -22.5, "axis": "z", "origin": [0, -17, 0]},
			"faces": {
				"north": {"uv": [0, 0, 0, 0.625], "texture": "#2"},
				"east": {"uv": [3.375, 4.875, 5, 5.5], "texture": "#2"},
				"south": {"uv": [0, 0, 0, 0.625], "texture": "#2"},
				"west": {"uv": [5, 3.625, 6.625, 4.25], "texture": "#2"},
				"up": {"uv": [0, 1.625, 0, 0], "texture": "#2"},
				"down": {"uv": [0, 0, 0, 1.625], "texture": "#2"}
			}
		},
		{
			"from": [-5, -7, 7],
			"to": [-5, -2, 20],
			"rotation": {"angle": -22.5, "axis": "z", "origin": [0, -17, 0]},
			"faces": {
				"north": {"uv": [0, 0, 0, 0.625], "texture": "#2"},
				"east": {"uv": [3.375, 3.625, 5, 4.25], "texture": "#2"},
				"south": {"uv": [0, 0, 0, 0.625], "texture": "#2"},
				"west": {"uv": [1.75, 4.125, 3.375, 4.75], "texture": "#2"},
				"up": {"uv": [0, 1.625, 0, 0], "texture": "#2"},
				"down": {"uv": [0, 0, 0, 1.625], "texture": "#2"}
			}
		},
		{
			"from": [21, -7, 7],
			"to": [21, -2, 20],
			"rotation": {"angle": 22.5, "axis": "z", "origin": [16, -17, 0]},
			"faces": {
				"north": {"uv": [0, 0, 0, 0.625], "texture": "#2"},
				"east": {"uv": [5.125, 1.75, 6.75, 2.375], "texture": "#2"},
				"south": {"uv": [0, 0, 0, 0.625], "texture": "#2"},
				"west": {"uv": [5.125, 2.375, 6.75, 3], "texture": "#2"},
				"up": {"uv": [0, 1.625, 0, 0], "texture": "#2"},
				"down": {"uv": [0, 0, 0, 1.625], "texture": "#2"}
			}
		},
		{
			"from": [20, -8, 7],
			"to": [20, -3, 20],
			"rotation": {"angle": 22.5, "axis": "z", "origin": [16, -17, 0]},
			"faces": {
				"north": {"uv": [0, 0, 0, 0.625], "texture": "#2"},
				"east": {"uv": [3.375, 4.25, 5, 4.875], "texture": "#2"},
				"south": {"uv": [0, 0, 0, 0.625], "texture": "#2"},
				"west": {"uv": [1.75, 4.75, 3.375, 5.375], "texture": "#2"},
				"up": {"uv": [0, 1.625, 0, 0], "texture": "#2"},
				"down": {"uv": [0, 0, 0, 1.625], "texture": "#2"}
			}
		},
		{
			"from": [-4, -8, 7],
			"to": [-4, -3, 20],
			"rotation": {"angle": -22.5, "axis": "z", "origin": [0, -17, 0]},
			"faces": {
				"north": {"uv": [0, 0, 0, 0.625], "texture": "#2"},
				"east": {"uv": [5, 4.25, 6.625, 4.875], "texture": "#2"},
				"south": {"uv": [0, 0, 0, 0.625], "texture": "#2"},
				"west": {"uv": [5, 4.875, 6.625, 5.5], "texture": "#2"},
				"up": {"uv": [0, 1.625, 0, 0], "texture": "#2"},
				"down": {"uv": [0, 0, 0, 1.625], "texture": "#2"}
			}
		},
		{
			"from": [8, -4, 12],
			"to": [10, -2, 14],
			"rotation": {"angle": 45, "axis": "z", "origin": [0, 0, 0]},
			"faces": {
				"north": {"uv": [6.625, 7.5, 6.875, 7.75], "texture": "#2"},
				"east": {"uv": [1.75, 7.625, 2, 7.875], "texture": "#2"},
				"south": {"uv": [2, 7.625, 2.25, 7.875], "texture": "#2"},
				"west": {"uv": [2.25, 7.625, 2.5, 7.875], "texture": "#2"},
				"up": {"uv": [4.75, 7.875, 4.5, 7.625], "texture": "#2"},
				"down": {"uv": [5, 7.625, 4.75, 7.875], "texture": "#2"}
			}
		},
		{
			"from": [2.176, 6, 10.36],
			"to": [6.736, 9.04, 13.88],
			"rotation": {"angle": -22.5, "axis": "z", "origin": [15.16, -12.92, 2]},
			"faces": {
				"north": {"uv": [6.75, 1.75, 7.125, 2], "texture": "#2"},
				"east": {"uv": [5.375, 6.875, 5.8125, 7.25], "texture": "#2"},
				"south": {"uv": [6.75, 2.125, 7.3125, 2.5], "texture": "#2"},
				"west": {"uv": [6.375, 6.875, 6.8125, 7.25], "texture": "#2"},
				"up": {"uv": [6.9375, 6.8125, 6.375, 6.375], "texture": "#2"},
				"down": {"uv": [1.0625, 6.5, 0.5, 6.9375], "texture": "#2"}
			}
		},
		{
			"from": [1.416, 6.8, 10.36],
			"to": [2.176, 9.08, 13.88],
			"rotation": {"angle": -22.5, "axis": "z", "origin": [15.16, -12.92, 2]},
			"faces": {
				"north": {"uv": [2.375, 7.875, 2.5, 8.1875], "texture": "#2"},
				"east": {"uv": [7, 3.5, 7.4375, 3.8125], "texture": "#2"},
				"south": {"uv": [7.875, 7.25, 8, 7.5625], "texture": "#2"},
				"west": {"uv": [7, 3.875, 7.4375, 4.1875], "texture": "#2"},
				"up": {"uv": [1.625, 6.3125, 1.5, 5.875], "texture": "#2"},
				"down": {"uv": [1.625, 6.375, 1.5, 6.8125], "texture": "#2"}
			}
		},
		{
			"from": [24.28, 4.104, 10.36],
			"to": [25.8, 6.144, 13.88],
			"rotation": {"angle": 22.5, "axis": "z", "origin": [15.16, -12.92, 2]},
			"faces": {
				"north": {"uv": [5.75, 7.875, 5.875, 8.125], "texture": "#2"},
				"east": {"uv": [4, 7.25, 4.4375, 7.5], "texture": "#2"},
				"south": {"uv": [6, 7.875, 6.1875, 8.125], "texture": "#2"},
				"west": {"uv": [7.25, 4.25, 7.6875, 4.5], "texture": "#2"},
				"up": {"uv": [3.1875, 7.9375, 3, 7.5], "texture": "#2"},
				"down": {"uv": [3.4375, 7.5, 3.25, 7.9375], "texture": "#2"}
			}
		},
		{
			"from": [-1.264, 2.5, 10.36],
			"to": [1.776, 4.02, 13.88],
			"rotation": {"angle": -45, "axis": "z", "origin": [15.16, -12.92, 2]},
			"faces": {
				"north": {"uv": [7.625, 0.25, 8, 0.4375], "texture": "#2"},
				"east": {"uv": [7.5, 4, 7.9375, 4.1875], "texture": "#2"},
				"south": {"uv": [1, 7.625, 1.375, 7.8125], "texture": "#2"},
				"west": {"uv": [5.25, 7.5, 5.6875, 7.6875], "texture": "#2"},
				"up": {"uv": [5, 7.3125, 4.625, 6.875], "texture": "#2"},
				"down": {"uv": [5.375, 6.875, 5, 7.3125], "texture": "#2"}
			}
		},
		{
			"from": [22.76, -0.456, 10.36],
			"to": [25.8, 4.104, 13.88],
			"rotation": {"angle": 22.5, "axis": "z", "origin": [15.16, -12.92, 2]},
			"faces": {
				"north": {"uv": [1.125, 6.6875, 1.375, 7.0625], "texture": "#2"},
				"east": {"uv": [4.125, 6.125, 4.5625, 6.6875], "texture": "#2"},
				"south": {"uv": [6.625, 3.625, 7, 4.1875], "texture": "#2"},
				"west": {"uv": [6.125, 5.75, 6.5625, 6.3125], "texture": "#2"},
				"up": {"uv": [7.125, 3.4375, 6.75, 3], "texture": "#2"},
				"down": {"uv": [3.5, 6.75, 3.125, 7.1875], "texture": "#2"}
			}
		},
		{
			"from": [21.24, 1.14, 10.36],
			"to": [22.76, 3.268, 13.88],
			"rotation": {"angle": 22.5, "axis": "z", "origin": [15.16, -12.92, 2]},
			"faces": {
				"north": {"uv": [7.875, 3.25, 8.0625, 3.5], "texture": "#2"},
				"east": {"uv": [3, 7.25, 3.4375, 7.5], "texture": "#2"},
				"south": {"uv": [5, 7.875, 5.1875, 8.125], "texture": "#2"},
				"west": {"uv": [3.5, 7.25, 3.9375, 7.5], "texture": "#2"},
				"up": {"uv": [7.6875, 1.0625, 7.5, 0.625], "texture": "#2"},
				"down": {"uv": [7.6875, 1.125, 7.5, 1.5625], "texture": "#2"}
			}
		},
		{
			"from": [2.62, -3.04, 10.36],
			"to": [4.52, -0.76, 13.88],
			"rotation": {"angle": -45, "axis": "z", "origin": [15.16, -12.92, 2]},
			"faces": {
				"north": {"uv": [7.5, 5.5, 7.75, 5.8125], "texture": "#2"},
				"east": {"uv": [6.875, 6.875, 7.3125, 7.1875], "texture": "#2"},
				"south": {"uv": [7.5, 5.875, 7.75, 6.1875], "texture": "#2"},
				"west": {"uv": [0, 7, 0.4375, 7.3125], "texture": "#2"},
				"up": {"uv": [7.375, 3.4375, 7.125, 3], "texture": "#2"},
				"down": {"uv": [7.5, 0.75, 7.25, 1.1875], "texture": "#2"}
			}
		},
		{
			"from": [6.56, -0.76, 10.36],
			"to": [9.08, 1.52, 13.88],
			"rotation": {"angle": -22.5, "axis": "z", "origin": [15.16, -12.92, 2]},
			"faces": {
				"north": {"uv": [2.125, 7.875, 2.3125, 8.1875], "texture": "#2"},
				"east": {"uv": [0.5, 7, 0.9375, 7.3125], "texture": "#2"},
				"south": {"uv": [7.875, 2.875, 8.0625, 3.1875], "texture": "#2"},
				"west": {"uv": [7, 1.25, 7.4375, 1.5625], "texture": "#2"},
				"up": {"uv": [5.1875, 7.8125, 5, 7.375], "texture": "#2"},
				"down": {"uv": [7.5625, 7.125, 7.375, 7.5625], "texture": "#2"}
			}
		},
		{
			"from": [9.264, 6, 10.36],
			"to": [13.824, 9.04, 13.88],
			"rotation": {"angle": 22.5, "axis": "z", "origin": [0.84, -12.92, 2]},
			"faces": {
				"north": {"uv": [7.125, 1.75, 6.75, 2], "texture": "#2"},
				"east": {"uv": [6.8125, 6.875, 6.375, 7.25], "texture": "#2"},
				"south": {"uv": [7.3125, 2.125, 6.75, 2.5], "texture": "#2"},
				"west": {"uv": [5.8125, 6.875, 5.375, 7.25], "texture": "#2"},
				"up": {"uv": [6.375, 6.8125, 6.9375, 6.375], "texture": "#2"},
				"down": {"uv": [0.5, 6.5, 1.0625, 6.9375], "texture": "#2"}
			}
		},
		{
			"from": [13.824, 6.8, 10.36],
			"to": [14.584, 9.08, 13.88],
			"rotation": {"angle": 22.5, "axis": "z", "origin": [0.84, -12.92, 2]},
			"faces": {
				"north": {"uv": [2.5, 7.875, 2.375, 8.1875], "texture": "#2"},
				"east": {"uv": [7.4375, 3.875, 7, 4.1875], "texture": "#2"},
				"south": {"uv": [8, 7.25, 7.875, 7.5625], "texture": "#2"},
				"west": {"uv": [7.4375, 3.5, 7, 3.8125], "texture": "#2"},
				"up": {"uv": [1.5, 6.3125, 1.625, 5.875], "texture": "#2"},
				"down": {"uv": [1.5, 6.375, 1.625, 6.8125], "texture": "#2"}
			}
		},
		{
			"from": [-9.8, 4.104, 10.36],
			"to": [-8.28, 6.144, 13.88],
			"rotation": {"angle": -22.5, "axis": "z", "origin": [0.84, -12.92, 2]},
			"faces": {
				"north": {"uv": [5.875, 7.875, 5.75, 8.125], "texture": "#2"},
				"east": {"uv": [7.6875, 4.25, 7.25, 4.5], "texture": "#2"},
				"south": {"uv": [6.1875, 7.875, 6, 8.125], "texture": "#2"},
				"west": {"uv": [4.4375, 7.25, 4, 7.5], "texture": "#2"},
				"up": {"uv": [3, 7.9375, 3.1875, 7.5], "texture": "#2"},
				"down": {"uv": [3.25, 7.5, 3.4375, 7.9375], "texture": "#2"}
			}
		},
		{
			"from": [14.224, 2.5, 10.36],
			"to": [17.264, 4.02, 13.88],
			"rotation": {"angle": 45, "axis": "z", "origin": [0.84, -12.92, 2]},
			"faces": {
				"north": {"uv": [8, 0.25, 7.625, 0.4375], "texture": "#2"},
				"east": {"uv": [5.6875, 7.5, 5.25, 7.6875], "texture": "#2"},
				"south": {"uv": [1.375, 7.625, 1, 7.8125], "texture": "#2"},
				"west": {"uv": [7.9375, 4, 7.5, 4.1875], "texture": "#2"},
				"up": {"uv": [4.625, 7.3125, 5, 6.875], "texture": "#2"},
				"down": {"uv": [5, 6.875, 5.375, 7.3125], "texture": "#2"}
			}
		},
		{
			"from": [-9.8, -0.456, 10.36],
			"to": [-6.76, 4.104, 13.88],
			"rotation": {"angle": -22.5, "axis": "z", "origin": [0.84, -12.92, 2]},
			"faces": {
				"north": {"uv": [1.375, 6.6875, 1.125, 7.0625], "texture": "#2"},
				"east": {"uv": [6.5625, 5.75, 6.125, 6.3125], "texture": "#2"},
				"south": {"uv": [7, 3.625, 6.625, 4.1875], "texture": "#2"},
				"west": {"uv": [4.5625, 6.125, 4.125, 6.6875], "texture": "#2"},
				"up": {"uv": [6.75, 3.4375, 7.125, 3], "texture": "#2"},
				"down": {"uv": [3.125, 6.75, 3.5, 7.1875], "texture": "#2"}
			}
		},
		{
			"from": [-6.76, 1.14, 10.36],
			"to": [-5.24, 3.268, 13.88],
			"rotation": {"angle": -22.5, "axis": "z", "origin": [0.84, -12.92, 2]},
			"faces": {
				"north": {"uv": [8.0625, 3.25, 7.875, 3.5], "texture": "#2"},
				"east": {"uv": [3.9375, 7.25, 3.5, 7.5], "texture": "#2"},
				"south": {"uv": [5.1875, 7.875, 5, 8.125], "texture": "#2"},
				"west": {"uv": [3.4375, 7.25, 3, 7.5], "texture": "#2"},
				"up": {"uv": [7.5, 1.0625, 7.6875, 0.625], "texture": "#2"},
				"down": {"uv": [7.5, 1.125, 7.6875, 1.5625], "texture": "#2"}
			}
		},
		{
			"from": [11.48, -3.04, 10.36],
			"to": [13.38, -0.76, 13.88],
			"rotation": {"angle": 45, "axis": "z", "origin": [0.84, -12.92, 2]},
			"faces": {
				"north": {"uv": [7.75, 5.5, 7.5, 5.8125], "texture": "#2"},
				"east": {"uv": [0.4375, 7, 0, 7.3125], "texture": "#2"},
				"south": {"uv": [7.75, 5.875, 7.5, 6.1875], "texture": "#2"},
				"west": {"uv": [7.3125, 6.875, 6.875, 7.1875], "texture": "#2"},
				"up": {"uv": [7.125, 3.4375, 7.375, 3], "texture": "#2"},
				"down": {"uv": [7.25, 0.75, 7.5, 1.1875], "texture": "#2"}
			}
		},
		{
			"from": [6.92, -0.76, 10.36],
			"to": [9.44, 1.52, 13.88],
			"rotation": {"angle": 22.5, "axis": "z", "origin": [0.84, -12.92, 2]},
			"faces": {
				"north": {"uv": [2.3125, 7.875, 2.125, 8.1875], "texture": "#2"},
				"east": {"uv": [7.4375, 1.25, 7, 1.5625], "texture": "#2"},
				"south": {"uv": [8.0625, 2.875, 7.875, 3.1875], "texture": "#2"},
				"west": {"uv": [0.9375, 7, 0.5, 7.3125], "texture": "#2"},
				"up": {"uv": [5, 7.8125, 5.1875, 7.375], "texture": "#2"},
				"down": {"uv": [7.375, 7.125, 7.5625, 7.5625], "texture": "#2"}
			}
		}
	],
	"display": {
		"thirdperson_righthand": {
			"rotation": [76.37, -25.63, -2.87],
			"translation": [1.5, 0.5, 2],
			"scale": [0.39844, 0.39844, 0.39844]
		},
		"thirdperson_lefthand": {
			"rotation": [76.37, -25.63, -2.87],
			"translation": [1.5, 0.5, 2],
			"scale": [0.39844, 0.39844, 0.39844]
		},
		"firstperson_righthand": {
			"rotation": [162.11, 52.75, -166.71],
			"translation": [1.5, 5, -1.5],
			"scale": [0.46875, 0.46875, 0.46875]
		},
		"firstperson_lefthand": {
			"rotation": [162.11, 52.75, -166.71],
			"translation": [1.5, 5, -1.5],
			"scale": [0.46875, 0.46875, 0.46875]
		},
		"gui": {
			"rotation": [24, 143, 0],
			"translation": [-1, 3.5, 0],
			"scale": [0.5, 0.5, 0.5]
		},
		"head": {
			"translation": [-0.25, 13.5, -5.75],
			"scale": [1.16211, 1.11914, 1.14844]
		}
	},
	"groups": [
		0,
		1,
		{
			"name": "group",
			"origin": [8, 16, 7],
			"color": 0,
			"children": [2, 3, 4, 5, 6, 7, 8, 9, 10]
		},
		11,
		12,
		13,
		14,
		15,
		16,
		17,
		18,
		19,
		20,
		21,
		22,
		23,
		{
			"name": "Andik tross",
			"origin": [0, 0, 0],
			"color": 0,
			"children": [24, 25, 26, 27, 28, 29, 30, 31]
		},
		{
			"name": "Andik tross",
			"origin": [0, 0, 0],
			"color": 0,
			"children": [32, 33, 34, 35, 36, 37, 38, 39]
		},
		{
			"name": "Andik tross",
			"origin": [0, 0, 0],
			"color": 0,
			"children": []
		}
	]
}