{
	"credit": "Made with Blockbench",
	"texture_size": [32, 32],
	"textures": {
		"3": "./main"
	},
	"elements": [
		{
			"from": [1.24576, 11.1, 5.26229],
			"to": [5.46537, 14.61635, 8.77864],
			"rotation": {"angle": 22.5, "axis": "z", "origin": [4.05883, 11.1, 6.66883]},
			"faces": {
				"north": {"uv": [4, 3, 6.125, 4.75], "texture": "#3"},
				"east": {"uv": [0, 7, 1.75, 8.75], "texture": "#3"},
				"south": {"uv": [4, 5, 6.125, 6.75], "texture": "#3"},
				"west": {"uv": [2, 7, 3.75, 8.75], "texture": "#3"},
				"up": {"uv": [8.625, 4.75, 6.5, 3], "texture": "#3"},
				"down": {"uv": [8.625, 5, 6.5, 6.75], "texture": "#3"}
			}
		},
		{
			"from": [-0.16078, 11.1, 5.26229],
			"to": [1.24576, 13.20981, 8.77864],
			"rotation": {"angle": 22.5, "axis": "z", "origin": [4.05883, 11.1, 6.66883]},
			"faces": {
				"north": {"uv": [7, 8, 7.6875, 9.0625], "texture": "#3"},
				"east": {"uv": [0, 7, 1.75, 8.75], "texture": "#3"},
				"south": {"uv": [8, 7, 8.6875, 8.0625], "texture": "#3"},
				"west": {"uv": [4, 7, 5.75, 8.0625], "texture": "#3"},
				"up": {"uv": [6.6875, 8.75, 6, 7], "texture": "#3"},
				"down": {"uv": [8.625, 5, 6.5, 6.75], "texture": "#3"}
			}
		},
		{
			"from": [3.35556, 14.61635, 5.26229],
			"to": [4.05883, 16.72615, 6.66883],
			"rotation": {"angle": 22.5, "axis": "z", "origin": [4.05883, 11.1, 6.66883]},
			"faces": {
				"north": {"uv": [9, 0, 9.375, 1.0625], "texture": "#3"},
				"east": {"uv": [4, 8.5, 4.6875, 9.5625], "texture": "#3"},
				"south": {"uv": [1, 9, 1.375, 10.0625], "texture": "#3"},
				"west": {"uv": [5, 8.5, 5.6875, 9.5625], "texture": "#3"},
				"up": {"uv": [2.375, 9.6875, 2, 9], "texture": "#3"},
				"down": {"uv": [2.875, 9, 2.5, 9.6875], "texture": "#3"}
			}
		},
		{
			"from": [3.35556, 14.61635, 7.3721],
			"to": [4.05883, 16.72615, 8.77864],
			"rotation": {"angle": 22.5, "axis": "z", "origin": [4.05883, 11.1, 6.66883]},
			"faces": {
				"north": {"uv": [1.5, 9, 1.875, 10.0625], "texture": "#3"},
				"east": {"uv": [8, 8.5, 8.6875, 9.5625], "texture": "#3"},
				"south": {"uv": [9, 1.5, 9.375, 2.5625], "texture": "#3"},
				"west": {"uv": [0, 9, 0.6875, 10.0625], "texture": "#3"},
				"up": {"uv": [3.375, 9.6875, 3, 9], "texture": "#3"},
				"down": {"uv": [9.375, 3, 9, 3.6875], "texture": "#3"}
			}
		},
		{
			"from": [3.2068, -0.4999, 9.47],
			"to": [10.6732, 12.5663, 9.47],
			"rotation": {"angle": 0, "axis": "y", "origin": [6.94, 2.3, 9.47]},
			"faces": {
				"north": {"uv": [0, 0, 3.75, 6.5625], "texture": "#3"},
				"east": {"uv": [0, 0, 0, 6.5625], "texture": "#3"},
				"south": {"uv": [0, 0, 3.75, 6.5625], "texture": "#3"},
				"west": {"uv": [0, 0, 0, 6.5625], "texture": "#3"},
				"up": {"uv": [3.75, 0, 0, 0], "texture": "#3"},
				"down": {"uv": [3.75, 0, 0, 0], "texture": "#3"}
			}
		},
		{
			"from": [2, 11, 8],
			"to": [12, 13, 10],
			"rotation": {"angle": 0, "axis": "y", "origin": [7, 14, 9]},
			"faces": {
				"north": {"uv": [4, 0, 9, 1], "texture": "#3"},
				"east": {"uv": [7, 7, 8, 8], "texture": "#3"},
				"south": {"uv": [4, 1, 9, 2], "texture": "#3"},
				"west": {"uv": [7, 7, 8, 8], "texture": "#3"},
				"up": {"uv": [9, 3, 4, 2], "texture": "#3"},
				"down": {"uv": [9, 2, 4, 3], "texture": "#3"}
			}
		}
	],
	"display": {
		"thirdperson_righthand": {
			"translation": [0, 0, 4],
			"scale": [0.55, 0.56, 0.54]
		},
		"thirdperson_lefthand": {
			"translation": [0, 0, 4],
			"scale": [0.55, 0.56, 0.54]
		},
		"firstperson_righthand": {
			"translation": [19, 0, 0]
		},
		"firstperson_lefthand": {
			"translation": [13.25, 0, 0]
		},
		"gui": {
			"rotation": [17, 142, 0],
			"translation": [-0.75, 0, 0]
		},
		"head": {
			"translation": [2.25, -17.75, 0.25],
			"scale": [2.5132, 2.80508, 2.84781]
		}
	},
	"groups": [
		{
			"name": "Anjing",
			"origin": [7, 0, 7],
			"color": 0,
			"children": [0, 1, 2, 3]
		},
		{
			"name": "group",
			"origin": [8, 8, 8],
			"color": 0,
			"children": [4, 5]
		}
	]
}