{"textures":{"0":"modelengine:entity/shadow_dragon"},"elements":[{"from":[5.8775,1.1262465,4.062608],"to":[10.8775,9.126246,9.062608],"faces":{"east":{"uv":[3.125,9.25,2.8125,9.75],"tintindex":0,"rotation":0,"texture":"#0"},"south":{"uv":[9.5,6.6875,9.1875,7.1875],"tintindex":0,"rotation":0,"texture":"#0"},"north":{"uv":[9.5,6.6875,9.1875,7.1875],"tintindex":0,"rotation":0,"texture":"#0"},"west":{"uv":[3.125,9.25,2.8125,9.75],"tintindex":0,"rotation":0,"texture":"#0"},"up":{"uv":[3.375,9.8125,3.6875,9.5],"tintindex":0,"rotation":0,"texture":"#0"},"down":{"uv":[4.125,9.5625,4.4375,9.875],"tintindex":0,"rotation":0,"texture":"#0"}},"rotation":{"origin":[8.377501,5.1262465,6.562608],"angle":22.5,"axis":"x"}}],"display":{"gui":{"rotation":[30,225,0]}}}