{
	"credit": "Made with Blockbench",
	"texture_size": [32, 32],
	"textures": {
		"1": "./fenrir21",
		"6": "./fenrir2",
		"particle": "./fenrir21"
	},
	"elements": [
		{
			"from": [0, 6, 4],
			"to": [1, 13, 6],
			"rotation": {"angle": 45, "axis": "x", "origin": [0, 0, -1]},
			"faces": {
				"north": {"uv": [7.5, 8.25, 7.75, 10], "texture": "#6"},
				"east": {"uv": [7, 7.25, 7.5, 9], "texture": "#6"},
				"south": {"uv": [7.75, 8.25, 8, 10], "texture": "#6"},
				"west": {"uv": [0, 7.5, 0.5, 9.25], "texture": "#6"},
				"up": {"uv": [9.25, 2.5, 9, 2], "texture": "#6"},
				"down": {"uv": [4.25, 9, 4, 9.5], "texture": "#6"}
			}
		},
		{
			"from": [0, 6.3, 9.7],
			"to": [1, 11.3, 11.7],
			"rotation": {"angle": -45, "axis": "x", "origin": [0, 0, 15]},
			"faces": {
				"north": {"uv": [8.5, 0.25, 8.75, 1.5], "texture": "#6"},
				"east": {"uv": [6.5, 7.5, 7, 8.75], "texture": "#6"},
				"south": {"uv": [8.5, 1.5, 8.75, 2.75], "texture": "#6"},
				"west": {"uv": [4, 7.75, 4.5, 9], "texture": "#6"},
				"up": {"uv": [9.25, 4.5, 9, 4], "texture": "#6"},
				"down": {"uv": [4.5, 9, 4.25, 9.5], "texture": "#6"}
			}
		},
		{
			"from": [-0.01, 4.2, 10],
			"to": [0.99, 6.2, 14],
			"rotation": {"angle": 0, "axis": "y", "origin": [0, 0, -1]},
			"faces": {
				"north": {"uv": [9, 4.5, 9.25, 5], "texture": "#6"},
				"east": {"uv": [5, 6.25, 6, 6.75], "texture": "#6"},
				"south": {"uv": [9, 5, 9.25, 5.5], "texture": "#6"},
				"west": {"uv": [7.5, 7.75, 8.5, 8.25], "texture": "#6"},
				"up": {"uv": [5, 9.5, 4.75, 8.5], "texture": "#6"},
				"down": {"uv": [5.25, 8.5, 5, 9.5], "texture": "#6"}
			}
		},
		{
			"from": [-0.51, 10.6, 6.4],
			"to": [11.19, 12.1, 10],
			"rotation": {"angle": 0, "axis": "y", "origin": [0, -0.2, -1]},
			"faces": {
				"north": {"uv": [0, 5.75, 3, 6.25], "texture": "#6"},
				"east": {"uv": [8, 4, 9, 4.5], "texture": "#6"},
				"south": {"uv": [3, 5.75, 6, 6.25], "texture": "#6"},
				"west": {"uv": [4.5, 8, 5.5, 8.5], "texture": "#6"},
				"up": {"uv": [3, 5.25, 0, 4.25], "texture": "#6"},
				"down": {"uv": [6, 4.25, 3, 5.25], "texture": "#6"}
			}
		},
		{
			"from": [0.47, 10.3, 6.41],
			"to": [1.17, 11.2, 9.99],
			"rotation": {"angle": 0, "axis": "y", "origin": [0, -0.2, -1]},
			"faces": {
				"north": {"uv": [2.75, 9.25, 3, 9.5], "texture": "#6"},
				"east": {"uv": [5, 6.75, 6, 7], "texture": "#6"},
				"south": {"uv": [9.25, 2.75, 9.5, 3], "texture": "#6"},
				"west": {"uv": [5.25, 8.5, 6.25, 8.75], "texture": "#6"},
				"up": {"uv": [6.5, 9.5, 6.25, 8.5], "texture": "#6"},
				"down": {"uv": [8.25, 8.5, 8, 9.5], "texture": "#6"}
			}
		},
		{
			"from": [-0.01, 6.6, 2.4],
			"to": [0.99, 8.6, 14],
			"rotation": {"angle": 0, "axis": "y", "origin": [0, -0.2, -1]},
			"faces": {
				"north": {"uv": [9, 1.5, 9.25, 2], "texture": "#6"},
				"east": {"uv": [0, 5.25, 3, 5.75], "texture": "#6"},
				"south": {"uv": [1.75, 9, 2, 9.5], "texture": "#6"},
				"west": {"uv": [3, 5.25, 6, 5.75], "texture": "#6"},
				"up": {"uv": [0.75, 10.5, 0.5, 7.5], "texture": "#6"},
				"down": {"uv": [1, 7.5, 0.75, 10.5], "texture": "#6"}
			}
		},
		{
			"from": [-0.01, 4.2, 2.4],
			"to": [0.99, 6.2, 6.4],
			"rotation": {"angle": 0, "axis": "y", "origin": [0, 0, -1]},
			"faces": {
				"north": {"uv": [5.25, 9, 5.5, 9.5], "texture": "#6"},
				"east": {"uv": [8, 4.5, 9, 5], "texture": "#6"},
				"south": {"uv": [5.5, 9, 5.75, 9.5], "texture": "#6"},
				"west": {"uv": [8, 5, 9, 5.5], "texture": "#6"},
				"up": {"uv": [8.5, 9.5, 8.25, 8.5], "texture": "#6"},
				"down": {"uv": [8.75, 8.5, 8.5, 9.5], "texture": "#6"}
			}
		},
		{
			"from": [0, 4.7, 7.2],
			"to": [1, 6.7, 9.2],
			"rotation": {"angle": 0, "axis": "y", "origin": [0, -0.2, -1]},
			"faces": {
				"north": {"uv": [5.75, 9, 6, 9.5], "texture": "#6"},
				"east": {"uv": [8.5, 7.75, 9, 8.25], "texture": "#6"},
				"south": {"uv": [9, 5.75, 9.25, 6.25], "texture": "#6"},
				"west": {"uv": [8.75, 0.25, 9.25, 0.75], "texture": "#6"},
				"up": {"uv": [9.25, 6.75, 9, 6.25], "texture": "#6"},
				"down": {"uv": [9.25, 6.75, 9, 7.25], "texture": "#6"}
			}
		},
		{
			"from": [0.01, -3.69, 7.05],
			"to": [1.01, -2.29, 8.45],
			"rotation": {"angle": -45, "axis": "x", "origin": [0, 1.4, -1.3]},
			"faces": {
				"north": {"uv": [3, 9.25, 3.25, 9.5], "texture": "#6"},
				"east": {"uv": [9.25, 3, 9.5, 3.25], "texture": "#6"},
				"south": {"uv": [9.25, 3.25, 9.5, 3.5], "texture": "#6"},
				"west": {"uv": [9.25, 4, 9.5, 4.25], "texture": "#6"},
				"up": {"uv": [9.5, 4.5, 9.25, 4.25], "texture": "#6"},
				"down": {"uv": [9.5, 4.5, 9.25, 4.75], "texture": "#6"}
			}
		},
		{
			"from": [1, 6.6, 13],
			"to": [7, 8.6, 14],
			"rotation": {"angle": 0, "axis": "y", "origin": [0, -0.2, 0]},
			"faces": {
				"north": {"uv": [5, 7.5, 6.5, 8], "texture": "#6"},
				"east": {"uv": [7, 9, 7.25, 9.5], "texture": "#6"},
				"south": {"uv": [7.5, 7.25, 9, 7.75], "texture": "#6"},
				"west": {"uv": [7.25, 9, 7.5, 9.5], "texture": "#6"},
				"up": {"uv": [8, 4.25, 6.5, 4], "texture": "#6"},
				"down": {"uv": [9.5, 5.5, 8, 5.75], "texture": "#6"}
			}
		},
		{
			"from": [1, 6.6, 2.4],
			"to": [7, 8.6, 3.4],
			"rotation": {"angle": 0, "axis": "y", "origin": [0, -0.2, 0]},
			"faces": {
				"north": {"uv": [1, 7.75, 2.5, 8.25], "texture": "#6"},
				"east": {"uv": [9, 7.25, 9.25, 7.75], "texture": "#6"},
				"south": {"uv": [2.5, 7.75, 4, 8.25], "texture": "#6"},
				"west": {"uv": [9, 7.75, 9.25, 8.25], "texture": "#6"},
				"up": {"uv": [9.5, 8.5, 8, 8.25], "texture": "#6"},
				"down": {"uv": [10, 0, 8.5, 0.25], "texture": "#6"}
			}
		},
		{
			"from": [-1.3, 8.96, 2.41],
			"to": [2.7, 10.96, 3.41],
			"rotation": {"angle": -45, "axis": "z", "origin": [0, -0.2, 0]},
			"faces": {
				"north": {"uv": [5.5, 8, 6.5, 8.5], "texture": "#6"},
				"east": {"uv": [8.75, 9, 9, 9.5], "texture": "#6"},
				"south": {"uv": [1, 8.25, 2, 8.75], "texture": "#6"},
				"west": {"uv": [9, 9, 9.25, 9.5], "texture": "#6"},
				"up": {"uv": [9.75, 1, 8.75, 0.75], "texture": "#6"},
				"down": {"uv": [2, 8.75, 1, 9], "texture": "#6"}
			}
		},
		{
			"from": [-1.3, 8.96, 12.99],
			"to": [2.7, 10.96, 13.99],
			"rotation": {"angle": -45, "axis": "z", "origin": [0, -0.2, 0]},
			"faces": {
				"north": {"uv": [2, 8.25, 3, 8.75], "texture": "#6"},
				"east": {"uv": [0, 9.25, 0.25, 9.75], "texture": "#6"},
				"south": {"uv": [3, 8.25, 4, 8.75], "texture": "#6"},
				"west": {"uv": [0.25, 9.25, 0.5, 9.75], "texture": "#6"},
				"up": {"uv": [9.75, 1.25, 8.75, 1], "texture": "#6"},
				"down": {"uv": [9.75, 1.25, 8.75, 1.5], "texture": "#6"}
			}
		},
		{
			"from": [0.5, 1.9, 6.2],
			"to": [0.9, 6.9, 10.2],
			"faces": {
				"north": {"uv": [8.5, 2.75, 8.75, 4], "texture": "#6"},
				"east": {"uv": [6, 5.75, 7, 7], "texture": "#6"},
				"south": {"uv": [4.5, 8.5, 4.75, 9.75], "texture": "#6"},
				"west": {"uv": [0, 6.25, 1, 7.5], "texture": "#6"},
				"up": {"uv": [9, 2.5, 8.75, 1.5], "texture": "#6"},
				"down": {"uv": [2.25, 8.75, 2, 9.75], "texture": "#6"}
			}
		},
		{
			"from": [0.5, 5.9, 10.2],
			"to": [0.9, 6.9, 13],
			"faces": {
				"north": {"uv": [9.25, 4.75, 9.5, 5], "texture": "#6"},
				"east": {"uv": [5.25, 8.75, 6, 9], "texture": "#6"},
				"south": {"uv": [9.25, 5, 9.5, 5.25], "texture": "#6"},
				"west": {"uv": [8.75, 8.5, 9.5, 8.75], "texture": "#6"},
				"up": {"uv": [4, 9.5, 3.75, 8.75], "texture": "#6"},
				"down": {"uv": [6.25, 8.75, 6, 9.5], "texture": "#6"}
			}
		},
		{
			"from": [0.5, 5.9, 3.4],
			"to": [0.9, 6.9, 6.2],
			"rotation": {"angle": 0, "axis": "y", "origin": [0, 0, 16]},
			"faces": {
				"north": {"uv": [9.25, 5.25, 9.5, 5.5], "texture": "#6"},
				"east": {"uv": [8.75, 8.75, 9.5, 9], "texture": "#6"},
				"south": {"uv": [9.25, 5.75, 9.5, 6], "texture": "#6"},
				"west": {"uv": [1, 9, 1.75, 9.25], "texture": "#6"},
				"up": {"uv": [6.75, 9.5, 6.5, 8.75], "texture": "#6"},
				"down": {"uv": [7, 8.75, 6.75, 9.5], "texture": "#6"}
			}
		},
		{
			"from": [0, 5, 12],
			"to": [2, 7, 13],
			"faces": {
				"north": {"uv": [2.25, 8.75, 2.75, 9.25], "texture": "#6"},
				"east": {"uv": [9.25, 0.25, 9.5, 0.75], "texture": "#6"},
				"south": {"uv": [8.75, 2.5, 9.25, 3], "texture": "#6"},
				"west": {"uv": [1, 9.25, 1.25, 9.75], "texture": "#6"},
				"up": {"uv": [5, 8, 4.5, 7.75], "texture": "#6"},
				"down": {"uv": [1.75, 9.25, 1.25, 9.5], "texture": "#6"}
			}
		},
		{
			"from": [0, 5, 3.4],
			"to": [2, 7, 4.4],
			"faces": {
				"north": {"uv": [2.75, 8.75, 3.25, 9.25], "texture": "#6"},
				"east": {"uv": [9.25, 1.5, 9.5, 2], "texture": "#6"},
				"south": {"uv": [8.75, 3, 9.25, 3.5], "texture": "#6"},
				"west": {"uv": [9.25, 2, 9.5, 2.5], "texture": "#6"},
				"up": {"uv": [2.75, 9.5, 2.25, 9.25], "texture": "#6"},
				"down": {"uv": [9.75, 2.5, 9.25, 2.75], "texture": "#6"}
			}
		},
		{
			"from": [1.873, 3.173, 16.223],
			"to": [10.297, 5.117, 16.223],
			"rotation": {"angle": -22.5, "axis": "x", "origin": [0.82, -0.5, 0.02]},
			"faces": {
				"north": {"uv": [1, 6.25, 3, 6.75], "texture": "#6"},
				"east": {"uv": [0, 0, 0, 0.5], "texture": "#6"},
				"south": {"uv": [3, 6.25, 5, 6.75], "texture": "#6"},
				"west": {"uv": [0, 0, 0, 0.5], "texture": "#6"},
				"up": {"uv": [2, 0, 0, 0], "texture": "#6"},
				"down": {"uv": [2, 0, 0, 0], "texture": "#6"}
			}
		},
		{
			"from": [1.873, -3.544, 14.603],
			"to": [10.297, -1.6, 14.603],
			"rotation": {"angle": -22.5, "axis": "x", "origin": [0.82, -2.6, 0.02]},
			"faces": {
				"north": {"uv": [6.5, 0, 8.5, 0.5], "texture": "#6"},
				"east": {"uv": [0, 0, 0, 0.5], "texture": "#6"},
				"south": {"uv": [6.5, 0.5, 8.5, 1], "texture": "#6"},
				"west": {"uv": [0, 0, 0, 0.5], "texture": "#6"},
				"up": {"uv": [2, 0, 0, 0], "texture": "#6"},
				"down": {"uv": [2, 0, 0, 0], "texture": "#6"}
			}
		},
		{
			"from": [1.873, -3.544, 1.397],
			"to": [10.297, -1.6, 1.397],
			"rotation": {"angle": 22.5, "axis": "x", "origin": [0.82, -2.6, 15.98]},
			"faces": {
				"north": {"uv": [6.5, 1, 8.5, 1.5], "texture": "#6"},
				"east": {"uv": [0, 0, 0, 0.5], "texture": "#6"},
				"south": {"uv": [6.5, 1.5, 8.5, 2], "texture": "#6"},
				"west": {"uv": [0, 0, 0, 0.5], "texture": "#6"},
				"up": {"uv": [2, 0, 0, 0], "texture": "#6"},
				"down": {"uv": [2, 0, 0, 0], "texture": "#6"}
			}
		},
		{
			"from": [1.873, -1.444, 14.603],
			"to": [10.297, 0.5, 14.603],
			"rotation": {"angle": -22.5, "axis": "x", "origin": [0.82, -0.5, 0.02]},
			"faces": {
				"north": {"uv": [6.5, 2, 8.5, 2.5], "texture": "#6"},
				"east": {"uv": [0, 0, 0, 0.5], "texture": "#6"},
				"south": {"uv": [6.5, 2.5, 8.5, 3], "texture": "#6"},
				"west": {"uv": [0, 0, 0, 0.5], "texture": "#6"},
				"up": {"uv": [2, 0, 0, 0], "texture": "#6"},
				"down": {"uv": [2, 0, 0, 0], "texture": "#6"}
			}
		},
		{
			"from": [1.873, 3.173, -0.423],
			"to": [10.297, 5.117, -0.423],
			"rotation": {"angle": 22.5, "axis": "x", "origin": [0.82, -0.5, 15.78]},
			"faces": {
				"north": {"uv": [6.5, 3, 8.5, 3.5], "texture": "#6"},
				"east": {"uv": [0, 0, 0, 0.5], "texture": "#6"},
				"south": {"uv": [6.5, 3.5, 8.5, 4], "texture": "#6"},
				"west": {"uv": [0, 0, 0, 0.5], "texture": "#6"},
				"up": {"uv": [2, 0, 0, 0], "texture": "#6"},
				"down": {"uv": [2, 0, 0, 0], "texture": "#6"}
			}
		},
		{
			"from": [1.873, -1.444, 1.197],
			"to": [10.297, 0.5, 1.197],
			"rotation": {"angle": 22.5, "axis": "x", "origin": [0.82, -0.5, 15.78]},
			"faces": {
				"north": {"uv": [1, 6.75, 3, 7.25], "texture": "#6"},
				"east": {"uv": [0, 0, 0, 0.5], "texture": "#6"},
				"south": {"uv": [3, 6.75, 5, 7.25], "texture": "#6"},
				"west": {"uv": [0, 0, 0, 0.5], "texture": "#6"},
				"up": {"uv": [2, 0, 0, 0], "texture": "#6"},
				"down": {"uv": [2, 0, 0, 0], "texture": "#6"}
			}
		},
		{
			"from": [13.723, 3.173, 4.633],
			"to": [13.723, 5.117, 13.057],
			"rotation": {"angle": 22.5, "axis": "z", "origin": [0.82, -0.5, 15.78]},
			"faces": {
				"north": {"uv": [0, 0, 0, 0.5], "texture": "#6"},
				"east": {"uv": [5, 7, 7, 7.5], "texture": "#6"},
				"south": {"uv": [0, 0, 0, 0.5], "texture": "#6"},
				"west": {"uv": [7, 5.75, 9, 6.25], "texture": "#6"},
				"up": {"uv": [0, 2, 0, 0], "texture": "#6"},
				"down": {"uv": [0, 0, 0, 2], "texture": "#6"}
			}
		},
		{
			"from": [12.103, -1.444, 4.633],
			"to": [12.103, 0.5, 13.057],
			"rotation": {"angle": 22.5, "axis": "z", "origin": [0.82, -0.5, 15.78]},
			"faces": {
				"north": {"uv": [0, 0, 0, 0.5], "texture": "#6"},
				"east": {"uv": [7, 6.25, 9, 6.75], "texture": "#6"},
				"south": {"uv": [0, 0, 0, 0.5], "texture": "#6"},
				"west": {"uv": [7, 6.75, 9, 7.25], "texture": "#6"},
				"up": {"uv": [0, 2, 0, 0], "texture": "#6"},
				"down": {"uv": [0, 0, 0, 2], "texture": "#6"}
			}
		},
		{
			"from": [12.103, 1.056, 4.633],
			"to": [12.103, 3, 13.057],
			"rotation": {"angle": 22.5, "axis": "z", "origin": [0.82, 2, 15.78]},
			"faces": {
				"north": {"uv": [0, 0, 0, 0.5], "texture": "#6"},
				"east": {"uv": [1, 7.25, 3, 7.75], "texture": "#6"},
				"south": {"uv": [0, 0, 0, 0.5], "texture": "#6"},
				"west": {"uv": [3, 7.25, 5, 7.75], "texture": "#6"},
				"up": {"uv": [0, 2, 0, 0], "texture": "#6"},
				"down": {"uv": [0, 0, 0, 2], "texture": "#6"}
			}
		},
		{
			"from": [-1.056, 7.642, 8.186],
			"to": [11.841, 24.266, 8.186],
			"rotation": {"angle": 0, "axis": "y", "origin": [0.56, 0, 0.56]},
			"faces": {
				"north": {"uv": [0, 0, 3.25, 4.25], "texture": "#6"},
				"east": {"uv": [0, 0, 0, 4.25], "texture": "#6"},
				"south": {"uv": [3.25, 0, 6.5, 4.25], "texture": "#6"},
				"west": {"uv": [0, 0, 0, 4.25], "texture": "#6"},
				"up": {"uv": [3.25, 0, 0, 0], "texture": "#6"},
				"down": {"uv": [3.25, 0, 0, 0], "texture": "#6"}
			}
		},
		{
			"from": [7.125, 6.85, 6.425],
			"to": [8.125, 7.85, 9.975],
			"rotation": {"angle": 45, "axis": "z", "origin": [0, 0, 0]},
			"faces": {
				"north": {"uv": [9.25, 6, 9.5, 6.25], "texture": "#6"},
				"east": {"uv": [8.75, 3.5, 9.75, 3.75], "texture": "#6"},
				"south": {"uv": [9.25, 6.25, 9.5, 6.5], "texture": "#6"},
				"west": {"uv": [8.75, 3.75, 9.75, 4], "texture": "#6"},
				"up": {"uv": [3.5, 9.75, 3.25, 8.75], "texture": "#6"},
				"down": {"uv": [3.75, 8.75, 3.5, 9.75], "texture": "#6"}
			}
		},
		{
			"from": [0.3, 9, 4.425],
			"to": [0.3, 12, 11.975],
			"faces": {
				"north": {"uv": [0, 0, 0, 0.75], "texture": "#6"},
				"east": {"uv": [6, 4.25, 8, 5], "texture": "#6"},
				"south": {"uv": [0, 0, 0, 0.75], "texture": "#6"},
				"west": {"uv": [6, 5, 8, 5.75], "texture": "#6"},
				"up": {"uv": [0, 2, 0, 0], "texture": "#6"},
				"down": {"uv": [0, 0, 0, 2], "texture": "#6"}
			}
		},
		{
			"from": [1, 2, 3.075],
			"to": [12, 10.8, 13.075],
			"faces": {
				"north": {"uv": [0, 0, 5.5, 5], "texture": "#1"},
				"east": {"uv": [0, 10, 5, 15], "texture": "#1"},
				"south": {"uv": [0, 5, 5.5, 10], "texture": "#1"},
				"west": {"uv": [5, 10, 10, 15], "texture": "#1"},
				"up": {"uv": [11, 5, 5.5, 0], "texture": "#1"},
				"down": {"uv": [11, 5, 5.5, 10], "texture": "#1"}
			}
		}
	],
	"display": {
		"thirdperson_righthand": {
			"rotation": [-90.68, 0.34, -179.79],
			"translation": [-1.75, -2, 3.25],
			"scale": [0.5, 0.5, 0.5]
		},
		"thirdperson_lefthand": {
			"scale": [0, 0, 0]
		},
		"firstperson_righthand": {
			"rotation": [0, 49, 0],
			"translation": [0, 8, 0.25],
			"scale": [0.7, 0.7, 0.7]
		},
		"firstperson_lefthand": {
			"rotation": [0, -142, 0],
			"translation": [0, 7.25, 0.25],
			"scale": [0.7, 0.7, 0.7]
		},
		"ground": {
			"translation": [3.75, 6.75, 0]
		},
		"gui": {
			"rotation": [25.75, 55.5, 0],
			"translation": [0.5, 0.25, 0],
			"scale": [0.7, 0.7, 0.7]
		},
		"head": {
			"rotation": [0, -90, 0],
			"translation": [0.25, 2.5, 3],
			"scale": [1.4, 1.4, 1.4]
		},
		"fixed": {
			"rotation": [118.5, -87.5, 180],
			"translation": [0, 9.5, -6.25],
			"scale": [2, 2, 2]
		}
	}
}