{
	"credit": "Made with Blockbench",
	"texture_size": [128, 128],
	"textures": {
		"9": "./fenrir3"
	},
	"elements": [
		{
			"from": [0.1, 5, 3.05],
			"to": [1.7, 10.3, 12.975],
			"faces": {
				"north": {"uv": [6.75, 5.375, 7, 6], "texture": "#9"},
				"east": {"uv": [5.25, 5.75, 6.5, 6.375], "texture": "#9"},
				"south": {"uv": [0.125, 6.875, 0.375, 7.5], "texture": "#9"},
				"west": {"uv": [0, 6.25, 1.25, 6.875], "texture": "#9"},
				"up": {"uv": [2.75, 7.75, 2.5, 6.5], "texture": "#9"},
				"down": {"uv": [3, 6.5, 2.75, 7.75], "texture": "#9"}
			}
		},
		{
			"from": [0.1, 0, 3.05],
			"to": [1.1, 5, 13],
			"faces": {
				"north": {"uv": [5.125, 6.875, 5.25, 7.5], "texture": "#9"},
				"east": {"uv": [5.25, 6.375, 6.5, 7], "texture": "#9"},
				"south": {"uv": [6.875, 6.75, 7, 7.375], "texture": "#9"},
				"west": {"uv": [1.25, 6.5, 2.5, 7.125], "texture": "#9"},
				"up": {"uv": [0.5, 8.125, 0.375, 6.875], "texture": "#9"},
				"down": {"uv": [0.625, 6.875, 0.5, 8.125], "texture": "#9"}
			}
		},
		{
			"from": [1, 0, 3.075],
			"to": [12, 10.3, 12.825],
			"faces": {
				"north": {"uv": [2.75, 0, 4.125, 1.25], "texture": "#9"},
				"east": {"uv": [4.125, 0, 5.375, 1.25], "texture": "#9"},
				"south": {"uv": [2.75, 1.25, 4.125, 2.5], "texture": "#9"},
				"west": {"uv": [4.125, 1.25, 5.375, 2.5], "texture": "#9"},
				"up": {"uv": [4.125, 3.75, 2.75, 2.5], "texture": "#9"},
				"down": {"uv": [1.375, 3.5, 0, 4.75], "texture": "#9"}
			}
		},
		{
			"from": [12, 0, 3],
			"to": [13, 10.3, 13],
			"faces": {
				"north": {"uv": [0.875, 6.875, 1, 8.125], "texture": "#9"},
				"east": {"uv": [4.125, 2.5, 5.375, 3.75], "texture": "#9"},
				"south": {"uv": [1, 6.875, 1.125, 8.125], "texture": "#9"},
				"west": {"uv": [4.125, 3.75, 5.375, 5], "texture": "#9"},
				"up": {"uv": [1.25, 8.125, 1.125, 6.875], "texture": "#9"},
				"down": {"uv": [3.875, 6.875, 3.75, 8.125], "texture": "#9"}
			}
		},
		{
			"from": [1, 0, 3.175],
			"to": [12, 10.3, 4.1],
			"rotation": {"angle": 0, "axis": "y", "origin": [0, 0, 16]},
			"faces": {
				"north": {"uv": [1.375, 3.5, 2.75, 4.75], "texture": "#9"},
				"east": {"uv": [0.625, 6.875, 0.75, 8.125], "texture": "#9"},
				"south": {"uv": [2.75, 3.75, 4.125, 5], "texture": "#9"},
				"west": {"uv": [0.75, 6.875, 0.875, 8.125], "texture": "#9"},
				"up": {"uv": [8.125, 5.25, 6.75, 5.125], "texture": "#9"},
				"down": {"uv": [8.125, 5.25, 6.75, 5.375], "texture": "#9"}
			}
		},
		{
			"from": [-1, 2, 7],
			"to": [0, 10.3, 9],
			"faces": {
				"north": {"uv": [3.875, 6.875, 4, 7.875], "texture": "#9"},
				"east": {"uv": [3, 6.5, 3.25, 7.5], "texture": "#9"},
				"south": {"uv": [4, 6.875, 4.125, 7.875], "texture": "#9"},
				"west": {"uv": [6.5, 5, 6.75, 6], "texture": "#9"},
				"up": {"uv": [2.75, 5, 2.625, 4.75], "texture": "#9"},
				"down": {"uv": [1.375, 6.25, 1.25, 6.5], "texture": "#9"}
			}
		},
		{
			"from": [-0.999, 7.9, 7.3],
			"to": [0.001, 9.325, 8.7],
			"rotation": {"angle": 45, "axis": "x", "origin": [0, 5.3, 0]},
			"faces": {
				"north": {"uv": [7.125, 2.125, 7.25, 2.25], "texture": "#9"},
				"east": {"uv": [2.25, 7.125, 2.375, 7.25], "texture": "#9"},
				"south": {"uv": [7.125, 2.25, 7.25, 2.375], "texture": "#9"},
				"west": {"uv": [2.375, 7.125, 2.5, 7.25], "texture": "#9"},
				"up": {"uv": [7.25, 2.5, 7.125, 2.375], "texture": "#9"},
				"down": {"uv": [7.25, 2.5, 7.125, 2.625], "texture": "#9"}
			}
		},
		{
			"from": [0, 2, 12],
			"to": [0, 7, 13],
			"faces": {
				"north": {"uv": [0, 0, 0, 0.625], "texture": "#9"},
				"east": {"uv": [7, 0, 7.125, 0.625], "texture": "#9"},
				"south": {"uv": [0, 0, 0, 0.625], "texture": "#9"},
				"west": {"uv": [7, 0.625, 7.125, 1.25], "texture": "#9"},
				"up": {"uv": [0, 0.125, 0, 0], "texture": "#9"},
				"down": {"uv": [0, 0, 0, 0.125], "texture": "#9"}
			}
		},
		{
			"from": [0, 2, 3],
			"to": [0, 7, 4],
			"faces": {
				"north": {"uv": [0, 0, 0, 0.625], "texture": "#9"},
				"east": {"uv": [7, 1.25, 7.125, 1.875], "texture": "#9"},
				"south": {"uv": [0, 0, 0, 0.625], "texture": "#9"},
				"west": {"uv": [7, 1.875, 7.125, 2.5], "texture": "#9"},
				"up": {"uv": [0, 0.125, 0, 0], "texture": "#9"},
				"down": {"uv": [0, 0, 0, 0.125], "texture": "#9"}
			}
		},
		{
			"from": [-8, 6.575, 7],
			"to": [-7, 7.575, 9],
			"rotation": {"angle": -45, "axis": "z", "origin": [0, 0, 0]},
			"faces": {
				"north": {"uv": [7.125, 2.625, 7.25, 2.75], "texture": "#9"},
				"east": {"uv": [1.375, 6.25, 1.625, 6.375], "texture": "#9"},
				"south": {"uv": [7.125, 2.75, 7.25, 2.875], "texture": "#9"},
				"west": {"uv": [1.375, 6.375, 1.625, 6.5], "texture": "#9"},
				"up": {"uv": [5.875, 7.25, 5.75, 7], "texture": "#9"},
				"down": {"uv": [6, 7, 5.875, 7.25], "texture": "#9"}
			}
		},
		{
			"from": [0.4, 5, 2.5],
			"to": [1.4, 6, 7.5],
			"rotation": {"angle": 45, "axis": "z", "origin": [0.4, 4, 3]},
			"faces": {
				"north": {"uv": [7.125, 2.875, 7.25, 3], "texture": "#9"},
				"east": {"uv": [6.875, 4.875, 7.375, 5], "texture": "#9"},
				"south": {"uv": [7.125, 3, 7.25, 3.125], "texture": "#9"},
				"west": {"uv": [4.25, 7, 4.75, 7.125], "texture": "#9"},
				"up": {"uv": [4.875, 7.5, 4.75, 7], "texture": "#9"},
				"down": {"uv": [5, 7, 4.875, 7.5], "texture": "#9"}
			}
		},
		{
			"from": [0.4, 5, 8.5],
			"to": [1.4, 6, 13.5],
			"rotation": {"angle": 45, "axis": "z", "origin": [0.4, 4, 3]},
			"faces": {
				"north": {"uv": [7.125, 3.125, 7.25, 3.25], "texture": "#9"},
				"east": {"uv": [7, 4.375, 7.5, 4.5], "texture": "#9"},
				"south": {"uv": [7.125, 3.25, 7.25, 3.375], "texture": "#9"},
				"west": {"uv": [5.25, 7, 5.75, 7.125], "texture": "#9"},
				"up": {"uv": [5.125, 7.5, 5, 7], "texture": "#9"},
				"down": {"uv": [7.125, 5.375, 7, 5.875], "texture": "#9"}
			}
		},
		{
			"from": [-0.3, 10, 7],
			"to": [11.7, 11, 9],
			"faces": {
				"north": {"uv": [3.75, 6.75, 5.25, 6.875], "texture": "#9"},
				"east": {"uv": [7, 5.875, 7.25, 6], "texture": "#9"},
				"south": {"uv": [6.75, 5, 8.25, 5.125], "texture": "#9"},
				"west": {"uv": [6, 7, 6.25, 7.125], "texture": "#9"},
				"up": {"uv": [6.875, 4.75, 5.375, 4.5], "texture": "#9"},
				"down": {"uv": [6.875, 4.75, 5.375, 5], "texture": "#9"}
			}
		},
		{
			"from": [0, 2, 13],
			"to": [1, 7, 13],
			"faces": {
				"north": {"uv": [7, 2.5, 7.125, 3.125], "texture": "#9"},
				"east": {"uv": [0, 0, 0, 0.625], "texture": "#9"},
				"south": {"uv": [7, 3.125, 7.125, 3.75], "texture": "#9"},
				"west": {"uv": [0, 0, 0, 0.625], "texture": "#9"},
				"up": {"uv": [0.125, 0, 0, 0], "texture": "#9"},
				"down": {"uv": [0.125, 0, 0, 0], "texture": "#9"}
			}
		},
		{
			"from": [0, 2, 3],
			"to": [1, 7, 3],
			"faces": {
				"north": {"uv": [7, 3.75, 7.125, 4.375], "texture": "#9"},
				"east": {"uv": [0, 0, 0, 0.625], "texture": "#9"},
				"south": {"uv": [4.125, 7, 4.25, 7.625], "texture": "#9"},
				"west": {"uv": [0, 0, 0, 0.625], "texture": "#9"},
				"up": {"uv": [0.125, 0, 0, 0], "texture": "#9"},
				"down": {"uv": [0.125, 0, 0, 0], "texture": "#9"}
			}
		},
		{
			"from": [2, 8.575, 10],
			"to": [3, 9.575, 12],
			"rotation": {"angle": -45, "axis": "z", "origin": [8, 0, 0]},
			"faces": {
				"north": {"uv": [7.125, 3.375, 7.25, 3.5], "texture": "#9"},
				"east": {"uv": [6.25, 7, 6.5, 7.125], "texture": "#9"},
				"south": {"uv": [7.125, 3.5, 7.25, 3.625], "texture": "#9"},
				"west": {"uv": [7, 6.75, 7.25, 6.875], "texture": "#9"},
				"up": {"uv": [7.125, 7.125, 7, 6.875], "texture": "#9"},
				"down": {"uv": [7.25, 0, 7.125, 0.25], "texture": "#9"}
			}
		},
		{
			"from": [-6, 8.575, 10],
			"to": [-5, 9.575, 12],
			"rotation": {"angle": -45, "axis": "z", "origin": [0, 0, 0]},
			"faces": {
				"north": {"uv": [7.125, 3.625, 7.25, 3.75], "texture": "#9"},
				"east": {"uv": [7.125, 0.5, 7.375, 0.625], "texture": "#9"},
				"south": {"uv": [7.125, 3.75, 7.25, 3.875], "texture": "#9"},
				"west": {"uv": [7.125, 0.625, 7.375, 0.75], "texture": "#9"},
				"up": {"uv": [7.25, 1, 7.125, 0.75], "texture": "#9"},
				"down": {"uv": [7.25, 1, 7.125, 1.25], "texture": "#9"}
			}
		},
		{
			"from": [2.525, 10, 4],
			"to": [10.525, 11, 6],
			"rotation": {"angle": 0, "axis": "y", "origin": [0, 0, -6]},
			"faces": {
				"north": {"uv": [6.875, 4.625, 7.875, 4.75], "texture": "#9"},
				"east": {"uv": [2, 7.125, 2.25, 7.25], "texture": "#9"},
				"south": {"uv": [6.875, 4.75, 7.875, 4.875], "texture": "#9"},
				"west": {"uv": [7.125, 2, 7.375, 2.125], "texture": "#9"},
				"up": {"uv": [7.5, 6.5, 6.5, 6.25], "texture": "#9"},
				"down": {"uv": [7.5, 6.5, 6.5, 6.75], "texture": "#9"}
			}
		},
		{
			"from": [2, 8.575, 4],
			"to": [3, 9.575, 6],
			"rotation": {"angle": -45, "axis": "z", "origin": [8, 0, -6]},
			"faces": {
				"north": {"uv": [7.125, 4.125, 7.25, 4.25], "texture": "#9"},
				"east": {"uv": [1.625, 7.125, 1.875, 7.25], "texture": "#9"},
				"south": {"uv": [4.25, 7.125, 4.375, 7.25], "texture": "#9"},
				"west": {"uv": [7.125, 1.625, 7.375, 1.75], "texture": "#9"},
				"up": {"uv": [7.25, 2, 7.125, 1.75], "texture": "#9"},
				"down": {"uv": [2, 7.125, 1.875, 7.375], "texture": "#9"}
			}
		},
		{
			"from": [-6, 8.575, 4],
			"to": [-5, 9.575, 6],
			"rotation": {"angle": -45, "axis": "z", "origin": [0, 0, -6]},
			"faces": {
				"north": {"uv": [7.125, 3.875, 7.25, 4], "texture": "#9"},
				"east": {"uv": [1.25, 7.125, 1.5, 7.25], "texture": "#9"},
				"south": {"uv": [7.125, 4, 7.25, 4.125], "texture": "#9"},
				"west": {"uv": [7.125, 1.25, 7.375, 1.375], "texture": "#9"},
				"up": {"uv": [7.25, 1.625, 7.125, 1.375], "texture": "#9"},
				"down": {"uv": [1.625, 7.125, 1.5, 7.375], "texture": "#9"}
			}
		},
		{
			"from": [2.525, 10, 10],
			"to": [10.525, 11, 12],
			"faces": {
				"north": {"uv": [4.125, 6.875, 5.125, 7], "texture": "#9"},
				"east": {"uv": [7.125, 0.25, 7.375, 0.375], "texture": "#9"},
				"south": {"uv": [6.875, 4.5, 7.875, 4.625], "texture": "#9"},
				"west": {"uv": [7.125, 0.375, 7.375, 0.5], "texture": "#9"},
				"up": {"uv": [2.625, 5, 1.625, 4.75], "texture": "#9"},
				"down": {"uv": [7.5, 6, 6.5, 6.25], "texture": "#9"}
			}
		},
		{
			"from": [9, 5, 17],
			"to": [10, 19, 28],
			"rotation": {"angle": 45, "axis": "y", "origin": [-2, 0, 17]},
			"faces": {
				"north": {"uv": [3.25, 6.75, 3.375, 8.5], "texture": "#9"},
				"east": {"uv": [0, 0, 1.375, 1.75], "texture": "#9"},
				"south": {"uv": [3.375, 6.75, 3.5, 8.5], "texture": "#9"},
				"west": {"uv": [1.375, 0, 2.75, 1.75], "texture": "#9"},
				"up": {"uv": [6.625, 8.125, 6.5, 6.75], "texture": "#9"},
				"down": {"uv": [6.75, 6.75, 6.625, 8.125], "texture": "#9"}
			}
		},
		{
			"from": [9, 5, -12],
			"to": [10, 19, -1],
			"rotation": {"angle": -45, "axis": "y", "origin": [-2, 0, -1]},
			"faces": {
				"north": {"uv": [3.5, 6.75, 3.625, 8.5], "texture": "#9"},
				"east": {"uv": [0, 1.75, 1.375, 3.5], "texture": "#9"},
				"south": {"uv": [3.625, 6.75, 3.75, 8.5], "texture": "#9"},
				"west": {"uv": [1.375, 1.75, 2.75, 3.5], "texture": "#9"},
				"up": {"uv": [6.875, 8.125, 6.75, 6.75], "texture": "#9"},
				"down": {"uv": [0.125, 6.875, 0, 8.25], "texture": "#9"}
			}
		},
		{
			"from": [0, -4.5, 15.7],
			"to": [13, 1.5, 15.7],
			"rotation": {"angle": -22.5, "axis": "x", "origin": [0, -3, 0]},
			"faces": {
				"north": {"uv": [0, 4.75, 1.625, 5.5], "texture": "#9"},
				"east": {"uv": [0, 0, 0, 0.75], "texture": "#9"},
				"south": {"uv": [1.625, 5, 3.25, 5.75], "texture": "#9"},
				"west": {"uv": [0, 0, 0, 0.75], "texture": "#9"},
				"up": {"uv": [1.625, 0, 0, 0], "texture": "#9"},
				"down": {"uv": [1.625, 0, 0, 0], "texture": "#9"}
			}
		},
		{
			"from": [0, -1.5, 0.3],
			"to": [13, 4.5, 0.3],
			"rotation": {"angle": 22.5, "axis": "x", "origin": [0, 0, 16]},
			"faces": {
				"north": {"uv": [0, 5.5, 1.625, 6.25], "texture": "#9"},
				"east": {"uv": [0, 0, 0, 0.75], "texture": "#9"},
				"south": {"uv": [1.625, 5.75, 3.25, 6.5], "texture": "#9"},
				"west": {"uv": [0, 0, 0, 0.75], "texture": "#9"},
				"up": {"uv": [1.625, 0, 0, 0], "texture": "#9"},
				"down": {"uv": [1.625, 0, 0, 0], "texture": "#9"}
			}
		},
		{
			"from": [0, -7.5, 0.3],
			"to": [13, -1.5, 0.3],
			"rotation": {"angle": 22.5, "axis": "x", "origin": [0, -6, 16]},
			"faces": {
				"north": {"uv": [5.375, 3, 7, 3.75], "texture": "#9"},
				"east": {"uv": [0, 0, 0, 0.75], "texture": "#9"},
				"south": {"uv": [5.375, 3.75, 7, 4.5], "texture": "#9"},
				"west": {"uv": [0, 0, 0, 0.75], "texture": "#9"},
				"up": {"uv": [1.625, 0, 0, 0], "texture": "#9"},
				"down": {"uv": [1.625, 0, 0, 0], "texture": "#9"}
			}
		},
		{
			"from": [0, -4.5, 0.3],
			"to": [13, 1.5, 0.3],
			"rotation": {"angle": 22.5, "axis": "x", "origin": [0, -3, 16]},
			"faces": {
				"north": {"uv": [5.375, 1.5, 7, 2.25], "texture": "#9"},
				"east": {"uv": [0, 0, 0, 0.75], "texture": "#9"},
				"south": {"uv": [5.375, 2.25, 7, 3], "texture": "#9"},
				"west": {"uv": [0, 0, 0, 0.75], "texture": "#9"},
				"up": {"uv": [1.625, 0, 0, 0], "texture": "#9"},
				"down": {"uv": [1.625, 0, 0, 0], "texture": "#9"}
			}
		},
		{
			"from": [0, -1.5, 15.7],
			"to": [13, 4.5, 15.7],
			"rotation": {"angle": -22.5, "axis": "x", "origin": [0, 0, 0]},
			"faces": {
				"north": {"uv": [3.25, 5, 4.875, 5.75], "texture": "#9"},
				"east": {"uv": [0, 0, 0, 0.75], "texture": "#9"},
				"south": {"uv": [4.875, 5, 6.5, 5.75], "texture": "#9"},
				"west": {"uv": [0, 0, 0, 0.75], "texture": "#9"},
				"up": {"uv": [1.625, 0, 0, 0], "texture": "#9"},
				"down": {"uv": [1.625, 0, 0, 0], "texture": "#9"}
			}
		},
		{
			"from": [0, -7.5, 15.7],
			"to": [13, -1.5, 15.7],
			"rotation": {"angle": -22.5, "axis": "x", "origin": [0, -6, 0]},
			"faces": {
				"north": {"uv": [5.375, 0, 7, 0.75], "texture": "#9"},
				"east": {"uv": [0, 0, 0, 0.75], "texture": "#9"},
				"south": {"uv": [5.375, 0.75, 7, 1.5], "texture": "#9"},
				"west": {"uv": [0, 0, 0, 0.75], "texture": "#9"},
				"up": {"uv": [1.625, 0, 0, 0], "texture": "#9"},
				"down": {"uv": [1.625, 0, 0, 0], "texture": "#9"}
			}
		},
		{
			"from": [13, 1, 4],
			"to": [13, 9, 12],
			"faces": {
				"north": {"uv": [0, 0, 0, 1], "texture": "#9"},
				"east": {"uv": [3.25, 5.75, 4.25, 6.75], "texture": "#9"},
				"south": {"uv": [0, 0, 0, 1], "texture": "#9"},
				"west": {"uv": [4.25, 5.75, 5.25, 6.75], "texture": "#9"},
				"up": {"uv": [0, 1, 0, 0], "texture": "#9"},
				"down": {"uv": [0, 0, 0, 1], "texture": "#9"}
			}
		}
	],
	"display": {
		"thirdperson_righthand": {
			"scale": [0.3, 0.3, 0.3]
		},
		"thirdperson_lefthand": {
			"scale": [0.3, 0.3, 0.3]
		},
		"firstperson_righthand": {
			"rotation": [0, 54, 0],
			"translation": [-1.25, 7.25, 1.25],
			"scale": [0.5, 0.5, 0.5]
		},
		"firstperson_lefthand": {
			"rotation": [0, -142, 0],
			"translation": [0, 7, 0],
			"scale": [0.5, 0.5, 0.5]
		},
		"ground": {
			"translation": [0, 4, 0],
			"scale": [0.8, 0.8, 0.8]
		},
		"gui": {
			"rotation": [25.75, 55.5, 0],
			"translation": [0.5, 0.25, 0],
			"scale": [0.65, 0.65, 0.65]
		},
		"head": {
			"rotation": [0, -90, 0],
			"translation": [-0.5, 4.75, 2.25],
			"scale": [1.3, 1.5, 1.6]
		},
		"fixed": {
			"rotation": [-90, 0, 0],
			"translation": [3, 0, -16],
			"scale": [2, 2, 2]
		}
	}
}