{
	"credit": "Made with Blockbench",
	"texture_size": [64, 64],
	"textures": {
		"9": "./main"
	},
	"elements": [
		{
			"from": [11.52, -8.8, 7.296],
			"to": [12.928, -0.352, 8.704],
			"rotation": {"angle": 0, "axis": "y", "origin": [11.52, -8.8, 7.296]},
			"faces": {
				"north": {"uv": [0, 6, 0.35938, 8.10938], "texture": "#9"},
				"east": {"uv": [0.5, 6, 0.85938, 8.10938], "texture": "#9"},
				"south": {"uv": [6.25, 0, 6.60938, 2.10938], "texture": "#9"},
				"west": {"uv": [1, 6.25, 1.35938, 8.35938], "texture": "#9"},
				"up": {"uv": [8.85938, 1.35938, 8.5, 1], "texture": "#9"},
				"down": {"uv": [2.10938, 8.5, 1.75, 8.85938], "texture": "#9"}
			}
		},
		{
			"from": [1.664, -8.8, 7.296],
			"to": [3.072, -0.352, 8.704],
			"rotation": {"angle": 0, "axis": "y", "origin": [3.072, -8.8, 7.296]},
			"faces": {
				"north": {"uv": [3, 6.25, 3.35938, 8.35938], "texture": "#9"},
				"east": {"uv": [1.5, 6.25, 1.85938, 8.35938], "texture": "#9"},
				"south": {"uv": [3.5, 6.25, 3.85938, 8.35938], "texture": "#9"},
				"west": {"uv": [4, 6.25, 4.35938, 8.35938], "texture": "#9"},
				"up": {"uv": [8.5625, 4.85938, 7.5, 4.5], "texture": "#9"},
				"down": {"uv": [8.85938, 2, 8.5, 2.35938], "texture": "#9"}
			}
		},
		{
			"from": [7.296, -8.8, 7.296],
			"to": [11.52, -0.352, 8.704],
			"rotation": {"angle": 0, "axis": "y", "origin": [7.296, -8.8, 7.296]},
			"faces": {
				"north": {"uv": [2.5, 4, 3.5625, 6.10938], "texture": "#9"},
				"east": {"uv": [2.5, 6.25, 2.85938, 8.35938], "texture": "#9"},
				"south": {"uv": [3.75, 4, 4.8125, 6.10938], "texture": "#9"},
				"west": {"uv": [1, 6.25, 1.35938, 8.35938], "texture": "#9"},
				"up": {"uv": [8.85938, 1.35938, 8.5, 1], "texture": "#9"},
				"down": {"uv": [8.8125, 0.5, 7.75, 0.85938], "texture": "#9"}
			}
		},
		{
			"from": [3.072, -8.8, 7.296],
			"to": [7.296, -0.352, 8.704],
			"rotation": {"angle": 0, "axis": "y", "origin": [7.296, -8.8, 7.296]},
			"faces": {
				"north": {"uv": [0, 3.75, 1.0625, 5.85938], "texture": "#9"},
				"east": {"uv": [1.5, 6.25, 1.85938, 8.35938], "texture": "#9"},
				"south": {"uv": [1.25, 4, 2.3125, 6.10938], "texture": "#9"},
				"west": {"uv": [2, 6.25, 2.35938, 8.35938], "texture": "#9"},
				"up": {"uv": [8.5625, 4.85938, 7.5, 4.5], "texture": "#9"},
				"down": {"uv": [8.8125, 0, 7.75, 0.35938], "texture": "#9"}
			}
		},
		{
			"from": [2.368, -9.504, 7.0144],
			"to": [12.224, -8.8, 9.1264],
			"rotation": {"angle": 0, "axis": "y", "origin": [3.072, -10.208, 7.296]},
			"faces": {
				"north": {"uv": [7.5, 4, 9.96875, 4.17188], "texture": "#9"},
				"east": {"uv": [5.5, 2, 6.03125, 2.17188], "texture": "#9"},
				"south": {"uv": [7.5, 4.25, 9.96875, 4.42188], "texture": "#9"},
				"west": {"uv": [8.5, 1.5, 9.03125, 1.67188], "texture": "#9"},
				"up": {"uv": [7.46875, 4.28125, 5, 3.75], "texture": "#9"},
				"down": {"uv": [7.46875, 4.5, 5, 5.03125], "texture": "#9"}
			}
		},
		{
			"from": [4.48, -5.28, 7.0144],
			"to": [10.112, -4.576, 8.4224],
			"rotation": {"angle": 0, "axis": "y", "origin": [3.072, -5.984, 7.296]},
			"faces": {
				"north": {"uv": [7.75, 1.75, 9.15625, 1.92188], "texture": "#9"},
				"east": {"uv": [4.5, 3.75, 4.85938, 3.92188], "texture": "#9"},
				"south": {"uv": [7.75, 7, 9.15625, 7.17188], "texture": "#9"},
				"west": {"uv": [7, 3.5, 7.35938, 3.67188], "texture": "#9"},
				"up": {"uv": [7.90625, 7.60938, 6.5, 7.25], "texture": "#9"},
				"down": {"uv": [8.90625, 3.5, 7.5, 3.85938], "texture": "#9"}
			}
		},
		{
			"from": [4.48, 6.688, 7.0144],
			"to": [10.112, 7.392, 9.1264],
			"rotation": {"angle": 0, "axis": "y", "origin": [3.072, 5.984, 7.296]},
			"faces": {
				"north": {"uv": [5.5, 3.5, 6.90625, 3.67188], "texture": "#9"},
				"east": {"uv": [3, 8.5, 3.17188, 9.03125], "texture": "#9"},
				"south": {"uv": [5.5, 3.5, 6.90625, 3.67188], "texture": "#9"},
				"west": {"uv": [3, 8.5, 3.17188, 9.03125], "texture": "#9"},
				"up": {"uv": [6.90625, 2.78125, 5.5, 2.25], "texture": "#9"},
				"down": {"uv": [6.90625, 2.25, 5.5, 2.78125], "texture": "#9"}
			}
		},
		{
			"from": [5.888, 7.392, 7.0144],
			"to": [8.704, 22.176, 8.4224],
			"rotation": {"angle": 0, "axis": "y", "origin": [3.072, 6.688, 7.296]},
			"faces": {
				"north": {"uv": [0, 0, 0.70313, 3.70313], "texture": "#9"},
				"east": {"uv": [4.5, 0, 4.85938, 3.70313], "texture": "#9"},
				"south": {"uv": [0.75, 0, 1.45313, 3.70313], "texture": "#9"},
				"west": {"uv": [5, 0, 5.35938, 3.70313], "texture": "#9"},
				"up": {"uv": [8.45313, 6.85938, 7.75, 6.5], "texture": "#9"},
				"down": {"uv": [7.70313, 7.75, 7, 8.10938], "texture": "#9"}
			}
		},
		{
			"from": [8, -7.392, 6.8032],
			"to": [8.704, 20.064, 6.8032],
			"rotation": {"angle": 0, "axis": "y", "origin": [2.368, -8.096, 5.888]},
			"faces": {
				"north": {"uv": [5, 5.25, 5.17188, 12.10938], "texture": "#9"},
				"east": {"uv": [0, 0, 0, 6.85938], "texture": "#9"},
				"south": {"uv": [5.25, 5.25, 5.42188, 12.10938], "texture": "#9"},
				"west": {"uv": [0, 0, 0, 6.85938], "texture": "#9"},
				"up": {"uv": [0.17188, 0, 0, 0], "texture": "#9"},
				"down": {"uv": [0.17188, 0, 0, 0], "texture": "#9"}
			}
		},
		{
			"from": [6, -7.392, 6.8032],
			"to": [6.704, 20.064, 6.8032],
			"rotation": {"angle": 0, "axis": "y", "origin": [0.368, -8.096, 5.888]},
			"faces": {
				"north": {"uv": [5, 5.25, 5.17188, 12.10938], "texture": "#9"},
				"east": {"uv": [0, 0, 0, 6.85938], "texture": "#9"},
				"south": {"uv": [5.25, 5.25, 5.42188, 12.10938], "texture": "#9"},
				"west": {"uv": [0, 0, 0, 6.85938], "texture": "#9"},
				"up": {"uv": [0.17188, 0, 0, 0], "texture": "#9"},
				"down": {"uv": [0.17188, 0, 0, 0], "texture": "#9"}
			}
		},
		{
			"from": [7, -7.392, 6.8032],
			"to": [7.704, 20.064, 6.8032],
			"rotation": {"angle": 0, "axis": "y", "origin": [1.368, -8.096, 5.888]},
			"faces": {
				"north": {"uv": [5, 5.25, 5.17188, 12.10938], "texture": "#9"},
				"east": {"uv": [0, 0, 0, 6.85938], "texture": "#9"},
				"south": {"uv": [5.25, 5.25, 5.42188, 12.10938], "texture": "#9"},
				"west": {"uv": [0, 0, 0, 6.85938], "texture": "#9"},
				"up": {"uv": [0.17188, 0, 0, 0], "texture": "#9"},
				"down": {"uv": [0.17188, 0, 0, 0], "texture": "#9"}
			}
		},
		{
			"from": [8, 25.872, -2.56],
			"to": [8.704, 27.808, -2.56],
			"rotation": {"angle": 22.5, "axis": "x", "origin": [2.368, -0.352, -12.592]},
			"faces": {
				"north": {"uv": [5, 5.25, 5.17188, 12.10938], "texture": "#9"},
				"east": {"uv": [0, 0, 0, 6.85938], "texture": "#9"},
				"south": {"uv": [5.25, 5.25, 5.42188, 12.10938], "texture": "#9"},
				"west": {"uv": [0, 0, 0, 6.85938], "texture": "#9"},
				"up": {"uv": [0.17188, 0, 0, 0], "texture": "#9"},
				"down": {"uv": [0.17188, 0, 0, 0], "texture": "#9"}
			}
		},
		{
			"from": [6, 25.872, -2.56],
			"to": [6.704, 27.808, -2.56],
			"rotation": {"angle": 22.5, "axis": "x", "origin": [0.368, -0.352, -12.592]},
			"faces": {
				"north": {"uv": [5, 5.25, 5.17188, 12.10938], "texture": "#9"},
				"east": {"uv": [0, 0, 0, 6.85938], "texture": "#9"},
				"south": {"uv": [5.25, 5.25, 5.42188, 12.10938], "texture": "#9"},
				"west": {"uv": [0, 0, 0, 6.85938], "texture": "#9"},
				"up": {"uv": [0.17188, 0, 0, 0], "texture": "#9"},
				"down": {"uv": [0.17188, 0, 0, 0], "texture": "#9"}
			}
		},
		{
			"from": [7, 25.872, -2.56],
			"to": [7.704, 27.808, -2.56],
			"rotation": {"angle": 22.5, "axis": "x", "origin": [1.368, -0.352, -12.592]},
			"faces": {
				"north": {"uv": [5, 5.25, 5.17188, 12.10938], "texture": "#9"},
				"east": {"uv": [0, 0, 0, 6.85938], "texture": "#9"},
				"south": {"uv": [5.25, 5.25, 5.42188, 12.10938], "texture": "#9"},
				"west": {"uv": [0, 0, 0, 6.85938], "texture": "#9"},
				"up": {"uv": [0.17188, 0, 0, 0], "texture": "#9"},
				"down": {"uv": [0.17188, 0, 0, 0], "texture": "#9"}
			}
		},
		{
			"from": [8, -14.728, -2.56],
			"to": [8.704, -12.792, -2.56],
			"rotation": {"angle": -22.5, "axis": "x", "origin": [2.368, 13.432, -12.592]},
			"faces": {
				"north": {"uv": [8.5, 3, 8.67188, 3.48438], "texture": "#9"},
				"east": {"uv": [0, 0, 0, 0.48438], "texture": "#9"},
				"south": {"uv": [3.5, 8.5, 3.67188, 8.98438], "texture": "#9"},
				"west": {"uv": [0, 0, 0, 0.48438], "texture": "#9"},
				"up": {"uv": [0.17188, 0, 0, 0], "texture": "#9"},
				"down": {"uv": [0.17188, 0, 0, 0], "texture": "#9"}
			}
		},
		{
			"from": [7, -14.728, -2.56],
			"to": [7.704, -12.792, -2.56],
			"rotation": {"angle": -22.5, "axis": "x", "origin": [1.368, 13.432, -12.592]},
			"faces": {
				"north": {"uv": [8.5, 3, 8.67188, 3.48438], "texture": "#9"},
				"east": {"uv": [0, 0, 0, 0.48438], "texture": "#9"},
				"south": {"uv": [3.5, 8.5, 3.67188, 8.98438], "texture": "#9"},
				"west": {"uv": [0, 0, 0, 0.48438], "texture": "#9"},
				"up": {"uv": [0.17188, 0, 0, 0], "texture": "#9"},
				"down": {"uv": [0.17188, 0, 0, 0], "texture": "#9"}
			}
		},
		{
			"from": [6, -14.728, -2.56],
			"to": [6.704, -12.792, -2.56],
			"rotation": {"angle": -22.5, "axis": "x", "origin": [0.368, 13.432, -12.592]},
			"faces": {
				"north": {"uv": [8.5, 3, 8.67188, 3.48438], "texture": "#9"},
				"east": {"uv": [0, 0, 0, 0.48438], "texture": "#9"},
				"south": {"uv": [3.5, 8.5, 3.67188, 8.98438], "texture": "#9"},
				"west": {"uv": [0, 0, 0, 0.48438], "texture": "#9"},
				"up": {"uv": [0.17188, 0, 0, 0], "texture": "#9"},
				"down": {"uv": [0.17188, 0, 0, 0], "texture": "#9"}
			}
		},
		{
			"from": [4.48, 15.136, 7.0144],
			"to": [5.888, 22.176, 8.4224],
			"rotation": {"angle": 0, "axis": "y", "origin": [2.368, 6.688, 7.296]},
			"faces": {
				"north": {"uv": [0, 0, 0.70313, 3.70313], "texture": "#9"},
				"east": {"uv": [4.5, 0, 4.85938, 3.70313], "texture": "#9"},
				"south": {"uv": [0.75, 0, 1.45313, 3.70313], "texture": "#9"},
				"west": {"uv": [5, 0, 5.35938, 3.70313], "texture": "#9"},
				"up": {"uv": [8.45313, 6.85938, 7.75, 6.5], "texture": "#9"},
				"down": {"uv": [7.70313, 7.75, 7, 8.10938], "texture": "#9"}
			}
		},
		{
			"from": [8.704, 15.136, 7.0144],
			"to": [10.112, 22.176, 8.4224],
			"rotation": {"angle": 0, "axis": "y", "origin": [12.224, 6.688, 7.296]},
			"faces": {
				"north": {"uv": [7.25, 0, 7.60938, 1.76563], "texture": "#9"},
				"east": {"uv": [7.25, 5.25, 7.60938, 7.01563], "texture": "#9"},
				"south": {"uv": [5.5, 7.25, 5.85938, 9.01563], "texture": "#9"},
				"west": {"uv": [6, 7.25, 6.35938, 9.01563], "texture": "#9"},
				"up": {"uv": [2.60938, 8.85938, 2.25, 8.5], "texture": "#9"},
				"down": {"uv": [8.85938, 2.5, 8.5, 2.85938], "texture": "#9"}
			}
		},
		{
			"from": [15.744, 15.84, 7.0144],
			"to": [17.152, 18.656, 8.4224],
			"rotation": {"angle": 45, "axis": "z", "origin": [13.632, 3.168, 7.296]},
			"faces": {
				"north": {"uv": [0, 0, 0.70313, 3.70313], "texture": "#9"},
				"east": {"uv": [4.5, 0, 4.85938, 3.70313], "texture": "#9"},
				"south": {"uv": [0.75, 0, 1.45313, 3.70313], "texture": "#9"},
				"west": {"uv": [5, 0, 5.35938, 3.70313], "texture": "#9"},
				"up": {"uv": [8.45313, 6.85938, 7.75, 6.5], "texture": "#9"},
				"down": {"uv": [7.70313, 7.75, 7, 8.10938], "texture": "#9"}
			}
		},
		{
			"from": [-2.56, 15.84, 7.0144],
			"to": [-1.152, 18.656, 8.4224],
			"rotation": {"angle": -45, "axis": "z", "origin": [0.96, 3.168, 7.296]},
			"faces": {
				"north": {"uv": [7.25, 0, 7.60938, 1.76563], "texture": "#9"},
				"east": {"uv": [7.25, 5.25, 7.60938, 7.01563], "texture": "#9"},
				"south": {"uv": [5.5, 7.25, 5.85938, 9.01563], "texture": "#9"},
				"west": {"uv": [6, 7.25, 6.35938, 9.01563], "texture": "#9"},
				"up": {"uv": [2.60938, 8.85938, 2.25, 8.5], "texture": "#9"},
				"down": {"uv": [8.85938, 2.5, 8.5, 2.85938], "texture": "#9"}
			}
		},
		{
			"from": [9.056, -9.504, 7.0144],
			"to": [9.76, -6.688, 9.1264],
			"rotation": {"angle": -22.5, "axis": "z", "origin": [10.816, -15.136, 7.296]},
			"faces": {
				"north": {"uv": [8, 8.25, 8.17188, 8.95313], "texture": "#9"},
				"east": {"uv": [7.75, 1, 8.28125, 1.70313], "texture": "#9"},
				"south": {"uv": [8, 8.25, 8.17188, 8.95313], "texture": "#9"},
				"west": {"uv": [7.75, 1, 8.28125, 1.70313], "texture": "#9"},
				"up": {"uv": [3.17188, 9.03125, 3, 8.5], "texture": "#9"},
				"down": {"uv": [3.17188, 8.5, 3, 9.03125], "texture": "#9"}
			}
		},
		{
			"from": [4.832, -9.504, 7.0144],
			"to": [5.536, -6.688, 9.1264],
			"rotation": {"angle": 22.5, "axis": "z", "origin": [3.776, -15.136, 7.296]},
			"faces": {
				"north": {"uv": [2.75, 8.5, 2.92188, 9.20313], "texture": "#9"},
				"east": {"uv": [7.75, 5, 8.28125, 5.70313], "texture": "#9"},
				"south": {"uv": [2.75, 8.5, 2.92188, 9.20313], "texture": "#9"},
				"west": {"uv": [7.75, 5, 8.28125, 5.70313], "texture": "#9"},
				"up": {"uv": [3.42188, 9.03125, 3.25, 8.5], "texture": "#9"},
				"down": {"uv": [3.42188, 8.5, 3.25, 9.03125], "texture": "#9"}
			}
		},
		{
			"from": [12.3648, -7.04, 7.0144],
			"to": [13.0688, 0.704, 9.1264],
			"rotation": {"angle": 0, "axis": "y", "origin": [13.632, -12.32, 7.296]},
			"faces": {
				"north": {"uv": [6.5, 7.75, 6.67188, 9.6875], "texture": "#9"},
				"east": {"uv": [5.5, 0, 6.03125, 1.9375], "texture": "#9"},
				"south": {"uv": [6.5, 7.75, 6.67188, 9.6875], "texture": "#9"},
				"west": {"uv": [5.5, 0, 6.03125, 1.9375], "texture": "#9"},
				"up": {"uv": [3.17188, 9.03125, 3, 8.5], "texture": "#9"},
				"down": {"uv": [3.17188, 8.5, 3, 9.03125], "texture": "#9"}
			}
		},
		{
			"from": [1.5232, -7.04, 7.0144],
			"to": [2.2272, 0.704, 9.1264],
			"rotation": {"angle": 0, "axis": "y", "origin": [0.96, -12.32, 7.296]},
			"faces": {
				"north": {"uv": [6.75, 7.75, 6.92188, 9.6875], "texture": "#9"},
				"east": {"uv": [5.5, 5.25, 6.03125, 7.1875], "texture": "#9"},
				"south": {"uv": [6.75, 7.75, 6.92188, 9.6875], "texture": "#9"},
				"west": {"uv": [5.5, 5.25, 6.03125, 7.1875], "texture": "#9"},
				"up": {"uv": [3.42188, 9.03125, 3.25, 8.5], "texture": "#9"},
				"down": {"uv": [3.42188, 8.5, 3.25, 9.03125], "texture": "#9"}
			}
		},
		{
			"from": [14.4768, 0.704, 7.0144],
			"to": [15.1808, 8.448, 9.1264],
			"rotation": {"angle": 22.5, "axis": "z", "origin": [15.744, -4.576, 7.296]},
			"faces": {
				"north": {"uv": [6.5, 7.75, 6.67188, 9.6875], "texture": "#9"},
				"east": {"uv": [5.5, 0, 6.03125, 1.9375], "texture": "#9"},
				"south": {"uv": [6.5, 7.75, 6.67188, 9.6875], "texture": "#9"},
				"west": {"uv": [5.5, 0, 6.03125, 1.9375], "texture": "#9"},
				"up": {"uv": [3.17188, 9.03125, 3, 8.5], "texture": "#9"},
				"down": {"uv": [3.17188, 8.5, 3, 9.03125], "texture": "#9"}
			}
		},
		{
			"from": [-0.5888, 0.704, 7.0144],
			"to": [0.1152, 8.448, 9.1264],
			"rotation": {"angle": -22.5, "axis": "z", "origin": [-1.152, -4.576, 7.296]},
			"faces": {
				"north": {"uv": [6.75, 7.75, 6.92188, 9.6875], "texture": "#9"},
				"east": {"uv": [5.5, 5.25, 6.03125, 7.1875], "texture": "#9"},
				"south": {"uv": [6.75, 7.75, 6.92188, 9.6875], "texture": "#9"},
				"west": {"uv": [5.5, 5.25, 6.03125, 7.1875], "texture": "#9"},
				"up": {"uv": [3.42188, 9.03125, 3.25, 8.5], "texture": "#9"},
				"down": {"uv": [3.42188, 8.5, 3.25, 9.03125], "texture": "#9"}
			}
		},
		{
			"from": [7.1552, -0.352, 7.296],
			"to": [12.928, 6.688, 8.704],
			"rotation": {"angle": 0, "axis": "y", "origin": [2.368, -0.352, 7.296]},
			"faces": {
				"north": {"uv": [1.5, 0, 2.9375, 1.76563], "texture": "#9"},
				"east": {"uv": [4.5, 6.25, 4.85938, 8.01563], "texture": "#9"},
				"south": {"uv": [1.5, 2, 2.9375, 3.76563], "texture": "#9"},
				"west": {"uv": [6.25, 5.25, 6.60938, 7.01563], "texture": "#9"},
				"up": {"uv": [6.9375, 3.35938, 5.5, 3], "texture": "#9"},
				"down": {"uv": [8.4375, 2, 7, 2.35938], "texture": "#9"}
			}
		},
		{
			"from": [1.664, -0.352, 7.296],
			"to": [7.296, 6.688, 8.704],
			"rotation": {"angle": 0, "axis": "y", "origin": [12.928, -0.352, 7.296]},
			"faces": {
				"north": {"uv": [3, 0, 4.40625, 1.76563], "texture": "#9"},
				"east": {"uv": [6.75, 0, 7.10938, 1.76563], "texture": "#9"},
				"south": {"uv": [3, 2, 4.40625, 3.76563], "texture": "#9"},
				"west": {"uv": [6.75, 5.25, 7.10938, 7.01563], "texture": "#9"},
				"up": {"uv": [8.40625, 2.85938, 7, 2.5], "texture": "#9"},
				"down": {"uv": [8.40625, 3, 7, 3.35938], "texture": "#9"}
			}
		},
		{
			"from": [4.48, 22.176, 6.944],
			"to": [6.592, 24.288, 8.352],
			"rotation": {"angle": -45, "axis": "z", "origin": [4.48, 22.176, 7.296]},
			"faces": {
				"north": {"uv": [7.75, 5.75, 8.28125, 6.28125], "texture": "#9"},
				"east": {"uv": [8.25, 7.75, 8.60938, 8.28125], "texture": "#9"},
				"south": {"uv": [7.75, 5.75, 8.28125, 6.28125], "texture": "#9"},
				"west": {"uv": [8.25, 7.75, 8.60938, 8.28125], "texture": "#9"},
				"up": {"uv": [1.53125, 8.85938, 1, 8.5], "texture": "#9"},
				"down": {"uv": [1.53125, 8.5, 1, 8.85938], "texture": "#9"}
			}
		},
		{
			"from": [7.296, 22.176, 6.944],
			"to": [9.408, 24.288, 8.352],
			"rotation": {"angle": -45, "axis": "z", "origin": [7.296, 22.176, 7.296]},
			"faces": {
				"north": {"uv": [7.75, 5.75, 8.28125, 6.28125], "texture": "#9"},
				"east": {"uv": [8.25, 7.75, 8.60938, 8.28125], "texture": "#9"},
				"south": {"uv": [7.75, 5.75, 8.28125, 6.28125], "texture": "#9"},
				"west": {"uv": [8.25, 7.75, 8.60938, 8.28125], "texture": "#9"},
				"up": {"uv": [1.53125, 8.85938, 1, 8.5], "texture": "#9"},
				"down": {"uv": [1.53125, 8.5, 1, 8.85938], "texture": "#9"}
			}
		},
		{
			"from": [3.05088, 20.12736, 6.8032],
			"to": [4.8672, 21.94368, 8.61952],
			"rotation": {"angle": 0, "axis": "y", "origin": [3.05088, 20.12736, 7.09184]},
			"faces": {
				"north": {"uv": [7.75, 7.75, 8.20313, 8.20313], "texture": "#9"},
				"east": {"uv": [7.75, 7.75, 8.20313, 8.20313], "texture": "#9"},
				"south": {"uv": [7.75, 7.75, 8.20313, 8.20313], "texture": "#9"},
				"west": {"uv": [7.75, 7.75, 8.20313, 8.20313], "texture": "#9"},
				"up": {"uv": [8.20313, 8.20313, 7.75, 7.75], "texture": "#9"},
				"down": {"uv": [8.20313, 7.75, 7.75, 8.20313], "texture": "#9"}
			}
		},
		{
			"from": [3.05088, 18.01536, 6.8032],
			"to": [4.8672, 19.83168, 8.61952],
			"rotation": {"angle": 0, "axis": "y", "origin": [3.05088, 18.01536, 7.09184]},
			"faces": {
				"north": {"uv": [7.75, 7.75, 8.20313, 8.20313], "texture": "#9"},
				"east": {"uv": [7.75, 7.75, 8.20313, 8.20313], "texture": "#9"},
				"south": {"uv": [7.75, 7.75, 8.20313, 8.20313], "texture": "#9"},
				"west": {"uv": [7.75, 7.75, 8.20313, 8.20313], "texture": "#9"},
				"up": {"uv": [8.20313, 8.20313, 7.75, 7.75], "texture": "#9"},
				"down": {"uv": [8.20313, 7.75, 7.75, 8.20313], "texture": "#9"}
			}
		},
		{
			"from": [9.38688, 18.01536, 6.8032],
			"to": [11.2032, 19.83168, 8.61952],
			"rotation": {"angle": 0, "axis": "y", "origin": [9.38688, 18.01536, 7.09184]},
			"faces": {
				"north": {"uv": [7.75, 7.75, 8.20313, 8.20313], "texture": "#9"},
				"east": {"uv": [7.75, 7.75, 8.20313, 8.20313], "texture": "#9"},
				"south": {"uv": [7.75, 7.75, 8.20313, 8.20313], "texture": "#9"},
				"west": {"uv": [7.75, 7.75, 8.20313, 8.20313], "texture": "#9"},
				"up": {"uv": [8.20313, 8.20313, 7.75, 7.75], "texture": "#9"},
				"down": {"uv": [8.20313, 7.75, 7.75, 8.20313], "texture": "#9"}
			}
		},
		{
			"from": [9.38688, 20.12736, 6.8032],
			"to": [11.2032, 21.94368, 8.61952],
			"rotation": {"angle": 0, "axis": "y", "origin": [9.38688, 20.12736, 7.09184]},
			"faces": {
				"north": {"uv": [7.75, 7.75, 8.20313, 8.20313], "texture": "#9"},
				"east": {"uv": [7.75, 7.75, 8.20313, 8.20313], "texture": "#9"},
				"south": {"uv": [7.75, 7.75, 8.20313, 8.20313], "texture": "#9"},
				"west": {"uv": [7.75, 7.75, 8.20313, 8.20313], "texture": "#9"},
				"up": {"uv": [8.20313, 8.20313, 7.75, 7.75], "texture": "#9"},
				"down": {"uv": [8.20313, 7.75, 7.75, 8.20313], "texture": "#9"}
			}
		},
		{
			"from": [9.38688, 15.90336, 6.8032],
			"to": [11.2032, 17.71968, 8.61952],
			"rotation": {"angle": 0, "axis": "y", "origin": [9.38688, 15.90336, 7.09184]},
			"faces": {
				"north": {"uv": [7.75, 7.75, 8.20313, 8.20313], "texture": "#9"},
				"east": {"uv": [7.75, 7.75, 8.20313, 8.20313], "texture": "#9"},
				"south": {"uv": [7.75, 7.75, 8.20313, 8.20313], "texture": "#9"},
				"west": {"uv": [7.75, 7.75, 8.20313, 8.20313], "texture": "#9"},
				"up": {"uv": [8.20313, 8.20313, 7.75, 7.75], "texture": "#9"},
				"down": {"uv": [8.20313, 7.75, 7.75, 8.20313], "texture": "#9"}
			}
		},
		{
			"from": [3.05088, 15.90336, 6.8032],
			"to": [4.8672, 17.71968, 8.61952],
			"rotation": {"angle": 0, "axis": "y", "origin": [3.05088, 15.90336, 7.09184]},
			"faces": {
				"north": {"uv": [8, 7.25, 8.45313, 7.70313], "texture": "#9"},
				"east": {"uv": [0, 8.25, 0.45313, 8.70313], "texture": "#9"},
				"south": {"uv": [0.5, 8.25, 0.95313, 8.70313], "texture": "#9"},
				"west": {"uv": [4.5, 8.25, 4.95313, 8.70313], "texture": "#9"},
				"up": {"uv": [7.45313, 8.70313, 7, 8.25], "texture": "#9"},
				"down": {"uv": [7.95313, 8.25, 7.5, 8.70313], "texture": "#9"}
			}
		}
	],
	"display": {
		"thirdperson_righthand": {
			"rotation": [70.96, -5.51, 58],
			"translation": [-7.5, 0.75, 4.25],
			"scale": [0.83133, 0.86359, 1.17477]
		},
		"thirdperson_lefthand": {
			"rotation": [70.96, -5.51, -57.83],
			"translation": [-2.5, 0.75, 4.25],
			"scale": [0.83133, 0.86359, 1.17477]
		},
		"firstperson_righthand": {
			"rotation": [-180, 84.5, -180],
			"translation": [1.25, 5.5, 0],
			"scale": [0.4, 0.68, 0.4]
		},
		"firstperson_lefthand": {
			"rotation": [-180, 84.5, -180],
			"translation": [2, 5.5, 0],
			"scale": [0.4, 0.68, 0.4]
		},
		"gui": {
			"rotation": [179.65, 1.38, -124.77],
			"translation": [0.75, 0, 0],
			"scale": [0.45, 0.5, 0.45]
		},
		"head": {
			"rotation": [11.58, -11.37, 65.75],
			"translation": [-3, -16.75, -8.25],
			"scale": [1.22672, 1.29625, 1.18]
		}
	}
}