{
	"credit": "Zeru",
	"texture_size": [64, 64],
	"textures": {
		"1": "./texture",
		"2": "./gloves",
		"3": "./glowgloves",
		"4": "./animat1",
		"particle": "./texture"
	},
	"elements": [
		{
			"from": [5.98233, -1.7, 5.2],
			"to": [11.08233, 0.5, 10.8],
			"rotation": {"angle": 0, "axis": "y", "origin": [5.98233, -3.2, 5]},
			"faces": {
				"north": {"uv": [4.28125, 5.5, 3, 6.42188], "texture": "#2"},
				"east": {"uv": [0, 5.5, 1.40625, 6.42188], "texture": "#2"},
				"south": {"uv": [3, 5.5, 4.28125, 6.42188], "texture": "#2"},
				"west": {"uv": [5.5, 0, 6.90625, 0.92188], "texture": "#2"},
				"up": {"uv": [5.28125, 1.40625, 4, 0], "texture": "#2"},
				"down": {"uv": [2.78125, 4, 1.5, 5.40625], "texture": "#2"}
			}
		},
		{
			"from": [6.25157, -1.41569, 6.6],
			"to": [6.75157, -0.81569, 9.4],
			"rotation": {"angle": 45, "axis": "z", "origin": [6.50157, -1.86569, 8]},
			"faces": {
				"north": {"uv": [10.25, 3, 10.375, 3.15625], "texture": "#2"},
				"east": {"uv": [7.75, 5.25, 8.45313, 5.40625], "texture": "#2"},
				"south": {"uv": [10.25, 3.25, 10.375, 3.40625], "texture": "#2"},
				"west": {"uv": [8.5, 5.75, 9.20313, 5.90625], "texture": "#2"},
				"up": {"uv": [9.125, 7.70313, 9, 7], "texture": "#2"},
				"down": {"uv": [7.625, 9, 7.5, 9.70313], "texture": "#2"}
			}
		},
		{
			"from": [6.25157, -0.58431, 6.6],
			"to": [6.75157, 0.21569, 9.4],
			"rotation": {"angle": -45, "axis": "z", "origin": [6.50157, 0.46569, 8]},
			"faces": {
				"north": {"uv": [2, 10.25, 2.125, 10.53125], "texture": "#2"},
				"east": {"uv": [7.75, 4.75, 8.45313, 5.03125], "texture": "#2"},
				"south": {"uv": [2.5, 10.25, 2.625, 10.53125], "texture": "#2"},
				"west": {"uv": [5.75, 7.75, 6.45313, 8.03125], "texture": "#2"},
				"up": {"uv": [8.125, 9.70313, 8, 9], "texture": "#2"},
				"down": {"uv": [8.375, 9, 8.25, 9.70313], "texture": "#2"}
			}
		},
		{
			"from": [5.58233, -1.3, 6.6],
			"to": [6.08233, -0.7, 9.4],
			"rotation": {"angle": 0, "axis": "y", "origin": [5.83233, -0.75, 8]},
			"faces": {
				"north": {"uv": [5.75, 9.5, 5.875, 10.03125], "texture": "#2"},
				"east": {"uv": [3.5, 7, 4.20313, 7.53125], "texture": "#2"},
				"south": {"uv": [6, 9.5, 6.125, 10.03125], "texture": "#2"},
				"west": {"uv": [4.25, 7.25, 4.95313, 7.53125], "texture": "#2"},
				"up": {"uv": [7.875, 9.70313, 7.75, 9], "texture": "#2"},
				"down": {"uv": [9.125, 7.75, 9, 8.45313], "texture": "#2"}
			}
		},
		{
			"from": [5.58233, -0.7, 6.6],
			"to": [6.08233, -0.1, 9.4],
			"rotation": {"angle": 0, "axis": "y", "origin": [5.83233, -1.15, 8]},
			"faces": {
				"north": {"uv": [5.75, 10.03125, 5.875, 9.5], "texture": "#2"},
				"east": {"uv": [3.5, 7.53125, 4.20313, 7], "texture": "#2"},
				"south": {"uv": [6, 10.03125, 6.125, 9.5], "texture": "#2"},
				"west": {"uv": [4.25, 7.53125, 4.95313, 7.25], "texture": "#2"},
				"up": {"uv": [9.125, 8.45313, 9, 7.75], "texture": "#2"},
				"down": {"uv": [7.875, 9, 7.75, 9.70313], "texture": "#2"}
			}
		},
		{
			"from": [6.09699, 4.3, 6.06034],
			"to": [6.69699, 8.2, 9.91034],
			"rotation": {"angle": -45, "axis": "x", "origin": [8.49699, 6.35, 7.81034]},
			"faces": {
				"north": {"uv": [5.25, 8, 5.40625, 8.96875], "texture": "#2"},
				"east": {"uv": [6, 1, 6.96875, 1.96875], "texture": "#2"},
				"south": {"uv": [6.25, 8.25, 6.40625, 9.21875], "texture": "#2"},
				"west": {"uv": [6, 2, 6.96875, 2.96875], "texture": "#2"},
				"up": {"uv": [8.65625, 3.21875, 8.5, 2.25], "texture": "#2"},
				"down": {"uv": [3.15625, 8.5, 3, 9.46875], "texture": "#2"}
			}
		},
		{
			"from": [5.79699, 5.7, 6.66034],
			"to": [6.89699, 8.1, 9.06034],
			"rotation": {"angle": 45, "axis": "x", "origin": [3.99699, 6.65, 7.51034]},
			"faces": {
				"north": {"uv": [0.5, 8.25, 0.78125, 8.84375], "texture": "#3"},
				"east": {"uv": [7, 4.75, 7.59375, 5.34375], "texture": "#3"},
				"south": {"uv": [1, 8.25, 1.28125, 8.84375], "texture": "#3"},
				"west": {"uv": [5.75, 7, 6.34375, 7.59375], "texture": "#3"},
				"up": {"uv": [1.78125, 8.84375, 1.5, 8.25], "texture": "#3"},
				"down": {"uv": [8.53125, 1.5, 8.25, 2.09375], "texture": "#3"}
			}
		},
		{
			"from": [10.16767, 5.7, 6.66034],
			"to": [11.26767, 8.1, 9.06034],
			"rotation": {"angle": 45, "axis": "x", "origin": [13.06767, 6.65, 7.51034]},
			"faces": {
				"north": {"uv": [0.78125, 8.25, 0.5, 8.84375], "texture": "#3"},
				"east": {"uv": [6.34375, 7, 5.75, 7.59375], "texture": "#3"},
				"south": {"uv": [1.28125, 8.25, 1, 8.84375], "texture": "#3"},
				"west": {"uv": [7.59375, 4.75, 7, 5.34375], "texture": "#3"},
				"up": {"uv": [1.5, 8.84375, 1.78125, 8.25], "texture": "#3"},
				"down": {"uv": [8.25, 1.5, 8.53125, 2.09375], "texture": "#3"}
			}
		},
		{
			"from": [10.36767, 4.3, 6.06034],
			"to": [10.96767, 8.2, 9.91034],
			"rotation": {"angle": -45, "axis": "x", "origin": [8.56767, 6.35, 7.81034]},
			"faces": {
				"north": {"uv": [3.25, 8.5, 3.40625, 9.46875], "texture": "#2"},
				"east": {"uv": [5.75, 6, 6.71875, 6.96875], "texture": "#2"},
				"south": {"uv": [8.5, 4.75, 8.65625, 5.71875], "texture": "#2"},
				"west": {"uv": [0, 6.5, 0.96875, 7.46875], "texture": "#2"},
				"up": {"uv": [6.65625, 9.46875, 6.5, 8.5], "texture": "#2"},
				"down": {"uv": [6.90625, 8.5, 6.75, 9.46875], "texture": "#2"}
			}
		},
		{
			"from": [5.69417, 1.594, 7.30916],
			"to": [8.17417, 2.782, 8.49716],
			"rotation": {"angle": -45, "axis": "x", "origin": [14.11817, 2.134, 8.01116]},
			"faces": {
				"north": {"uv": [7, 0, 8.79688, 0.32813], "texture": "#3"},
				"east": {"uv": [8.75, 2, 9.07813, 2.32813], "texture": "#3"},
				"south": {"uv": [7, 0.5, 8.79688, 0.82813], "texture": "#3"},
				"west": {"uv": [2.5, 8.75, 2.82813, 9.07813], "texture": "#3"},
				"up": {"uv": [2.79688, 7.32813, 1, 7], "texture": "#3"},
				"down": {"uv": [8.79688, 1, 7, 1.32813], "texture": "#3"}
			}
		},
		{
			"from": [5.72125, 1.86881, 7.91908],
			"to": [8.14709, 3.27265, 8.56692],
			"rotation": {"angle": -22.5, "axis": "x", "origin": [14.11817, 2.40873, 8.081]},
			"faces": {
				"north": {"uv": [6.75, 6, 8.53125, 6.39063], "texture": "#3"},
				"east": {"uv": [3, 9.5, 3.1875, 9.89063], "texture": "#3"},
				"south": {"uv": [6.75, 6.5, 8.53125, 6.89063], "texture": "#3"},
				"west": {"uv": [3.25, 9.5, 3.4375, 9.89063], "texture": "#3"},
				"up": {"uv": [9.28125, 3.6875, 7.5, 3.5], "texture": "#3"},
				"down": {"uv": [9.28125, 3.75, 7.5, 3.9375], "texture": "#3"}
			}
		},
		{
			"from": [5.72225, 1.86981, 7.23408],
			"to": [8.14609, 3.27165, 7.87992],
			"rotation": {"angle": 22.5, "axis": "x", "origin": [14.11817, 2.40873, 7.719]},
			"faces": {
				"north": {"uv": [8.53125, 6.5, 6.75, 6.89063], "texture": "#3"},
				"east": {"uv": [3.1875, 9.5, 3, 9.89063], "texture": "#3"},
				"south": {"uv": [8.53125, 6, 6.75, 6.39063], "texture": "#3"},
				"west": {"uv": [3.4375, 9.5, 3.25, 9.89063], "texture": "#3"},
				"up": {"uv": [9.28125, 3.5, 7.5, 3.6875], "texture": "#3"},
				"down": {"uv": [9.28125, 3.9375, 7.5, 3.75], "texture": "#3"}
			}
		},
		{
			"from": [8.91757, 1.86881, 7.43308],
			"to": [11.34341, 3.27265, 8.08092],
			"rotation": {"angle": 22.5, "axis": "x", "origin": [2.94649, 2.40873, 7.919]},
			"faces": {
				"north": {"uv": [6.75, 6.5, 8.53125, 6.89063], "texture": "#3"},
				"east": {"uv": [3.25, 9.5, 3.4375, 9.89063], "texture": "#3"},
				"south": {"uv": [6.75, 6, 8.53125, 6.39063], "texture": "#3"},
				"west": {"uv": [3, 9.5, 3.1875, 9.89063], "texture": "#3"},
				"up": {"uv": [7.5, 3.5, 9.28125, 3.6875], "texture": "#3"},
				"down": {"uv": [7.5, 3.9375, 9.28125, 3.75], "texture": "#3"}
			}
		},
		{
			"from": [8.91857, 1.86981, 8.12008],
			"to": [11.34241, 3.27165, 8.76592],
			"rotation": {"angle": -22.5, "axis": "x", "origin": [2.94649, 2.40873, 8.281]},
			"faces": {
				"north": {"uv": [8.53125, 6, 6.75, 6.39063], "texture": "#3"},
				"east": {"uv": [3.4375, 9.5, 3.25, 9.89063], "texture": "#3"},
				"south": {"uv": [8.53125, 6.5, 6.75, 6.89063], "texture": "#3"},
				"west": {"uv": [3.1875, 9.5, 3, 9.89063], "texture": "#3"},
				"up": {"uv": [7.5, 3.6875, 9.28125, 3.5], "texture": "#3"},
				"down": {"uv": [7.5, 3.75, 9.28125, 3.9375], "texture": "#3"}
			}
		},
		{
			"from": [5.69417, 3.20722, 7.66152],
			"to": [8.17417, 3.63922, 8.09352],
			"rotation": {"angle": -45, "axis": "x", "origin": [14.11817, 3.45022, 7.93152]},
			"faces": {
				"north": {"uv": [7.5, 4, 9.29688, 4.125], "texture": "#3"},
				"east": {"uv": [3.5, 10.25, 3.625, 10.375], "texture": "#3"},
				"south": {"uv": [7.5, 4.25, 9.29688, 4.375], "texture": "#3"},
				"west": {"uv": [3.75, 10.25, 3.875, 10.375], "texture": "#3"},
				"up": {"uv": [9.29688, 4.625, 7.5, 4.5], "texture": "#3"},
				"down": {"uv": [8.29688, 7.5, 6.5, 7.625], "texture": "#3"}
			}
		},
		{
			"from": [8.89049, 3.20722, 7.90648],
			"to": [11.37049, 3.63922, 8.33848],
			"rotation": {"angle": 45, "axis": "x", "origin": [2.94649, 3.45022, 8.06848]},
			"faces": {
				"north": {"uv": [7.5, 4.25, 9.29688, 4.375], "texture": "#3"},
				"east": {"uv": [3.75, 10.25, 3.875, 10.375], "texture": "#3"},
				"south": {"uv": [7.5, 4, 9.29688, 4.125], "texture": "#3"},
				"west": {"uv": [3.5, 10.25, 3.625, 10.375], "texture": "#3"},
				"up": {"uv": [7.5, 4.5, 9.29688, 4.625], "texture": "#3"},
				"down": {"uv": [6.5, 7.625, 8.29688, 7.5], "texture": "#3"}
			}
		},
		{
			"from": [8.89049, 1.594, 7.50284],
			"to": [11.37049, 2.782, 8.69084],
			"rotation": {"angle": 45, "axis": "x", "origin": [2.94649, 2.134, 7.98884]},
			"faces": {
				"north": {"uv": [7, 0.5, 8.79688, 0.82813], "texture": "#3"},
				"east": {"uv": [2.5, 8.75, 2.82813, 9.07813], "texture": "#3"},
				"south": {"uv": [7, 0, 8.79688, 0.32813], "texture": "#3"},
				"west": {"uv": [8.75, 2, 9.07813, 2.32813], "texture": "#3"},
				"up": {"uv": [1, 7, 2.79688, 7.32813], "texture": "#3"},
				"down": {"uv": [7, 1.32813, 8.79688, 1], "texture": "#3"}
			}
		},
		{
			"from": [6.08233, 1.3, 5.3],
			"to": [10.98233, 6.4, 10.7],
			"rotation": {"angle": 0, "axis": "z", "origin": [8.53233, 4.15, 8]},
			"faces": {
				"north": {"uv": [3, 4, 4.28125, 5.32813], "texture": "#2"},
				"east": {"uv": [0, 2.5, 1.40625, 3.82813], "texture": "#2"},
				"south": {"uv": [4.5, 1.5, 5.78125, 2.82813], "texture": "#2"},
				"west": {"uv": [1.5, 2.5, 2.90625, 3.82813], "texture": "#2"},
				"up": {"uv": [4.28125, 3.90625, 3, 2.5], "texture": "#2"},
				"down": {"uv": [1.28125, 4, 0, 5.40625], "texture": "#2"}
			}
		},
		{
			"from": [7.68233, 0.3, 9.6],
			"to": [9.38233, 2.4, 10.8],
			"rotation": {"angle": 45, "axis": "x", "origin": [8.53233, 1.55, 11.7]},
			"faces": {
				"north": {"uv": [5, 7.25, 5.42188, 7.78125], "texture": "#2"},
				"east": {"uv": [2, 7.5, 2.42188, 8.03125], "texture": "#2"},
				"south": {"uv": [2, 7.5, 2.42188, 8.03125], "texture": "#2"},
				"west": {"uv": [2, 7.5, 2.42188, 8.03125], "texture": "#2"},
				"up": {"uv": [7.92188, 8.79688, 7.5, 8.5], "texture": "#2"},
				"down": {"uv": [8.92188, 7.5, 8.5, 7.79688], "texture": "#2"}
			}
		},
		{
			"from": [7.68233, 0.3, 5.2],
			"to": [9.38233, 2.4, 6.4],
			"rotation": {"angle": -45, "axis": "x", "origin": [8.53233, 1.55, 4.3]},
			"faces": {
				"north": {"uv": [2.42188, 7.5, 2, 8.03125], "texture": "#2"},
				"east": {"uv": [2.42188, 7.5, 2, 8.03125], "texture": "#2"},
				"south": {"uv": [5.42188, 7.25, 5, 7.78125], "texture": "#2"},
				"west": {"uv": [2.42188, 7.5, 2, 8.03125], "texture": "#2"},
				"up": {"uv": [7.92188, 8.5, 7.5, 8.79688], "texture": "#2"},
				"down": {"uv": [8.92188, 7.79688, 8.5, 7.5], "texture": "#2"}
			}
		},
		{
			"from": [6.28233, -1, 5.5],
			"to": [10.78233, 2.7, 10.5],
			"rotation": {"angle": 0, "axis": "y", "origin": [6.18233, -1, 5]},
			"faces": {
				"north": {"uv": [5.75, 4, 6.875, 4.92188], "texture": "#2"},
				"east": {"uv": [4.5, 5.5, 5.75, 6.42188], "texture": "#2"},
				"south": {"uv": [5.75, 5, 6.875, 5.92188], "texture": "#2"},
				"west": {"uv": [5.75, 3, 7, 3.92188], "texture": "#2"},
				"up": {"uv": [5.625, 4.25, 4.5, 3], "texture": "#2"},
				"down": {"uv": [5.625, 4.25, 4.5, 5.5], "texture": "#2"}
			}
		},
		{
			"from": [6.27428, -1.978, 5.202],
			"to": [6.83028, -1.002, 10.798],
			"rotation": {"angle": 45, "axis": "z", "origin": [6.97228, -1.7, 9.6]},
			"faces": {
				"north": {"uv": [7.25, 10, 7.39063, 10.25], "texture": "#2"},
				"east": {"uv": [7, 5.5, 8.40625, 5.75], "texture": "#2"},
				"south": {"uv": [10, 7.25, 10.14063, 7.5], "texture": "#2"},
				"west": {"uv": [7, 5.75, 8.40625, 6], "texture": "#2"},
				"up": {"uv": [5.64063, 8.65625, 5.5, 7.25], "texture": "#2"},
				"down": {"uv": [3.64063, 7.75, 3.5, 9.15625], "texture": "#2"}
			}
		},
		{
			"from": [6.67328, -2.399, 5.201],
			"to": [7.77628, -1.841, 6.549],
			"rotation": {"angle": 0, "axis": "y", "origin": [7.37228, -1.7, 10.75]},
			"faces": {
				"north": {"uv": [7, 5.75, 8.40625, 6], "texture": "#2"},
				"east": {"uv": [7, 5.75, 8.40625, 6], "texture": "#2"},
				"south": {"uv": [7, 5.75, 8.40625, 6], "texture": "#2"},
				"west": {"uv": [7, 5.75, 8.40625, 6], "texture": "#2"},
				"up": {"uv": [7, 5.75, 8.40625, 6], "texture": "#2"},
				"down": {"uv": [7, 5.75, 8.40625, 6], "texture": "#2"}
			}
		},
		{
			"from": [6.27328, -1.979, 5.201],
			"to": [6.83128, -1.001, 6.549],
			"rotation": {"angle": 45, "axis": "z", "origin": [6.97228, -1.7, 10.75]},
			"faces": {
				"north": {"uv": [7, 5.75, 8.40625, 6], "texture": "#2"},
				"east": {"uv": [7, 5.75, 8.40625, 6], "texture": "#2"},
				"south": {"uv": [7, 5.75, 8.40625, 6], "texture": "#2"},
				"west": {"uv": [7, 5.75, 8.40625, 6], "texture": "#2"},
				"up": {"uv": [7, 5.75, 8.40625, 6], "texture": "#2"},
				"down": {"uv": [7, 5.75, 8.40625, 6], "texture": "#2"}
			}
		},
		{
			"from": [6.3468, -2.63849, 5.35],
			"to": [6.9068, -1.65849, 6.45],
			"rotation": {"angle": 22.5, "axis": "z", "origin": [6.6268, -2.14849, 5.9]},
			"faces": {
				"north": {"uv": [3.5, 9.5, 3.78125, 9.75], "texture": "#3"},
				"east": {"uv": [9.5, 3.25, 9.78125, 3.5], "texture": "#3"},
				"south": {"uv": [3.5, 9.5, 3.78125, 9.75], "texture": "#3"},
				"west": {"uv": [3.5, 9.5, 3.78125, 9.75], "texture": "#3"},
				"up": {"uv": [2.39063, 10.28125, 2.25, 10], "texture": "#3"},
				"down": {"uv": [3.14063, 10, 3, 10.28125], "texture": "#3"}
			}
		},
		{
			"from": [6.55553, -2.70844, 5.3499],
			"to": [7.63573, -2.04824, 6.4501],
			"rotation": {"angle": 0, "axis": "y", "origin": [7.04563, -2.32834, 5.9]},
			"faces": {
				"north": {"uv": [9.51563, 7, 9.25, 7.28125], "texture": "#3"},
				"east": {"uv": [2, 9.75, 2.28125, 9.92188], "texture": "#3"},
				"south": {"uv": [9.51563, 7, 9.25, 7.28125], "texture": "#3"},
				"west": {"uv": [9.75, 2, 10.03125, 2.17188], "texture": "#3"},
				"up": {"uv": [9.51563, 6.78125, 9.25, 6.5], "texture": "#3"},
				"down": {"uv": [9.51563, 7, 9.25, 7.28125], "texture": "#3"}
			}
		},
		{
			"from": [7.19207, -2.60022, 5.35],
			"to": [7.85207, -1.52022, 6.45],
			"rotation": {"angle": -22.5, "axis": "z", "origin": [7.47207, -2.11022, 5.9]},
			"faces": {
				"north": {"uv": [9.25, 7.5, 9.53125, 7.76563], "texture": "#3"},
				"east": {"uv": [9.25, 7.5, 9.53125, 7.76563], "texture": "#3"},
				"south": {"uv": [9.25, 7.5, 9.53125, 7.76563], "texture": "#3"},
				"west": {"uv": [9.25, 8, 9.53125, 8.26563], "texture": "#3"},
				"up": {"uv": [9.92188, 2.53125, 9.75, 2.25], "texture": "#3"},
				"down": {"uv": [2.67188, 9.75, 2.5, 10.03125], "texture": "#3"}
			}
		},
		{
			"from": [7.19207, -2.60022, 6.9],
			"to": [7.85207, -1.52022, 8],
			"rotation": {"angle": -22.5, "axis": "z", "origin": [7.47207, -2.11022, 7.45]},
			"faces": {
				"north": {"uv": [9.25, 7.5, 9.53125, 7.76563], "texture": "#3"},
				"east": {"uv": [9.25, 7.5, 9.53125, 7.76563], "texture": "#3"},
				"south": {"uv": [9.25, 7.5, 9.53125, 7.76563], "texture": "#3"},
				"west": {"uv": [9.25, 8, 9.53125, 8.26563], "texture": "#3"},
				"up": {"uv": [9.92188, 2.53125, 9.75, 2.25], "texture": "#3"},
				"down": {"uv": [2.67188, 9.75, 2.5, 10.03125], "texture": "#3"}
			}
		},
		{
			"from": [6.55553, -2.70844, 6.8999],
			"to": [7.63573, -2.04824, 8.0001],
			"rotation": {"angle": 0, "axis": "y", "origin": [7.04563, -2.32834, 7.45]},
			"faces": {
				"north": {"uv": [9.51563, 7, 9.25, 7.28125], "texture": "#3"},
				"east": {"uv": [2, 9.75, 2.28125, 9.92188], "texture": "#3"},
				"south": {"uv": [9.51563, 7, 9.25, 7.28125], "texture": "#3"},
				"west": {"uv": [9.75, 2, 10.03125, 2.17188], "texture": "#3"},
				"up": {"uv": [9.51563, 6.78125, 9.25, 6.5], "texture": "#3"},
				"down": {"uv": [9.51563, 7, 9.25, 7.28125], "texture": "#3"}
			}
		},
		{
			"from": [6.3468, -2.63849, 6.9],
			"to": [6.9068, -1.65849, 8],
			"rotation": {"angle": 22.5, "axis": "z", "origin": [6.6268, -2.14849, 7.45]},
			"faces": {
				"north": {"uv": [3.5, 9.5, 3.78125, 9.75], "texture": "#3"},
				"east": {"uv": [9.5, 3.25, 9.78125, 3.5], "texture": "#3"},
				"south": {"uv": [3.5, 9.5, 3.78125, 9.75], "texture": "#3"},
				"west": {"uv": [3.5, 9.5, 3.78125, 9.75], "texture": "#3"},
				"up": {"uv": [2.39063, 10.28125, 2.25, 10], "texture": "#3"},
				"down": {"uv": [3.14063, 10, 3, 10.28125], "texture": "#3"}
			}
		},
		{
			"from": [6.3468, -2.63849, 8.4],
			"to": [6.9068, -1.65849, 9.5],
			"rotation": {"angle": 22.5, "axis": "z", "origin": [6.6268, -2.14849, 8.95]},
			"faces": {
				"north": {"uv": [3.5, 9.5, 3.78125, 9.75], "texture": "#3"},
				"east": {"uv": [9.5, 3.25, 9.78125, 3.5], "texture": "#3"},
				"south": {"uv": [3.5, 9.5, 3.78125, 9.75], "texture": "#3"},
				"west": {"uv": [3.5, 9.5, 3.78125, 9.75], "texture": "#3"},
				"up": {"uv": [2.39063, 10.28125, 2.25, 10], "texture": "#3"},
				"down": {"uv": [3.14063, 10, 3, 10.28125], "texture": "#3"}
			}
		},
		{
			"from": [6.55553, -2.70844, 8.3999],
			"to": [7.63573, -2.04824, 9.5001],
			"rotation": {"angle": 0, "axis": "y", "origin": [7.04563, -2.32834, 8.95]},
			"faces": {
				"north": {"uv": [9.51563, 7, 9.25, 7.28125], "texture": "#3"},
				"east": {"uv": [2, 9.75, 2.28125, 9.92188], "texture": "#3"},
				"south": {"uv": [9.51563, 7, 9.25, 7.28125], "texture": "#3"},
				"west": {"uv": [9.75, 2, 10.03125, 2.17188], "texture": "#3"},
				"up": {"uv": [9.51563, 6.78125, 9.25, 6.5], "texture": "#3"},
				"down": {"uv": [9.51563, 7, 9.25, 7.28125], "texture": "#3"}
			}
		},
		{
			"from": [7.19207, -2.60022, 8.4],
			"to": [7.85207, -1.52022, 9.5],
			"rotation": {"angle": -22.5, "axis": "z", "origin": [7.47207, -2.11022, 8.95]},
			"faces": {
				"north": {"uv": [9.25, 7.5, 9.53125, 7.76563], "texture": "#3"},
				"east": {"uv": [9.25, 7.5, 9.53125, 7.76563], "texture": "#3"},
				"south": {"uv": [9.25, 7.5, 9.53125, 7.76563], "texture": "#3"},
				"west": {"uv": [9.25, 8, 9.53125, 8.26563], "texture": "#3"},
				"up": {"uv": [9.92188, 2.53125, 9.75, 2.25], "texture": "#3"},
				"down": {"uv": [2.67188, 9.75, 2.5, 10.03125], "texture": "#3"}
			}
		},
		{
			"from": [6.3468, -2.63849, 9.8],
			"to": [6.9068, -1.65849, 10.7],
			"rotation": {"angle": 22.5, "axis": "z", "origin": [6.6268, -2.14849, 10.25]},
			"faces": {
				"north": {"uv": [3.5, 9.5, 3.78125, 9.75], "texture": "#3"},
				"east": {"uv": [9.5, 3.25, 9.78125, 3.5], "texture": "#3"},
				"south": {"uv": [3.5, 9.5, 3.78125, 9.75], "texture": "#3"},
				"west": {"uv": [3.5, 9.5, 3.78125, 9.75], "texture": "#3"},
				"up": {"uv": [2.39063, 10.28125, 2.25, 10], "texture": "#3"},
				"down": {"uv": [3.14063, 10, 3, 10.28125], "texture": "#3"}
			}
		},
		{
			"from": [6.55553, -2.70844, 9.7999],
			"to": [7.63573, -2.04824, 10.7001],
			"rotation": {"angle": 0, "axis": "y", "origin": [7.04563, -2.32834, 10.25]},
			"faces": {
				"north": {"uv": [9.51563, 7, 9.25, 7.28125], "texture": "#3"},
				"east": {"uv": [2, 9.75, 2.28125, 9.92188], "texture": "#3"},
				"south": {"uv": [9.51563, 7, 9.25, 7.28125], "texture": "#3"},
				"west": {"uv": [9.75, 2, 10.03125, 2.17188], "texture": "#3"},
				"up": {"uv": [9.51563, 6.78125, 9.25, 6.5], "texture": "#3"},
				"down": {"uv": [9.51563, 7, 9.25, 7.28125], "texture": "#3"}
			}
		},
		{
			"from": [7.19207, -2.60022, 9.8],
			"to": [7.85207, -1.52022, 10.7],
			"rotation": {"angle": -22.5, "axis": "z", "origin": [7.47207, -2.11022, 10.25]},
			"faces": {
				"north": {"uv": [9.25, 7.5, 9.53125, 7.76563], "texture": "#3"},
				"east": {"uv": [9.25, 7.5, 9.53125, 7.76563], "texture": "#3"},
				"south": {"uv": [9.25, 7.5, 9.53125, 7.76563], "texture": "#3"},
				"west": {"uv": [9.25, 8, 9.53125, 8.26563], "texture": "#3"},
				"up": {"uv": [9.92188, 2.53125, 9.75, 2.25], "texture": "#3"},
				"down": {"uv": [2.67188, 9.75, 2.5, 10.03125], "texture": "#3"}
			}
		},
		{
			"from": [7.63338, -1.979, 5.201],
			"to": [8.19138, -1.001, 6.549],
			"rotation": {"angle": -45, "axis": "z", "origin": [7.49238, -1.7, 10.75]},
			"faces": {
				"north": {"uv": [7, 5.75, 8.40625, 6], "texture": "#2"},
				"east": {"uv": [7, 5.75, 8.40625, 6], "texture": "#2"},
				"south": {"uv": [7, 5.75, 8.40625, 6], "texture": "#2"},
				"west": {"uv": [7, 5.75, 8.40625, 6], "texture": "#2"},
				"up": {"uv": [7, 5.75, 8.40625, 6], "texture": "#2"},
				"down": {"uv": [7, 5.75, 8.40625, 6], "texture": "#2"}
			}
		},
		{
			"from": [6.27228, -1.98, 6.775],
			"to": [6.83228, -1, 8.075],
			"rotation": {"angle": 45, "axis": "z", "origin": [6.97228, -1.7, 12.375]},
			"faces": {
				"north": {"uv": [7, 5.75, 8.40625, 6], "texture": "#2"},
				"east": {"uv": [7, 5.75, 8.40625, 6], "texture": "#2"},
				"south": {"uv": [7, 5.75, 8.40625, 6], "texture": "#2"},
				"west": {"uv": [7, 5.75, 8.40625, 6], "texture": "#2"},
				"up": {"uv": [7, 5.75, 8.40625, 6], "texture": "#2"},
				"down": {"uv": [7, 5.75, 8.40625, 6], "texture": "#2"}
			}
		},
		{
			"from": [7.63238, -1.98, 6.775],
			"to": [8.19238, -1, 8.075],
			"rotation": {"angle": -45, "axis": "z", "origin": [7.49238, -1.7, 12.375]},
			"faces": {
				"north": {"uv": [7, 5.75, 8.40625, 6], "texture": "#2"},
				"east": {"uv": [7, 5.75, 8.40625, 6], "texture": "#2"},
				"south": {"uv": [7, 5.75, 8.40625, 6], "texture": "#2"},
				"west": {"uv": [7, 5.75, 8.40625, 6], "texture": "#2"},
				"up": {"uv": [7, 5.75, 8.40625, 6], "texture": "#2"},
				"down": {"uv": [7, 5.75, 8.40625, 6], "texture": "#2"}
			}
		},
		{
			"from": [6.67228, -2.4, 6.775],
			"to": [7.77728, -1.84, 8.075],
			"rotation": {"angle": 0, "axis": "y", "origin": [7.37228, -1.7, 12.375]},
			"faces": {
				"north": {"uv": [7, 5.75, 8.40625, 6], "texture": "#2"},
				"east": {"uv": [7, 5.75, 8.40625, 6], "texture": "#2"},
				"south": {"uv": [7, 5.75, 8.40625, 6], "texture": "#2"},
				"west": {"uv": [7, 5.75, 8.40625, 6], "texture": "#2"},
				"up": {"uv": [7, 5.75, 8.40625, 6], "texture": "#2"},
				"down": {"uv": [7, 5.75, 8.40625, 6], "texture": "#2"}
			}
		},
		{
			"from": [6.27228, -1.98, 8.3],
			"to": [6.83228, -1, 9.6],
			"rotation": {"angle": 45, "axis": "z", "origin": [6.97228, -1.7, 13.8]},
			"faces": {
				"north": {"uv": [7, 5.75, 8.40625, 6], "texture": "#2"},
				"east": {"uv": [7, 5.75, 8.40625, 6], "texture": "#2"},
				"south": {"uv": [7, 5.75, 8.40625, 6], "texture": "#2"},
				"west": {"uv": [7, 5.75, 8.40625, 6], "texture": "#2"},
				"up": {"uv": [7, 5.75, 8.40625, 6], "texture": "#2"},
				"down": {"uv": [7, 5.75, 8.40625, 6], "texture": "#2"}
			}
		},
		{
			"from": [7.63238, -1.98, 8.3],
			"to": [8.19238, -1, 9.6],
			"rotation": {"angle": -45, "axis": "z", "origin": [7.49238, -1.7, 13.8]},
			"faces": {
				"north": {"uv": [7, 5.75, 8.40625, 6], "texture": "#2"},
				"east": {"uv": [7, 5.75, 8.40625, 6], "texture": "#2"},
				"south": {"uv": [7, 5.75, 8.40625, 6], "texture": "#2"},
				"west": {"uv": [7, 5.75, 8.40625, 6], "texture": "#2"},
				"up": {"uv": [7, 5.75, 8.40625, 6], "texture": "#2"},
				"down": {"uv": [7, 5.75, 8.40625, 6], "texture": "#2"}
			}
		},
		{
			"from": [6.67228, -2.4, 8.3],
			"to": [7.77728, -1.84, 9.6],
			"rotation": {"angle": 0, "axis": "y", "origin": [7.37228, -1.7, 13.8]},
			"faces": {
				"north": {"uv": [7, 5.75, 8.40625, 6], "texture": "#2"},
				"east": {"uv": [7, 5.75, 8.40625, 6], "texture": "#2"},
				"south": {"uv": [7, 5.75, 8.40625, 6], "texture": "#2"},
				"west": {"uv": [7, 5.75, 8.40625, 6], "texture": "#2"},
				"up": {"uv": [7, 5.75, 8.40625, 6], "texture": "#2"},
				"down": {"uv": [7, 5.75, 8.40625, 6], "texture": "#2"}
			}
		},
		{
			"from": [6.27328, -1.979, 9.701],
			"to": [6.83128, -1.001, 10.799],
			"rotation": {"angle": 45, "axis": "z", "origin": [6.97228, -1.7, 15.2]},
			"faces": {
				"north": {"uv": [7, 5.75, 8.40625, 6], "texture": "#2"},
				"east": {"uv": [7, 5.75, 8.40625, 6], "texture": "#2"},
				"south": {"uv": [7, 5.75, 8.40625, 6], "texture": "#2"},
				"west": {"uv": [7, 5.75, 8.40625, 6], "texture": "#2"},
				"up": {"uv": [7, 5.75, 8.40625, 6], "texture": "#2"},
				"down": {"uv": [7, 5.75, 8.40625, 6], "texture": "#2"}
			}
		},
		{
			"from": [7.63338, -1.979, 9.701],
			"to": [8.19138, -1.001, 10.799],
			"rotation": {"angle": -45, "axis": "z", "origin": [7.49238, -1.7, 15.2]},
			"faces": {
				"north": {"uv": [7, 5.75, 8.40625, 6], "texture": "#2"},
				"east": {"uv": [7, 5.75, 8.40625, 6], "texture": "#2"},
				"south": {"uv": [7, 5.75, 8.40625, 6], "texture": "#2"},
				"west": {"uv": [7, 5.75, 8.40625, 6], "texture": "#2"},
				"up": {"uv": [7, 5.75, 8.40625, 6], "texture": "#2"},
				"down": {"uv": [7, 5.75, 8.40625, 6], "texture": "#2"}
			}
		},
		{
			"from": [9.99207, -2.60022, 9.8],
			"to": [10.65207, -1.52022, 10.7],
			"rotation": {"angle": -22.5, "axis": "z", "origin": [10.27207, -2.11022, 10.25]},
			"faces": {
				"north": {"uv": [9.25, 7.5, 9.53125, 7.76563], "texture": "#3"},
				"east": {"uv": [9.25, 7.5, 9.53125, 7.76563], "texture": "#3"},
				"south": {"uv": [9.25, 7.5, 9.53125, 7.76563], "texture": "#3"},
				"west": {"uv": [9.25, 8, 9.53125, 8.26563], "texture": "#3"},
				"up": {"uv": [9.92188, 2.53125, 9.75, 2.25], "texture": "#3"},
				"down": {"uv": [2.67188, 9.75, 2.5, 10.03125], "texture": "#3"}
			}
		},
		{
			"from": [9.1468, -2.63849, 9.8],
			"to": [9.7068, -1.65849, 10.7],
			"rotation": {"angle": 22.5, "axis": "z", "origin": [9.4268, -2.14849, 10.25]},
			"faces": {
				"north": {"uv": [3.5, 9.5, 3.78125, 9.75], "texture": "#3"},
				"east": {"uv": [9.5, 3.25, 9.78125, 3.5], "texture": "#3"},
				"south": {"uv": [3.5, 9.5, 3.78125, 9.75], "texture": "#3"},
				"west": {"uv": [3.5, 9.5, 3.78125, 9.75], "texture": "#3"},
				"up": {"uv": [2.39063, 10.28125, 2.25, 10], "texture": "#3"},
				"down": {"uv": [3.14063, 10, 3, 10.28125], "texture": "#3"}
			}
		},
		{
			"from": [9.35553, -2.70844, 9.7999],
			"to": [10.43573, -2.04824, 10.7001],
			"rotation": {"angle": 0, "axis": "y", "origin": [9.84563, -2.32834, 10.25]},
			"faces": {
				"north": {"uv": [9.51563, 7, 9.25, 7.28125], "texture": "#3"},
				"east": {"uv": [2, 9.75, 2.28125, 9.92188], "texture": "#3"},
				"south": {"uv": [9.51563, 7, 9.25, 7.28125], "texture": "#3"},
				"west": {"uv": [9.75, 2, 10.03125, 2.17188], "texture": "#3"},
				"up": {"uv": [9.51563, 6.78125, 9.25, 6.5], "texture": "#3"},
				"down": {"uv": [9.51563, 7, 9.25, 7.28125], "texture": "#3"}
			}
		},
		{
			"from": [9.27729, -2.39096, 9.702],
			"to": [10.35329, -0.99496, 10.798],
			"rotation": {"angle": 0, "axis": "y", "origin": [9.86529, -1.69296, 9.6]},
			"faces": {
				"north": {"uv": [7, 5.75, 8.40625, 6], "texture": "#2"},
				"east": {"uv": [7, 5.75, 8.40625, 6], "texture": "#2"},
				"south": {"uv": [7, 5.75, 8.40625, 6], "texture": "#2"},
				"west": {"uv": [7, 5.75, 8.40625, 6], "texture": "#2"},
				"up": {"uv": [7, 5.75, 8.40625, 6], "texture": "#2"},
				"down": {"uv": [7, 5.75, 8.40625, 6], "texture": "#2"}
			}
		},
		{
			"from": [8.87328, -1.979, 9.701],
			"to": [9.43128, -1.001, 10.799],
			"rotation": {"angle": 45, "axis": "z", "origin": [9.57228, -1.7, 15.2]},
			"faces": {
				"north": {"uv": [7, 5.75, 8.40625, 6], "texture": "#2"},
				"east": {"uv": [7, 5.75, 8.40625, 6], "texture": "#2"},
				"south": {"uv": [7, 5.75, 8.40625, 6], "texture": "#2"},
				"west": {"uv": [7, 5.75, 8.40625, 6], "texture": "#2"},
				"up": {"uv": [7, 5.75, 8.40625, 6], "texture": "#2"},
				"down": {"uv": [7, 5.75, 8.40625, 6], "texture": "#2"}
			}
		},
		{
			"from": [10.23338, -1.979, 9.701],
			"to": [10.79138, -1.001, 10.799],
			"rotation": {"angle": -45, "axis": "z", "origin": [10.09238, -1.7, 15.2]},
			"faces": {
				"north": {"uv": [7, 5.75, 8.40625, 6], "texture": "#2"},
				"east": {"uv": [7, 5.75, 8.40625, 6], "texture": "#2"},
				"south": {"uv": [7, 5.75, 8.40625, 6], "texture": "#2"},
				"west": {"uv": [7, 5.75, 8.40625, 6], "texture": "#2"},
				"up": {"uv": [7, 5.75, 8.40625, 6], "texture": "#2"},
				"down": {"uv": [7, 5.75, 8.40625, 6], "texture": "#2"}
			}
		},
		{
			"from": [6.67328, -2.399, 9.701],
			"to": [7.77628, -1.841, 10.799],
			"rotation": {"angle": 0, "axis": "y", "origin": [7.37228, -1.7, 15.2]},
			"faces": {
				"north": {"uv": [7, 5.75, 8.40625, 6], "texture": "#2"},
				"east": {"uv": [7, 5.75, 8.40625, 6], "texture": "#2"},
				"south": {"uv": [7, 5.75, 8.40625, 6], "texture": "#2"},
				"west": {"uv": [7, 5.75, 8.40625, 6], "texture": "#2"},
				"up": {"uv": [7, 5.75, 8.40625, 6], "texture": "#2"},
				"down": {"uv": [7, 5.75, 8.40625, 6], "texture": "#2"}
			}
		},
		{
			"from": [7.70938, -1.778, 5.202],
			"to": [8.26538, -0.802, 10.798],
			"rotation": {"angle": -45, "axis": "z", "origin": [7.56738, -1.5, 9.6]},
			"faces": {
				"north": {"uv": [7, 5.75, 8.40625, 6], "texture": "#2"},
				"east": {"uv": [7, 5.75, 8.40625, 6], "texture": "#2"},
				"south": {"uv": [7, 5.75, 8.40625, 6], "texture": "#2"},
				"west": {"uv": [7, 5.75, 8.40625, 6], "texture": "#2"},
				"up": {"uv": [7, 5.75, 8.40625, 6], "texture": "#2"},
				"down": {"uv": [7, 5.75, 8.40625, 6], "texture": "#2"}
			}
		},
		{
			"from": [6.77729, -2.19096, 5.202],
			"to": [7.85329, -0.79496, 10.798],
			"rotation": {"angle": 0, "axis": "y", "origin": [7.36529, -1.49296, 9.6]},
			"faces": {
				"north": {"uv": [7, 5.75, 8.40625, 6], "texture": "#2"},
				"east": {"uv": [7, 5.75, 8.40625, 6], "texture": "#2"},
				"south": {"uv": [7, 5.75, 8.40625, 6], "texture": "#2"},
				"west": {"uv": [7, 5.75, 8.40625, 6], "texture": "#2"},
				"up": {"uv": [7, 5.75, 8.40625, 6], "texture": "#2"},
				"down": {"uv": [7, 5.75, 8.40625, 6], "texture": "#2"}
			}
		},
		{
			"from": [6.68233, 1.6, 8],
			"to": [6.68233, 13.6, 15.5],
			"rotation": {"angle": 0, "axis": "y", "origin": [8.68233, 1.6, 10]},
			"faces": {
				"north": {"uv": [0, 12, 0, 0], "texture": "#4"},
				"east": {"uv": [2, 12, 0, 0], "texture": "#4"},
				"south": {"uv": [0, 0, 0, 12], "texture": "#4"},
				"west": {"uv": [0, 12, 2, 0], "texture": "#4"},
				"up": {"uv": [0, 0, 0, 2], "texture": "#4"},
				"down": {"uv": [0, 2, 0, 0], "texture": "#4"}
			}
		},
		{
			"from": [6.68233, 1.6, 0.5],
			"to": [6.68233, 13.6, 8],
			"rotation": {"angle": 0, "axis": "y", "origin": [8.68233, 1.6, 6]},
			"faces": {
				"north": {"uv": [0, 0, 0, 12], "texture": "#4"},
				"east": {"uv": [0, 12, 2, 0], "texture": "#4"},
				"south": {"uv": [0, 12, 0, 0], "texture": "#4"},
				"west": {"uv": [2, 12, 0, 0], "texture": "#4"},
				"up": {"uv": [0, 2, 0, 0], "texture": "#4"},
				"down": {"uv": [0, 0, 0, 2], "texture": "#4"}
			}
		},
		{
			"from": [10.08233, 1.6, 8],
			"to": [10.08233, 12.6, 14.5],
			"rotation": {"angle": 0, "axis": "y", "origin": [12.08233, -0.4, 10]},
			"faces": {
				"north": {"uv": [0, 12, 0, 0], "texture": "#4"},
				"east": {"uv": [2, 12, 0, 0], "texture": "#4"},
				"south": {"uv": [0, 0, 0, 12], "texture": "#4"},
				"west": {"uv": [0, 12, 2, 0], "texture": "#4"},
				"up": {"uv": [0, 0, 0, 2], "texture": "#4"},
				"down": {"uv": [0, 2, 0, 0], "texture": "#4"}
			}
		},
		{
			"from": [10.08233, 1.6, 1.5],
			"to": [10.08233, 12.6, 8],
			"rotation": {"angle": 0, "axis": "y", "origin": [12.08233, -0.4, 6]},
			"faces": {
				"north": {"uv": [0, 0, 0, 12], "texture": "#4"},
				"east": {"uv": [0, 12, 2, 0], "texture": "#4"},
				"south": {"uv": [0, 12, 0, 0], "texture": "#4"},
				"west": {"uv": [2, 12, 0, 0], "texture": "#4"},
				"up": {"uv": [0, 2, 0, 0], "texture": "#4"},
				"down": {"uv": [0, 0, 0, 2], "texture": "#4"}
			}
		},
		{
			"from": [6.68233, 1.6, 8],
			"to": [6.68233, 13.6, 15.5],
			"rotation": {"angle": 0, "axis": "y", "origin": [8.68233, 1.6, 10]},
			"faces": {
				"north": {"uv": [0, 0, 0, 2.5], "texture": "#3"},
				"east": {"uv": [0, 0, 1.875, 2.5], "texture": "#3"},
				"south": {"uv": [0, 0, 0, 2.5], "texture": "#3"},
				"west": {"uv": [2, 0, 3.875, 2.5], "texture": "#3"},
				"up": {"uv": [0, 1.875, 0, 0], "texture": "#3"},
				"down": {"uv": [0, 0, 0, 1.875], "texture": "#3"}
			}
		},
		{
			"from": [10.08233, 2.1, 8],
			"to": [10.08233, 10.1, 14.5],
			"rotation": {"angle": 0, "axis": "z", "origin": [12.08233, 2.1, 10]},
			"faces": {
				"north": {"uv": [0, 0, 0, 2], "texture": "#3"},
				"east": {"uv": [0, 0, 1.875, 2.5], "texture": "#3"},
				"south": {"uv": [0, 0, 0, 2], "texture": "#3"},
				"west": {"uv": [2, 0, 3.875, 2.5], "texture": "#3"},
				"up": {"uv": [0, 1.625, 0, 0], "texture": "#3"},
				"down": {"uv": [0, 0, 0, 1.625], "texture": "#3"}
			}
		},
		{
			"from": [6.68233, 0.6, 0.5],
			"to": [6.68233, 12.6, 8],
			"rotation": {"angle": 0, "axis": "y", "origin": [8.68233, 0.6, 6]},
			"faces": {
				"north": {"uv": [0, 0, 0, 2.5], "texture": "#3"},
				"east": {"uv": [2, 0, 3.875, 2.5], "texture": "#3"},
				"south": {"uv": [0, 0, 0, 2.5], "texture": "#3"},
				"west": {"uv": [0, 0, 1.875, 2.5], "texture": "#3"},
				"up": {"uv": [0, 1.875, 0, 0], "texture": "#3"},
				"down": {"uv": [0, 0, 0, 1.875], "texture": "#3"}
			}
		},
		{
			"from": [10.08233, 2.1, 1.5],
			"to": [10.08233, 10.1, 8],
			"rotation": {"angle": 0, "axis": "z", "origin": [12.08233, 2.1, 6]},
			"faces": {
				"north": {"uv": [0, 0, 0, 2], "texture": "#3"},
				"east": {"uv": [2, 0, 3.875, 2.5], "texture": "#3"},
				"south": {"uv": [0, 0, 0, 2], "texture": "#3"},
				"west": {"uv": [0, 0, 1.875, 2.5], "texture": "#3"},
				"up": {"uv": [0, 1.625, 0, 0], "texture": "#3"},
				"down": {"uv": [0, 0, 0, 1.625], "texture": "#3"}
			}
		},
		{
			"from": [5.48233, -1.7, 6.6],
			"to": [5.48233, 0.3, 9.4],
			"rotation": {"angle": 0, "axis": "y", "origin": [5.48233, -0.2, 8]},
			"faces": {
				"north": {"uv": [0, 0, 0, 10], "texture": "#1"},
				"east": {"uv": [16, 0, 8, 10], "texture": "#1"},
				"south": {"uv": [0, 0, 0, 10], "texture": "#1"},
				"west": {"uv": [8, 0, 16, 10], "texture": "#1"},
				"up": {"uv": [0, 8, 0, 0], "texture": "#1"},
				"down": {"uv": [0, 0, 0, 8], "texture": "#1"}
			}
		}
	],
	"gui_light": "front",
	"display": {
		"thirdperson_righthand": {
			"rotation": [-90, 0, 180],
			"translation": [0.75, -2, 10.5],
			"scale": [0.9918, 1.10117, 0.9]
		},
		"thirdperson_lefthand": {
			"rotation": [90, 0, 0],
			"translation": [0.75, -2, 9.25],
			"scale": [0.98203, 1.04062, 0.9]
		},
		"firstperson_righthand": {
			"rotation": [-14.67, -2.47, -154.33],
			"translation": [10.5, -3.75, -2.5],
			"scale": [1.25, 1.25, 1.25]
		},
		"firstperson_lefthand": {
			"rotation": [174.88, 14.52, -26.26],
			"translation": [8, -8, -3.75],
			"scale": [1.5, 1.5, 1.5]
		},
		"ground": {
			"translation": [0, 15.75, 0],
			"scale": [1.5, 1.5, 1.5]
		},
		"gui": {
			"rotation": [-97.75, -46.5, 90],
			"translation": [-1.75, -2.5, 0]
		},
		"head": {
			"rotation": [0, -90, 0],
			"translation": [0, 28.25, 0],
			"scale": [2, 2, 2]
		},
		"fixed": {
			"rotation": [-90, -82.5, -9.75],
			"translation": [0, 0, -31.5],
			"scale": [3, 3, 3]
		}
	},
	"groups": [
		{
			"name": "gauntlet",
			"origin": [9.8, 6.7, 5],
			"color": 0,
			"children": [
				{
					"name": "group",
					"origin": [17.73584, 2.40873, 8.081],
					"color": 0,
					"children": []
				},
				{
					"name": "group",
					"origin": [5.28233, -0.2, 8],
					"color": 0,
					"children": [
						0,
						1,
						2,
						3,
						4,
						5,
						6,
						7,
						8,
						9,
						10,
						11,
						12,
						13,
						14,
						15,
						16,
						17,
						18,
						19,
						20,
						21,
						22,
						23,
						24,
						25,
						26,
						27,
						28,
						29,
						30,
						31,
						32,
						33,
						34,
						35,
						36,
						37,
						38,
						39,
						40,
						41,
						42,
						43,
						44,
						45,
						46,
						47,
						48,
						49,
						50,
						51,
						52,
						53,
						54,
						55,
						56,
						57,
						58,
						59,
						60,
						61,
						62
					]
				}
			]
		}
	]
}