{
	"credit": "Made with Blockbench",
	"textures": {
		"0": "./envy"
	},
	"elements": [
		{
			"name": "crossbow",
			"from": [7.36817, 3.31823, 3.88649],
			"to": [8.63184, 5.59558, 10.20487],
			"rotation": {"angle": 0, "axis": "y", "origin": [8, 0, 8]},
			"faces": {
				"north": {"uv": [4.8, 7.2, 5.6, 8.8], "texture": "#0"},
				"east": {"uv": [0, 4.8, 4, 6.2], "texture": "#0"},
				"south": {"uv": [5.6, 7.2, 6.4, 8.8], "texture": "#0"},
				"west": {"uv": [0, 4.8, 4, 6.2], "texture": "#0"},
				"up": {"uv": [0.8, 10.4, 0, 6.4], "texture": "#0"},
				"down": {"uv": [1.6, 6.4, 0.8, 10.4], "texture": "#0"}
			}
		},
		{
			"name": "crossbow",
			"from": [7.49453, 0.79361, 9.6994],
			"to": [8.50547, 3.32096, 10.71034],
			"rotation": {"angle": -22.5, "axis": "x", "origin": [8, 1.17271, 9.57303]},
			"faces": {
				"north": {"uv": [3.2, 9.6, 3.8, 11.2], "texture": "#0"},
				"east": {"uv": [4, 9.6, 4.6, 11.2], "texture": "#0"},
				"south": {"uv": [4.8, 9.6, 5.4, 11.2], "texture": "#0"},
				"west": {"uv": [9.6, 4.8, 10.2, 6.4], "texture": "#0"},
				"up": {"uv": [0.6, 11.8, 0, 11.2], "texture": "#0"},
				"down": {"uv": [11.8, 0, 11.2, 0.6], "texture": "#0"}
			}
		},
		{
			"name": "crossbow",
			"from": [7.36817, 0.62586, 9.56836],
			"to": [8.63184, 1.2577, 10.83204],
			"rotation": {"angle": 0, "axis": "y", "origin": [8, 0, 8]},
			"faces": {
				"north": {"uv": [6.4, 11.2, 7.2, 11.6], "texture": "#0"},
				"east": {"uv": [11.2, 6.4, 12, 6.8], "texture": "#0"},
				"south": {"uv": [7.2, 11.2, 8, 11.6], "texture": "#0"},
				"west": {"uv": [11.2, 7.2, 12, 7.6], "texture": "#0"},
				"up": {"uv": [11.2, 4.8, 10.4, 4], "texture": "#0"},
				"down": {"uv": [11.2, 4.8, 10.4, 5.6], "texture": "#0"}
			}
		},
		{
			"name": "crossbow",
			"from": [7.35237, 2.61958, 9.46209],
			"to": [8.64763, 3.88326, 15.78047],
			"rotation": {"angle": 22.5, "axis": "x", "origin": [8, 2.87232, 14.13768]},
			"faces": {
				"north": {"uv": [9.6, 9.6, 10.4, 10.4], "texture": "#0"},
				"east": {"uv": [1.6, 6.4, 5.6, 7.2], "texture": "#0"},
				"south": {"uv": [0, 10.4, 0.8, 11.2], "texture": "#0"},
				"west": {"uv": [5.6, 6.4, 9.6, 7.2], "texture": "#0"},
				"up": {"uv": [2.4, 11.2, 1.6, 7.2], "texture": "#0"},
				"down": {"uv": [3.2, 7.2, 2.4, 11.2], "texture": "#0"}
			}
		},
		{
			"name": "crossbow",
			"from": [7.35237, 1.35591, 13.25311],
			"to": [8.64763, 2.61958, 15.78046],
			"rotation": {"angle": 22.5, "axis": "x", "origin": [8, 2.87232, 14.13768]},
			"faces": {
				"north": {"uv": [0.8, 10.4, 1.6, 11.2], "texture": "#0"},
				"east": {"uv": [8, 7.2, 9.6, 8], "texture": "#0"},
				"south": {"uv": [10.4, 3.2, 11.2, 4], "texture": "#0"},
				"west": {"uv": [8, 8, 9.6, 8.8], "texture": "#0"},
				"up": {"uv": [9.6, 1.6, 8.8, 0], "texture": "#0"},
				"down": {"uv": [9.6, 1.6, 8.8, 3.2], "texture": "#0"}
			}
		},
		{
			"name": "crossbow",
			"from": [7.47874, 1.48227, 15.78046],
			"to": [8.52126, 3.75689, 16.15956],
			"rotation": {"angle": 22.5, "axis": "x", "origin": [8, 2.87232, 14.13768]},
			"faces": {
				"north": {"uv": [9.6, 8, 10.2, 9.4], "texture": "#0"},
				"east": {"uv": [11.2, 8.8, 11.4, 10.2], "texture": "#0"},
				"south": {"uv": [8.8, 9.6, 9.4, 11], "texture": "#0"},
				"west": {"uv": [10.4, 11.2, 10.6, 12.6], "texture": "#0"},
				"up": {"uv": [10.2, 12.2, 9.6, 12], "texture": "#0"},
				"down": {"uv": [12.6, 9.6, 12, 9.8], "texture": "#0"}
			}
		},
		{
			"name": "crossbow",
			"from": [7.68408, 3.32096, 10.20487],
			"to": [8.31592, 4.58464, 12.47949],
			"rotation": {"angle": 0, "axis": "y", "origin": [8, 0, 8]},
			"faces": {
				"north": {"uv": [5.6, 11.2, 6, 12], "texture": "#0"},
				"east": {"uv": [9.6, 1.6, 11, 2.4], "texture": "#0"},
				"south": {"uv": [11.2, 5.6, 11.6, 6.4], "texture": "#0"},
				"west": {"uv": [9.6, 2.4, 11, 3.2], "texture": "#0"},
				"up": {"uv": [8.4, 11.8, 8, 10.4], "texture": "#0"},
				"down": {"uv": [10.8, 8, 10.4, 9.4], "texture": "#0"}
			}
		},
		{
			"name": "crossbow",
			"from": [6.73632, 4.32531, 1.99098],
			"to": [9.26367, 5.58899, 4.51833],
			"rotation": {"angle": 45, "axis": "y", "origin": [8, 4.3569, 3.25466]},
			"faces": {
				"north": {"uv": [6.4, 7.2, 8, 8], "texture": "#0"},
				"east": {"uv": [6.4, 8, 8, 8.8], "texture": "#0"},
				"south": {"uv": [8, 5.6, 9.6, 6.4], "texture": "#0"},
				"west": {"uv": [6.4, 8, 8, 8.8], "texture": "#0"},
				"up": {"uv": [4.8, 8.8, 3.2, 7.2], "texture": "#0"},
				"down": {"uv": [4.8, 7.2, 3.2, 8.8], "texture": "#0"}
			}
		},
		{
			"name": "crossbow",
			"from": [7.68408, 1.88176, 7.6866],
			"to": [8.31592, 2.13449, 9.58211],
			"rotation": {"angle": 0, "axis": "y", "origin": [8, 0, 8]},
			"faces": {
				"north": {"uv": [0.8, 12.8, 1.2, 13], "texture": "#0"},
				"east": {"uv": [11.2, 10.4, 12.4, 10.6], "texture": "#0"},
				"south": {"uv": [12.8, 0.8, 13.2, 1], "texture": "#0"},
				"west": {"uv": [11.2, 11.2, 12.4, 11.4], "texture": "#0"},
				"up": {"uv": [10, 11.6, 9.6, 10.4], "texture": "#0"},
				"down": {"uv": [10.8, 9.6, 10.4, 10.8], "texture": "#0"}
			}
		},
		{
			"name": "crossbow",
			"from": [7.68408, 1.85797, 7.3143],
			"to": [8.31592, 3.24801, 7.56704],
			"rotation": {"angle": -22.5, "axis": "x", "origin": [8, 2.80574, 7.44067]},
			"faces": {
				"north": {"uv": [11.2, 8, 11.6, 8.8], "texture": "#0"},
				"east": {"uv": [0, 12, 0.2, 12.8], "texture": "#0"},
				"south": {"uv": [8.8, 11.2, 9.2, 12], "texture": "#0"},
				"west": {"uv": [12, 0, 12.2, 0.8], "texture": "#0"},
				"up": {"uv": [2, 13, 1.6, 12.8], "texture": "#0"},
				"down": {"uv": [13.2, 1.6, 12.8, 1.8], "texture": "#0"}
			}
		},
		{
			"name": "crossbow",
			"from": [7.81046, 2.33169, 8.55847],
			"to": [8.18956, 3.21626, 8.81121],
			"rotation": {"angle": 22.5, "axis": "x", "origin": [8, 2.77398, 8.68483]},
			"faces": {
				"north": {"uv": [11.2, 12, 11.4, 12.6], "texture": "#0"},
				"east": {"uv": [12, 12, 12.2, 12.6], "texture": "#0"},
				"south": {"uv": [0, 12.8, 0.2, 13.4], "texture": "#0"},
				"west": {"uv": [12.8, 0, 13, 0.6], "texture": "#0"},
				"up": {"uv": [4.2, 13, 4, 12.8], "texture": "#0"},
				"down": {"uv": [13, 4, 12.8, 4.2], "texture": "#0"}
			}
		},
		{
			"name": "crossbow",
			"from": [3.68555, 4.93214, 1.46756],
			"to": [6.2129, 6.19582, 2.73124],
			"rotation": {"angle": 45, "axis": "y", "origin": [6.2129, 4.93214, 1.46756]},
			"faces": {
				"north": {"uv": [3.2, 8.8, 4.8, 9.6], "texture": "#0"},
				"east": {"uv": [5.6, 10.4, 6.4, 11.2], "texture": "#0"},
				"south": {"uv": [8.8, 3.2, 10.4, 4], "texture": "#0"},
				"west": {"uv": [10.4, 5.6, 11.2, 6.4], "texture": "#0"},
				"up": {"uv": [10.4, 4.8, 8.8, 4], "texture": "#0"},
				"down": {"uv": [6.4, 8.8, 4.8, 9.6], "texture": "#0"}
			}
		},
		{
			"name": "crossbow",
			"from": [1.03183, 4.93214, 1.46756],
			"to": [3.55918, 6.19582, 2.73124],
			"rotation": {"angle": 45, "axis": "y", "origin": [3.55918, 4.93214, 1.46756]},
			"faces": {
				"north": {"uv": [6.4, 8.8, 8, 9.6], "texture": "#0"},
				"east": {"uv": [6.4, 10.4, 7.2, 11.2], "texture": "#0"},
				"south": {"uv": [8, 8.8, 9.6, 9.6], "texture": "#0"},
				"west": {"uv": [7.2, 10.4, 8, 11.2], "texture": "#0"},
				"up": {"uv": [11.2, 0.8, 9.6, 0], "texture": "#0"},
				"down": {"uv": [11.2, 0.8, 9.6, 1.6], "texture": "#0"}
			}
		},
		{
			"name": "crossbow",
			"from": [0.25523, 5.04588, 1.95006],
			"to": [1.29144, 6.08209, 2.98627],
			"rotation": {"angle": 45, "axis": "y", "origin": [3.2375, 5.04588, 1.95006]},
			"faces": {
				"north": {"uv": [1.6, 11.2, 2.2, 11.8], "texture": "#0"},
				"south": {"uv": [11.2, 1.6, 11.8, 2.2], "texture": "#0"},
				"west": {"uv": [2.4, 11.2, 3, 11.8], "texture": "#0"},
				"up": {"uv": [11.8, 3, 11.2, 2.4], "texture": "#0"},
				"down": {"uv": [3.8, 11.2, 3.2, 11.8], "texture": "#0"}
			}
		},
		{
			"name": "crossbow",
			"from": [0.82685, 5.17022, 4.05317],
			"to": [1.61437, 5.95774, 4.84069],
			"rotation": {"angle": -22.5, "axis": "y", "origin": [0.96788, 5.56398, 4.9524]},
			"faces": {
				"east": {"uv": [0.8, 12, 1.2, 12.4], "texture": "#0"},
				"south": {"uv": [12, 0.8, 12.4, 1.2], "texture": "#0"},
				"west": {"uv": [1.6, 12, 2, 12.4], "texture": "#0"},
				"up": {"uv": [12.4, 2, 12, 1.6], "texture": "#0"},
				"down": {"uv": [2.8, 12, 2.4, 12.4], "texture": "#0"}
			}
		},
		{
			"name": "crossbow",
			"from": [0.90425, 5.24111, 4.7949],
			"to": [1.55002, 5.88687, 5.44066],
			"rotation": {"angle": 0, "axis": "y", "origin": [8, 0, 8]},
			"faces": {
				"east": {"uv": [12, 2.4, 12.4, 2.8], "texture": "#0"},
				"south": {"uv": [3.2, 12, 3.6, 12.4], "texture": "#0"},
				"west": {"uv": [12, 3.2, 12.4, 3.6], "texture": "#0"},
				"up": {"uv": [4.4, 12.4, 4, 12], "texture": "#0"},
				"down": {"uv": [12.4, 4, 12, 4.4], "texture": "#0"}
			}
		},
		{
			"name": "crossbow",
			"from": [4.4632, 5.03324, 1.1134],
			"to": [5.49941, 6.06945, 2.14961],
			"rotation": {"angle": 45, "axis": "y", "origin": [5.13144, 5.55135, 1.03287]},
			"faces": {
				"north": {"uv": [11.2, 3.2, 11.8, 3.8], "texture": "#0"},
				"east": {"uv": [4, 11.2, 4.6, 11.8], "texture": "#0"},
				"west": {"uv": [11.2, 4, 11.8, 4.6], "texture": "#0"},
				"up": {"uv": [5.4, 11.8, 4.8, 11.2], "texture": "#0"},
				"down": {"uv": [11.8, 4.8, 11.2, 5.4], "texture": "#0"}
			}
		},
		{
			"name": "crossbow",
			"from": [4.59721, 5.15759, 0.58762],
			"to": [5.38473, 5.94511, 1.37514],
			"rotation": {"angle": 22.5, "axis": "y", "origin": [5.13144, 5.55135, 1.03287]},
			"faces": {
				"north": {"uv": [12, 7.2, 12.4, 7.6], "texture": "#0"},
				"east": {"uv": [8, 12, 8.4, 12.4], "texture": "#0"},
				"west": {"uv": [12, 8, 12.4, 8.4], "texture": "#0"},
				"up": {"uv": [9.2, 12.4, 8.8, 12], "texture": "#0"},
				"down": {"uv": [12.4, 8.8, 12, 9.2], "texture": "#0"}
			}
		},
		{
			"name": "crossbow",
			"from": [4.49142, 5.22846, 0.18052],
			"to": [5.13719, 5.87422, 0.82629],
			"rotation": {"angle": 0, "axis": "y", "origin": [8, 0, 8]},
			"faces": {
				"north": {"uv": [5.6, 12, 6, 12.4], "texture": "#0"},
				"east": {"uv": [12, 5.6, 12.4, 6], "texture": "#0"},
				"west": {"uv": [6.4, 12, 6.8, 12.4], "texture": "#0"},
				"up": {"uv": [12.4, 6.8, 12, 6.4], "texture": "#0"},
				"down": {"uv": [7.6, 12, 7.2, 12.4], "texture": "#0"}
			}
		},
		{
			"name": "crossbow",
			"from": [2.98603, 5.05851, 2.30241],
			"to": [5.51338, 6.06945, 3.31335],
			"rotation": {"angle": 0, "axis": "y", "origin": [8, 0, 8]},
			"faces": {
				"north": {"uv": [5.6, 9.6, 7.2, 10.2], "texture": "#0"},
				"east": {"uv": [0.8, 11.2, 1.4, 11.8], "texture": "#0"},
				"south": {"uv": [9.6, 6.4, 11.2, 7], "texture": "#0"},
				"west": {"uv": [11.2, 0.8, 11.8, 1.4], "texture": "#0"},
				"up": {"uv": [8.8, 10.2, 7.2, 9.6], "texture": "#0"},
				"down": {"uv": [11.2, 7.2, 9.6, 7.8], "texture": "#0"}
			}
		},
		{
			"name": "crossbow",
			"from": [9.7871, 4.93214, 1.46756],
			"to": [12.31445, 6.19582, 2.73124],
			"rotation": {"angle": -45, "axis": "y", "origin": [9.7871, 4.93214, 1.46756]},
			"faces": {
				"north": {"uv": [4.8, 8.8, 3.2, 9.6], "texture": "#0"},
				"east": {"uv": [11.2, 5.6, 10.4, 6.4], "texture": "#0"},
				"south": {"uv": [10.4, 3.2, 8.8, 4], "texture": "#0"},
				"west": {"uv": [6.4, 10.4, 5.6, 11.2], "texture": "#0"},
				"up": {"uv": [8.8, 4.8, 10.4, 4], "texture": "#0"},
				"down": {"uv": [4.8, 8.8, 6.4, 9.6], "texture": "#0"}
			}
		},
		{
			"name": "crossbow",
			"from": [10.48662, 5.05851, 2.30241],
			"to": [13.01397, 6.06945, 3.31335],
			"rotation": {"angle": 0, "axis": "y", "origin": [8, 0, 8]},
			"faces": {
				"north": {"uv": [7.2, 9.6, 5.6, 10.2], "texture": "#0"},
				"east": {"uv": [11.8, 0.8, 11.2, 1.4], "texture": "#0"},
				"south": {"uv": [11.2, 6.4, 9.6, 7], "texture": "#0"},
				"west": {"uv": [1.4, 11.2, 0.8, 11.8], "texture": "#0"},
				"up": {"uv": [7.2, 10.2, 8.8, 9.6], "texture": "#0"},
				"down": {"uv": [9.6, 7.2, 11.2, 7.8], "texture": "#0"}
			}
		},
		{
			"name": "crossbow",
			"from": [10.50059, 5.03324, 1.1134],
			"to": [11.5368, 6.06945, 2.14961],
			"rotation": {"angle": -45, "axis": "y", "origin": [10.86856, 5.55135, 1.03287]},
			"faces": {
				"north": {"uv": [11.8, 3.2, 11.2, 3.8], "texture": "#0"},
				"east": {"uv": [11.8, 4, 11.2, 4.6], "texture": "#0"},
				"west": {"uv": [4.6, 11.2, 4, 11.8], "texture": "#0"},
				"up": {"uv": [4.8, 11.8, 5.4, 11.2], "texture": "#0"},
				"down": {"uv": [11.2, 4.8, 11.8, 5.4], "texture": "#0"}
			}
		},
		{
			"name": "crossbow",
			"from": [10.61527, 5.15759, 0.58762],
			"to": [11.40279, 5.94511, 1.37514],
			"rotation": {"angle": -22.5, "axis": "y", "origin": [10.86856, 5.55135, 1.03287]},
			"faces": {
				"north": {"uv": [12.4, 7.2, 12, 7.6], "texture": "#0"},
				"east": {"uv": [12.4, 8, 12, 8.4], "texture": "#0"},
				"west": {"uv": [8.4, 12, 8, 12.4], "texture": "#0"},
				"up": {"uv": [8.8, 12.4, 9.2, 12], "texture": "#0"},
				"down": {"uv": [12, 8.8, 12.4, 9.2], "texture": "#0"}
			}
		},
		{
			"name": "crossbow",
			"from": [10.86282, 5.22846, 0.18052],
			"to": [11.50859, 5.87422, 0.82629],
			"rotation": {"angle": 0, "axis": "y", "origin": [8, 0, 8]},
			"faces": {
				"north": {"uv": [6, 12, 5.6, 12.4], "texture": "#0"},
				"east": {"uv": [6.8, 12, 6.4, 12.4], "texture": "#0"},
				"west": {"uv": [12.4, 5.6, 12, 6], "texture": "#0"},
				"up": {"uv": [12, 6.8, 12.4, 6.4], "texture": "#0"},
				"down": {"uv": [7.2, 12, 7.6, 12.4], "texture": "#0"}
			}
		},
		{
			"name": "crossbow",
			"from": [12.44082, 4.93214, 1.46756],
			"to": [14.96817, 6.19582, 2.73124],
			"rotation": {"angle": -45, "axis": "y", "origin": [12.44082, 4.93214, 1.46756]},
			"faces": {
				"north": {"uv": [8, 8.8, 6.4, 9.6], "texture": "#0"},
				"east": {"uv": [8, 10.4, 7.2, 11.2], "texture": "#0"},
				"south": {"uv": [9.6, 8.8, 8, 9.6], "texture": "#0"},
				"west": {"uv": [7.2, 10.4, 6.4, 11.2], "texture": "#0"},
				"up": {"uv": [9.6, 0.8, 11.2, 0], "texture": "#0"},
				"down": {"uv": [9.6, 0.8, 11.2, 1.6], "texture": "#0"}
			}
		},
		{
			"name": "crossbow",
			"from": [14.70856, 5.04588, 1.95006],
			"to": [15.74477, 6.08209, 2.98627],
			"rotation": {"angle": -45, "axis": "y", "origin": [12.7625, 5.04588, 1.95006]},
			"faces": {
				"north": {"uv": [2.2, 11.2, 1.6, 11.8], "texture": "#0"},
				"east": {"uv": [3, 11.2, 2.4, 11.8], "texture": "#0"},
				"south": {"uv": [11.8, 1.6, 11.2, 2.2], "texture": "#0"},
				"up": {"uv": [11.2, 3, 11.8, 2.4], "texture": "#0"},
				"down": {"uv": [3.2, 11.2, 3.8, 11.8], "texture": "#0"}
			}
		},
		{
			"name": "crossbow",
			"from": [14.38563, 5.17022, 4.05317],
			"to": [15.17315, 5.95774, 4.84069],
			"rotation": {"angle": 22.5, "axis": "y", "origin": [15.03212, 5.56398, 4.9524]},
			"faces": {
				"east": {"uv": [2, 12, 1.6, 12.4], "texture": "#0"},
				"south": {"uv": [12.4, 0.8, 12, 1.2], "texture": "#0"},
				"west": {"uv": [1.2, 12, 0.8, 12.4], "texture": "#0"},
				"up": {"uv": [12, 2, 12.4, 1.6], "texture": "#0"},
				"down": {"uv": [2.4, 12, 2.8, 12.4], "texture": "#0"}
			}
		},
		{
			"name": "crossbow",
			"from": [14.44998, 5.24111, 4.7949],
			"to": [15.09575, 5.88687, 5.44066],
			"rotation": {"angle": 0, "axis": "y", "origin": [8, 0, 8]},
			"faces": {
				"east": {"uv": [12.4, 3.2, 12, 3.6], "texture": "#0"},
				"south": {"uv": [3.6, 12, 3.2, 12.4], "texture": "#0"},
				"west": {"uv": [12.4, 2.4, 12, 2.8], "texture": "#0"},
				"up": {"uv": [4, 12.4, 4.4, 12], "texture": "#0"},
				"down": {"uv": [12, 4, 12.4, 4.4], "texture": "#0"}
			}
		},
		{
			"name": "crossbow",
			"from": [7.72199, 5.44393, 9.87631],
			"to": [8.27801, 5.99995, 10.15432],
			"rotation": {"angle": -45, "axis": "z", "origin": [8, 5.72194, 9.87631]},
			"faces": {
				"north": {"uv": [4.8, 12, 5.2, 12.4], "texture": "#0"},
				"east": {"uv": [2.4, 12.8, 2.6, 13.2], "texture": "#0"},
				"south": {"uv": [12, 4.8, 12.4, 5.2], "texture": "#0"},
				"west": {"uv": [12.8, 2.4, 13, 2.8], "texture": "#0"},
				"up": {"uv": [3.6, 13, 3.2, 12.8], "texture": "#0"},
				"down": {"uv": [13.2, 3.2, 12.8, 3.4], "texture": "#0"}
			}
		},
		{
			"name": "crossbow",
			"from": [1.04978, 5.7605, 4.93519],
			"to": [14.95021, 5.7605, 5.46019],
			"rotation": {"angle": 0, "axis": "y", "origin": [8, 0, 8]},
			"faces": {
				"north": {"uv": [0, 0, 11, 0], "texture": "#0"},
				"east": {"uv": [0, 0, 4, 0], "texture": "#0"},
				"south": {"uv": [0, 0, 11, 0], "texture": "#0"},
				"west": {"uv": [0, 0, 4, 0], "texture": "#0"},
				"up": {"uv": [8.8, 3, 1, 3.2], "texture": "#0"},
				"down": {"uv": [8.8, 3, 0, 3.2], "texture": "#0"}
			}
		}
	],
	"display": {
		"thirdperson_righthand": {
			"translation": [0, 8.5, 0],
			"scale": [1.16992, 1.44922, 1.36133]
		},
		"thirdperson_lefthand": {
			"translation": [0, 8, 0],
			"scale": [1.05664, 1.5, 1.18164]
		},
		"firstperson_righthand": {
			"rotation": [0, 0, 29],
			"translation": [-1.25, 6, 5.75]
		},
		"firstperson_lefthand": {
			"rotation": [21, 0, 0],
			"translation": [0, 4.5, 3.5]
		},
		"ground": {
			"translation": [0, 17.75, 0],
			"scale": [2.41602, 2.23242, 2.41797]
		},
		"gui": {
			"rotation": [90, 133, -47],
			"translation": [-1.75, 1.75, 0],
			"scale": [1.18, 1, 0.97]
		},
		"head": {
			"rotation": [-55.25, 0, 0],
			"translation": [22.75, 4, -9.5],
			"scale": [2.06445, 2.2207, 2.19531]
		},
		"fixed": {
			"rotation": [119.5, -0.75, -180],
			"translation": [0, 11.5, -23.75],
			"scale": [4, 4, 4]
		}
	},
	"groups": [
		{
			"name": "rightitem",
			"origin": [8, 0, 8],
			"color": 0,
			"children": [
				{
					"name": "crossbow",
					"origin": [8, 4.61544, 5.64742],
					"color": 1,
					"children": [0, 1, 2, 3, 4, 5, 6, 7, 8, 9, 10, 11, 12, 13, 14, 15, 16, 17, 18, 19, 20, 21, 22, 23, 24, 25, 26, 27, 28, 29, 30]
				}
			]
		}
	]
}