{"textures":{"0":"modelengine:entity/vault_gale_7"},"elements":[{"from":[-8.5,-8.166668,8.0],"to":[24.5,24.833332,8.0],"faces":{"south":{"uv":[16.0,0.0,0.0,16.0],"tintindex":0,"rotation":0,"texture":"#0"},"north":{"uv":[0.0,0.0,16.0,16.0],"tintindex":0,"rotation":0,"texture":"#0"}}},{"from":[-8.5,7.333333,-8.5],"to":[24.5,7.333333,24.5],"faces":{"up":{"uv":[0.0,16.0,16.0,0.0],"tintindex":0,"rotation":0,"texture":"#0"},"down":{"uv":[0.0,0.0,16.0,16.0],"tintindex":0,"rotation":0,"texture":"#0"}}},{"from":[8.0,-8.166668,-8.5],"to":[8.0,24.833332,24.5],"faces":{"east":{"uv":[16.0,0.0,0.0,16.0],"tintindex":0,"rotation":0,"texture":"#0"},"west":{"uv":[0.0,0.0,16.0,16.0],"tintindex":0,"rotation":0,"texture":"#0"}}}],"display":{"gui":{"rotation":[30,225,0]}}}