{
	"credit": "Made with Blockbench",
	"texture_size": [64, 64],
	"textures": {
		"2": "./main"
	},
	"elements": [
		{
			"from": [16.1, 10, 2],
			"to": [16.1, 26, 9],
			"rotation": {"angle": 45, "axis": "y", "origin": [14.1, 19, 3]},
			"faces": {
				"north": {"uv": [4.75, 9.5, 4.75, 13.5], "texture": "#2"},
				"east": {"uv": [0, 0, 1.75, 4], "texture": "#2"},
				"south": {"uv": [4.75, 9.5, 4.75, 13.5], "texture": "#2"},
				"west": {"uv": [2, 0, 3.75, 4], "texture": "#2"},
				"up": {"uv": [3.75, 7.5, 3.75, 5.75], "texture": "#2"},
				"down": {"uv": [5, 9.5, 5, 11.25], "texture": "#2"}
			}
		},
		{
			"from": [1, 4, 0],
			"to": [8, 9, 2],
			"rotation": {"angle": 0, "axis": "y", "origin": [2, 7, 0]},
			"faces": {
				"north": {"uv": [0, 4.25, 1.75, 5.5], "texture": "#2"},
				"east": {"uv": [6.5, 7.25, 7, 8.5], "texture": "#2"},
				"south": {"uv": [2, 4.25, 3.75, 5.5], "texture": "#2"},
				"west": {"uv": [7.25, 7.25, 7.75, 8.5], "texture": "#2"},
				"up": {"uv": [8.25, 6.25, 6.5, 5.75], "texture": "#2"},
				"down": {"uv": [8.25, 6.5, 6.5, 7], "texture": "#2"}
			}
		},
		{
			"from": [5, 9, 0],
			"to": [11, 11, 0],
			"rotation": {"angle": 0, "axis": "y", "origin": [8, 9, 0]},
			"faces": {
				"north": {"uv": [7, 3.75, 8.5, 4.25], "texture": "#2"},
				"east": {"uv": [3.25, 8.5, 3.25, 9], "texture": "#2"},
				"south": {"uv": [7, 4.5, 8.5, 5], "texture": "#2"},
				"west": {"uv": [3.25, 8.5, 3.25, 9], "texture": "#2"},
				"up": {"uv": [11.25, 3, 9.75, 3], "texture": "#2"},
				"down": {"uv": [11.25, 3, 9.75, 3], "texture": "#2"}
			}
		},
		{
			"from": [8, 4, 0],
			"to": [15, 9, 2],
			"rotation": {"angle": 0, "axis": "y", "origin": [14, 7, 0]},
			"faces": {
				"north": {"uv": [2, 4.25, 3.75, 5.5], "texture": "#2"},
				"east": {"uv": [3.75, 8, 4.25, 9.25], "texture": "#2"},
				"south": {"uv": [0, 4.25, 1.75, 5.5], "texture": "#2"},
				"west": {"uv": [4.5, 8, 5, 9.25], "texture": "#2"},
				"up": {"uv": [8.5, 0.5, 6.75, 0], "texture": "#2"},
				"down": {"uv": [8.25, 6.5, 6.5, 7], "texture": "#2"}
			}
		},
		{
			"from": [11, 9, 0],
			"to": [15, 14, 2],
			"rotation": {"angle": 0, "axis": "y", "origin": [13, 8, 0]},
			"faces": {
				"north": {"uv": [5.75, 2.75, 6.75, 4], "texture": "#2"},
				"east": {"uv": [8, 7.25, 8.5, 8.5], "texture": "#2"},
				"south": {"uv": [5.75, 4.25, 6.75, 5.5], "texture": "#2"},
				"west": {"uv": [0, 8.5, 0.5, 9.75], "texture": "#2"},
				"up": {"uv": [9.75, 2, 8.75, 1.5], "texture": "#2"},
				"down": {"uv": [9.75, 6.75, 8.75, 7.25], "texture": "#2"}
			}
		},
		{
			"from": [11.91537, 13.37724, -0.05],
			"to": [13.76537, 23.15224, 2],
			"rotation": {"angle": -22.5, "axis": "z", "origin": [13, 16, 0]},
			"faces": {
				"north": {"uv": [3, 5.75, 3.46094, 8.19531], "texture": "#2"},
				"east": {"uv": [0, 5.75, 0.51563, 8.19531], "texture": "#2"},
				"south": {"uv": [5.75, 5.75, 6.21094, 8.19531], "texture": "#2"},
				"west": {"uv": [5.75, 0, 6.26563, 2.44531], "texture": "#2"},
				"up": {"uv": [8.71094, 9.26563, 8.25, 8.75], "texture": "#2"},
				"down": {"uv": [9.46094, 2.25, 9, 2.76563], "texture": "#2"}
			}
		},
		{
			"from": [14.59415, 22.31492, 0],
			"to": [16.44415, 24.08992, 2],
			"rotation": {"angle": 0, "axis": "y", "origin": [15.67878, 24.93767, 0]},
			"faces": {
				"north": {"uv": [9.75, 9, 10.21094, 9.44531], "texture": "#2"},
				"east": {"uv": [9.75, 0.75, 10.25, 1.19531], "texture": "#2"},
				"south": {"uv": [9.75, 9.75, 10.21094, 10.19531], "texture": "#2"},
				"west": {"uv": [9.75, 2.25, 10.25, 2.69531], "texture": "#2"},
				"up": {"uv": [9.96094, 5.75, 9.5, 5.25], "texture": "#2"},
				"down": {"uv": [9.96094, 6, 9.5, 6.5], "texture": "#2"}
			}
		},
		{
			"from": [13.91537, 13.37724, -0.05],
			"to": [15.76537, 18.15224, 2],
			"rotation": {"angle": -22.5, "axis": "z", "origin": [15, 16, 0]},
			"faces": {
				"north": {"uv": [8.75, 3.75, 9.21094, 4.94531], "texture": "#2"},
				"east": {"uv": [2.25, 8.5, 2.76563, 9.69531], "texture": "#2"},
				"south": {"uv": [6.25, 8.75, 6.71094, 9.94531], "texture": "#2"},
				"west": {"uv": [5.25, 8.5, 5.76563, 9.69531], "texture": "#2"},
				"up": {"uv": [9.46094, 8.76563, 9, 8.25], "texture": "#2"},
				"down": {"uv": [9.46094, 9.25, 9, 9.76563], "texture": "#2"}
			}
		},
		{
			"from": [1, 9, 0],
			"to": [5, 14, 2],
			"rotation": {"angle": 0, "axis": "y", "origin": [3, 8, 0]},
			"faces": {
				"north": {"uv": [5.75, 4.25, 6.75, 5.5], "texture": "#2"},
				"east": {"uv": [0.75, 8.5, 1.25, 9.75], "texture": "#2"},
				"south": {"uv": [5.75, 2.75, 6.75, 4], "texture": "#2"},
				"west": {"uv": [1.5, 8.5, 2, 9.75], "texture": "#2"},
				"up": {"uv": [8, 9.25, 7, 8.75], "texture": "#2"},
				"down": {"uv": [9.75, 7.5, 8.75, 8], "texture": "#2"}
			}
		},
		{
			"from": [2.23463, 13.37724, -0.05],
			"to": [4.08463, 23.15224, 2],
			"rotation": {"angle": 22.5, "axis": "z", "origin": [3, 16, 0]},
			"faces": {
				"north": {"uv": [5.75, 5.75, 6.21094, 8.19531], "texture": "#2"},
				"east": {"uv": [1, 5.75, 1.51563, 8.19531], "texture": "#2"},
				"south": {"uv": [3, 5.75, 3.46094, 8.19531], "texture": "#2"},
				"west": {"uv": [2, 5.75, 2.51563, 8.19531], "texture": "#2"},
				"up": {"uv": [3.71094, 10.01563, 3.25, 9.5], "texture": "#2"},
				"down": {"uv": [9.96094, 3.25, 9.5, 3.76563], "texture": "#2"}
			}
		},
		{
			"from": [-0.44415, 22.31492, 0],
			"to": [1.40585, 24.08992, 2],
			"rotation": {"angle": 0, "axis": "y", "origin": [0.32122, 24.93767, 0]},
			"faces": {
				"north": {"uv": [0, 10, 0.46094, 10.44531], "texture": "#2"},
				"east": {"uv": [7.75, 9.75, 8.25, 10.19531], "texture": "#2"},
				"south": {"uv": [0.75, 10, 1.21094, 10.44531], "texture": "#2"},
				"west": {"uv": [9.75, 8.25, 10.25, 8.69531], "texture": "#2"},
				"up": {"uv": [7.46094, 10, 7, 9.5], "texture": "#2"},
				"down": {"uv": [10.21094, 0, 9.75, 0.5], "texture": "#2"}
			}
		},
		{
			"from": [0.23463, 13.37724, -0.05],
			"to": [2.08463, 18.15224, 2],
			"rotation": {"angle": 22.5, "axis": "z", "origin": [1, 16, 0]},
			"faces": {
				"north": {"uv": [6.25, 8.75, 6.71094, 9.94531], "texture": "#2"},
				"east": {"uv": [8.5, 5.25, 9.01563, 6.44531], "texture": "#2"},
				"south": {"uv": [8.75, 3.75, 9.21094, 4.94531], "texture": "#2"},
				"west": {"uv": [8.75, 0, 9.26563, 1.19531], "texture": "#2"},
				"up": {"uv": [4.46094, 10.01563, 4, 9.5], "texture": "#2"},
				"down": {"uv": [9.96094, 4.25, 9.5, 4.76563], "texture": "#2"}
			}
		},
		{
			"from": [20.29156, 17.8, 6.51735],
			"to": [20.29156, 32, 12.51735],
			"rotation": {"angle": 22.5, "axis": "y", "origin": [18.29156, 35.2, 7.51735]},
			"faces": {
				"north": {"uv": [8.5, 9.75, 8.5, 13.29688], "texture": "#2"},
				"east": {"uv": [4, 0, 5.5, 3.54688], "texture": "#2"},
				"south": {"uv": [8.5, 9.75, 8.5, 13.29688], "texture": "#2"},
				"west": {"uv": [4, 4, 5.5, 7.54688], "texture": "#2"},
				"up": {"uv": [8.75, 11.25, 8.75, 9.75], "texture": "#2"},
				"down": {"uv": [3, 10, 3, 11.5], "texture": "#2"}
			}
		},
		{
			"from": [-0.1, 10, 2],
			"to": [-0.1, 26, 9],
			"rotation": {"angle": -45, "axis": "y", "origin": [1.9, 19, 3]},
			"faces": {
				"north": {"uv": [4.75, 9.5, 4.75, 13.5], "texture": "#2"},
				"east": {"uv": [0, 0, 1.75, 4], "texture": "#2"},
				"south": {"uv": [4.75, 9.5, 4.75, 13.5], "texture": "#2"},
				"west": {"uv": [2, 0, 3.75, 4], "texture": "#2"},
				"up": {"uv": [3.75, 7.5, 3.75, 5.75], "texture": "#2"},
				"down": {"uv": [5, 9.5, 5, 11.25], "texture": "#2"}
			}
		},
		{
			"from": [-4.29178, 17.8, 6.51767],
			"to": [-4.29178, 32, 12.51767],
			"rotation": {"angle": -22.5, "axis": "y", "origin": [-2.29178, 35.2, 7.51767]},
			"faces": {
				"north": {"uv": [8.5, 9.75, 8.5, 13.29688], "texture": "#2"},
				"east": {"uv": [4, 0, 5.5, 3.54688], "texture": "#2"},
				"south": {"uv": [8.5, 9.75, 8.5, 13.29688], "texture": "#2"},
				"west": {"uv": [4, 4, 5.5, 7.54688], "texture": "#2"},
				"up": {"uv": [8.75, 11.25, 8.75, 9.75], "texture": "#2"},
				"down": {"uv": [3, 10, 3, 11.5], "texture": "#2"}
			}
		},
		{
			"from": [1, 3.8, 0],
			"to": [8, 4, 2],
			"rotation": {"angle": 0, "axis": "y", "origin": [2, 6, 0]},
			"faces": {
				"north": {"uv": [10, 1.5, 11.75, 1.54688], "texture": "#2"},
				"east": {"uv": [7, 5.25, 7.5, 5.29688], "texture": "#2"},
				"south": {"uv": [10, 6.75, 11.75, 6.79688], "texture": "#2"},
				"west": {"uv": [7.75, 5.25, 8.25, 5.29688], "texture": "#2"},
				"up": {"uv": [8.5, 1.25, 6.75, 0.75], "texture": "#2"},
				"down": {"uv": [8.5, 1.5, 6.75, 2], "texture": "#2"}
			}
		},
		{
			"from": [8, 3.8, 0],
			"to": [15, 4, 2],
			"rotation": {"angle": 0, "axis": "y", "origin": [14, 6, 0]},
			"faces": {
				"north": {"uv": [10, 7.25, 11.75, 7.29688], "texture": "#2"},
				"east": {"uv": [1.5, 10, 2, 10.04688], "texture": "#2"},
				"south": {"uv": [10, 7.75, 11.75, 7.79688], "texture": "#2"},
				"west": {"uv": [2.25, 10, 2.75, 10.04688], "texture": "#2"},
				"up": {"uv": [8.75, 2.75, 7, 2.25], "texture": "#2"},
				"down": {"uv": [8.75, 3, 7, 3.5], "texture": "#2"}
			}
		}
	],
	"display": {
		"thirdperson_righthand": {
			"rotation": [65.26, 39.25, 1.45],
			"translation": [-0.5, -1, 1.5],
			"scale": [0.26367, 0.26367, 0.26367]
		},
		"thirdperson_lefthand": {
			"scale": [0, 0, 0]
		},
		"firstperson_righthand": {
			"rotation": [0, 124, 0],
			"translation": [10, 0, -10],
			"scale": [0.82422, 0.82422, 0.82422]
		},
		"firstperson_lefthand": {
			"rotation": [0, 180, 0],
			"translation": [3.5, 0, -10.75],
			"scale": [0, 0, 0]
		},
		"ground": {
			"translation": [0, 5.25, 0],
			"scale": [0.5, 0.5, 0.5]
		},
		"gui": {
			"rotation": [-154.82, 47.29, 179.22],
			"translation": [1.25, -4.25, 0],
			"scale": [0.5, 0.5, 0.5]
		},
		"head": {
			"translation": [0, 4.5, 1.75],
			"scale": [1.05273, 1.05859, 1.14648]
		},
		"fixed": {
			"translation": [0, -4, 0]
		}
	},
	"groups": [
		{
			"name": "group",
			"origin": [14, 6, 0],
			"color": 0,
			"children": [0, 1, 2, 3, 4, 5, 6, 7, 8, 9, 10, 11, 12, 13, 14, 15, 16]
		}
	]
}