{
	"credit": "Made with Blockbench",
	"texture_size": [64, 64],
	"textures": {
		"0": "./texture",
		"particle": "./texture"
	},
	"elements": [
		{
			"from": [7, -12, 0],
			"to": [14, 5, 2],
			"rotation": {"angle": 22.5, "axis": "z", "origin": [7, -7, 0]},
			"faces": {
				"north": {"uv": [0, 0, 1.75, 4.25], "texture": "#0"},
				"east": {"uv": [4.75, 6, 5.25, 10.25], "texture": "#0"},
				"south": {"uv": [1.75, 0, 3.5, 4.25], "texture": "#0"},
				"west": {"uv": [5.25, 6, 5.75, 10.25], "texture": "#0"},
				"up": {"uv": [11, 5.25, 9.25, 4.75], "texture": "#0"},
				"down": {"uv": [11.5, 5.25, 9.75, 5.75], "texture": "#0"}
			}
		},
		{
			"from": [7, -12, 6],
			"to": [14, 5, 8],
			"rotation": {"angle": 22.5, "axis": "z", "origin": [7, -7, 0]},
			"faces": {
				"north": {"uv": [3.5, 0, 5.25, 4.25], "texture": "#0"},
				"east": {"uv": [6.75, 6, 7.25, 10.25], "texture": "#0"},
				"south": {"uv": [0, 4.25, 1.75, 8.5], "texture": "#0"},
				"west": {"uv": [7.25, 0, 7.75, 4.25], "texture": "#0"},
				"up": {"uv": [11.5, 6.25, 9.75, 5.75], "texture": "#0"},
				"down": {"uv": [11.5, 6.25, 9.75, 6.75], "texture": "#0"}
			}
		},
		{
			"from": [12, -12, 2],
			"to": [14, 5, 6],
			"rotation": {"angle": 22.5, "axis": "z", "origin": [7, -7, 0]},
			"faces": {
				"north": {"uv": [5.75, 6, 6.25, 10.25], "texture": "#0"},
				"east": {"uv": [5.25, 0, 6.25, 4.25], "texture": "#0"},
				"south": {"uv": [6.25, 0, 6.75, 4.25], "texture": "#0"},
				"west": {"uv": [1.75, 6, 2.75, 10.25], "texture": "#0"},
				"up": {"uv": [2.25, 11.25, 1.75, 10.25], "texture": "#0"},
				"down": {"uv": [2.75, 10.25, 2.25, 11.25], "texture": "#0"}
			}
		},
		{
			"from": [8, -14.6, 2],
			"to": [12, -12.6, 6],
			"rotation": {"angle": 22.5, "axis": "z", "origin": [0, -7, -7]},
			"faces": {
				"north": {"uv": [3.75, 10.25, 4.75, 10.75], "texture": "#0"},
				"east": {"uv": [4.75, 10.25, 5.75, 10.75], "texture": "#0"},
				"south": {"uv": [5.75, 10.25, 6.75, 10.75], "texture": "#0"},
				"west": {"uv": [10.25, 6.75, 11.25, 7.25], "texture": "#0"},
				"up": {"uv": [9.75, 6.5, 8.75, 5.5], "texture": "#0"},
				"down": {"uv": [9.75, 6.5, 8.75, 7.5], "texture": "#0"}
			}
		},
		{
			"from": [7, -12, 2],
			"to": [9, 5, 6],
			"rotation": {"angle": 22.5, "axis": "z", "origin": [7, -7, 0]},
			"faces": {
				"north": {"uv": [6.25, 6, 6.75, 10.25], "texture": "#0"},
				"east": {"uv": [2.75, 6, 3.75, 10.25], "texture": "#0"},
				"south": {"uv": [6.75, 0, 7.25, 4.25], "texture": "#0"},
				"west": {"uv": [3.75, 6, 4.75, 10.25], "texture": "#0"},
				"up": {"uv": [3.25, 11.25, 2.75, 10.25], "texture": "#0"},
				"down": {"uv": [3.75, 10.25, 3.25, 11.25], "texture": "#0"}
			}
		},
		{
			"from": [6, -3, 5],
			"to": [7, 10, 6],
			"rotation": {"angle": 0, "axis": "y", "origin": [0, -7, -7]},
			"faces": {
				"north": {"uv": [1.5, 8.5, 1.75, 11.75], "texture": "#0"},
				"east": {"uv": [9.75, 9.75, 10, 13], "texture": "#0"},
				"south": {"uv": [10, 6.75, 10.25, 10], "texture": "#0"},
				"west": {"uv": [7.25, 10, 7.5, 13.25], "texture": "#0"},
				"up": {"uv": [9.5, 5.5, 9.25, 5.25], "texture": "#0"},
				"down": {"uv": [9.75, 5.25, 9.5, 5.5], "texture": "#0"}
			}
		},
		{
			"from": [5, 10, 5.5],
			"to": [8, 12, 5.5],
			"rotation": {"angle": 0, "axis": "y", "origin": [0, -7, -7]},
			"faces": {
				"north": {"uv": [10.25, 9.25, 11, 9.75], "texture": "#0"},
				"east": {"uv": [0, 0, 0, 0.5], "texture": "#0"},
				"south": {"uv": [10.25, 9.75, 11, 10.25], "texture": "#0"},
				"west": {"uv": [0, 0, 0, 0.5], "texture": "#0"},
				"up": {"uv": [0.75, 0, 0, 0], "texture": "#0"},
				"down": {"uv": [0.75, 0, 0, 0], "texture": "#0"}
			}
		},
		{
			"from": [4, 1, 3],
			"to": [5, 12, 4],
			"rotation": {"angle": 0, "axis": "y", "origin": [0, -7, -7]},
			"faces": {
				"north": {"uv": [7.5, 10, 7.75, 12.75], "texture": "#0"},
				"east": {"uv": [8.25, 10, 8.5, 12.75], "texture": "#0"},
				"south": {"uv": [8.5, 10, 8.75, 12.75], "texture": "#0"},
				"west": {"uv": [10, 10, 10.25, 12.75], "texture": "#0"},
				"up": {"uv": [10, 7, 9.75, 6.75], "texture": "#0"},
				"down": {"uv": [10, 7, 9.75, 7.25], "texture": "#0"}
			}
		},
		{
			"from": [4.5, 13, 1],
			"to": [4.5, 16, 6],
			"rotation": {"angle": 0, "axis": "y", "origin": [0, -7, -7]},
			"faces": {
				"north": {"uv": [0, 0, 0, 0.75], "texture": "#0"},
				"east": {"uv": [8.75, 7.5, 10, 8.25], "texture": "#0"},
				"south": {"uv": [0, 0, 0, 0.75], "texture": "#0"},
				"west": {"uv": [8.75, 8.25, 10, 9], "texture": "#0"},
				"up": {"uv": [0, 1.25, 0, 0], "texture": "#0"},
				"down": {"uv": [0, 0, 0, 1.25], "texture": "#0"}
			}
		},
		{
			"from": [6.5, 12, 3],
			"to": [6.5, 15, 8],
			"rotation": {"angle": 0, "axis": "y", "origin": [0, -7, -7]},
			"faces": {
				"north": {"uv": [0, 0, 0, 0.75], "texture": "#0"},
				"east": {"uv": [9.25, 1.75, 10.5, 2.5], "texture": "#0"},
				"south": {"uv": [0, 0, 0, 0.75], "texture": "#0"},
				"west": {"uv": [9.25, 2.5, 10.5, 3.25], "texture": "#0"},
				"up": {"uv": [0, 1.25, 0, 0], "texture": "#0"},
				"down": {"uv": [0, 0, 0, 1.25], "texture": "#0"}
			}
		},
		{
			"from": [4.5, 11, 2],
			"to": [4.5, 13, 5],
			"rotation": {"angle": 0, "axis": "y", "origin": [0, -7, -7]},
			"faces": {
				"north": {"uv": [0, 0, 0, 0.5], "texture": "#0"},
				"east": {"uv": [10.25, 7.25, 11, 7.75], "texture": "#0"},
				"south": {"uv": [0, 0, 0, 0.5], "texture": "#0"},
				"west": {"uv": [10.25, 7.75, 11, 8.25], "texture": "#0"},
				"up": {"uv": [0, 0.75, 0, 0], "texture": "#0"},
				"down": {"uv": [0, 0, 0, 0.75], "texture": "#0"}
			}
		},
		{
			"from": [6.5, 10, 4],
			"to": [6.5, 12, 7],
			"rotation": {"angle": 0, "axis": "y", "origin": [0, -7, -7]},
			"faces": {
				"north": {"uv": [0, 0, 0, 0.5], "texture": "#0"},
				"east": {"uv": [10.25, 10.25, 11, 10.75], "texture": "#0"},
				"south": {"uv": [0, 0, 0, 0.5], "texture": "#0"},
				"west": {"uv": [10.5, 1, 11.25, 1.5], "texture": "#0"},
				"up": {"uv": [0, 0.75, 0, 0], "texture": "#0"},
				"down": {"uv": [0, 0, 0, 0.75], "texture": "#0"}
			}
		},
		{
			"from": [2, 13, 3.5],
			"to": [7, 16, 3.5],
			"rotation": {"angle": 0, "axis": "y", "origin": [0, -7, -7]},
			"faces": {
				"north": {"uv": [8.75, 9, 10, 9.75], "texture": "#0"},
				"east": {"uv": [0, 0, 0, 0.75], "texture": "#0"},
				"south": {"uv": [9.25, 1, 10.5, 1.75], "texture": "#0"},
				"west": {"uv": [0, 0, 0, 0.75], "texture": "#0"},
				"up": {"uv": [1.25, 0, 0, 0], "texture": "#0"},
				"down": {"uv": [1.25, 0, 0, 0], "texture": "#0"}
			}
		},
		{
			"from": [4, 12, 5.5],
			"to": [9, 15, 5.5],
			"rotation": {"angle": 0, "axis": "y", "origin": [0, -7, -7]},
			"faces": {
				"north": {"uv": [9.25, 3.25, 10.5, 4], "texture": "#0"},
				"east": {"uv": [0, 0, 0, 0.75], "texture": "#0"},
				"south": {"uv": [9.25, 4, 10.5, 4.75], "texture": "#0"},
				"west": {"uv": [0, 0, 0, 0.75], "texture": "#0"},
				"up": {"uv": [1.25, 0, 0, 0], "texture": "#0"},
				"down": {"uv": [1.25, 0, 0, 0], "texture": "#0"}
			}
		},
		{
			"from": [3, 11, 3.5],
			"to": [6, 13, 3.5],
			"rotation": {"angle": 0, "axis": "y", "origin": [0, -7, -7]},
			"faces": {
				"north": {"uv": [10.25, 8.25, 11, 8.75], "texture": "#0"},
				"east": {"uv": [0, 0, 0, 0.5], "texture": "#0"},
				"south": {"uv": [10.25, 8.75, 11, 9.25], "texture": "#0"},
				"west": {"uv": [0, 0, 0, 0.5], "texture": "#0"},
				"up": {"uv": [0.75, 0, 0, 0], "texture": "#0"},
				"down": {"uv": [0.75, 0, 0, 0], "texture": "#0"}
			}
		},
		{
			"from": [7, -1, 6.1],
			"to": [9, 8, 8.1],
			"rotation": {"angle": 22.5, "axis": "z", "origin": [0, -7, 0]},
			"faces": {
				"north": {"uv": [0.5, 8.5, 1, 10.75], "texture": "#0"},
				"east": {"uv": [1, 8.5, 1.5, 10.75], "texture": "#0"},
				"south": {"uv": [8.75, 1, 9.25, 3.25], "texture": "#0"},
				"west": {"uv": [8.75, 3.25, 9.25, 5.5], "texture": "#0"},
				"up": {"uv": [11, 2.5, 10.5, 2], "texture": "#0"},
				"down": {"uv": [11, 2.5, 10.5, 3], "texture": "#0"}
			}
		},
		{
			"from": [7, -11, 16],
			"to": [9, 8, 18],
			"rotation": {"angle": 22.5, "axis": "z", "origin": [0, -7, 0]},
			"faces": {
				"north": {"uv": [7.25, 6, 7.75, 10], "texture": "#0"},
				"east": {"uv": [7.75, 0, 8.25, 4], "texture": "#0"},
				"south": {"uv": [7.75, 4, 8.25, 8], "texture": "#0"},
				"west": {"uv": [7.75, 8, 8.25, 12], "texture": "#0"},
				"up": {"uv": [7.25, 10.75, 6.75, 10.25], "texture": "#0"},
				"down": {"uv": [11, 1.5, 10.5, 2], "texture": "#0"}
			}
		},
		{
			"from": [7, 8, 6],
			"to": [9, 10, 18],
			"rotation": {"angle": 22.5, "axis": "z", "origin": [0, -7, 0]},
			"faces": {
				"north": {"uv": [10.5, 3, 11, 3.5], "texture": "#0"},
				"east": {"uv": [8.25, 0, 11.25, 0.5], "texture": "#0"},
				"south": {"uv": [10.5, 3.5, 11, 4], "texture": "#0"},
				"west": {"uv": [8.25, 0.5, 11.25, 1], "texture": "#0"},
				"up": {"uv": [8.75, 4, 8.25, 1], "texture": "#0"},
				"down": {"uv": [8.75, 4, 8.25, 7], "texture": "#0"}
			}
		},
		{
			"from": [6, -16, 6],
			"to": [8, -13, 18],
			"rotation": {"angle": 45, "axis": "z", "origin": [0, -7, 0]},
			"faces": {
				"north": {"uv": [8.75, 9.75, 9.25, 11.5], "texture": "#0"},
				"east": {"uv": [1.75, 4.25, 4.75, 6], "texture": "#0"},
				"south": {"uv": [9.25, 9.75, 9.75, 11.5], "texture": "#0"},
				"west": {"uv": [4.75, 4.25, 7.75, 6], "texture": "#0"},
				"up": {"uv": [8.75, 10, 8.25, 7], "texture": "#0"},
				"down": {"uv": [0.5, 8.5, 0, 11.5], "texture": "#0"}
			}
		}
	],
	"display": {
		"thirdperson_righthand": {
			"rotation": [62, 0, 0],
			"translation": [0, 0.25, 2],
			"scale": [0.46, 0.43, 0.45]
		},
		"thirdperson_lefthand": {
			"rotation": [62, 0, 0],
			"translation": [0, 0.25, 2],
			"scale": [0.46, 0.43, 0.45]
		},
		"firstperson_righthand": {
			"rotation": [0, 150, -15],
			"translation": [0, 3.5, 1.75],
			"scale": [0.35, 0.36, 0.36]
		},
		"firstperson_lefthand": {
			"rotation": [0, 103, 20],
			"translation": [2.25, 3.5, 1.75],
			"scale": [0.35, 0.36, 0.36]
		},
		"gui": {
			"rotation": [155.89, -54.22, 135.63],
			"translation": [-1.75, 2.25, 0],
			"scale": [0.5, 0.5, 0.5]
		},
		"head": {
			"rotation": [0, 180, 16],
			"translation": [0.25, -63.25, 4.25],
			"scale": [1.04883, 1.21289, 0.76172]
		}
	},
	"groups": [
		0,
		1,
		2,
		{
			"name": "group",
			"origin": [7, 0, 7],
			"color": 0,
			"children": [3]
		},
		4,
		5,
		6,
		7,
		8,
		9,
		10,
		11,
		12,
		13,
		14,
		15,
		16,
		17,
		18
	]
}