{
	"credit": "Made with Blockbench",
	"texture_size": [32, 32],
	"textures": {
		"1": "./texture",
		"2": "./texture1",
		"3": "./texture2",
		"particle": "./texture"
	},
	"elements": [
		{
			"from": [-1.15, 2, -0.0025],
			"to": [11.45, 9.7, -0.0025],
			"rotation": {"angle": 0, "axis": "y", "origin": [2.4, 0, 2.4]},
			"faces": {
				"north": {"uv": [0, 0, 7, 4.5], "texture": "#2"},
				"east": {"uv": [0, 0, 7, 4.5], "texture": "#2"},
				"south": {"uv": [7, 0, 0, 4.5], "texture": "#2"},
				"west": {"uv": [0, 0, 7, 4.5], "texture": "#2"},
				"up": {"uv": [0, 0, 7, 4.5], "texture": "#2"},
				"down": {"uv": [0, 0, 7, 4.5], "texture": "#2"}
			}
		},
		{
			"from": [0, 1.025, 0],
			"to": [10, 1.025, 10],
			"faces": {
				"north": {"uv": [5, 5, 0, 0], "texture": "#3"},
				"east": {"uv": [5, 5, 0, 0], "texture": "#3"},
				"south": {"uv": [5, 5, 0, 0], "texture": "#3"},
				"west": {"uv": [5, 5, 0, 0], "texture": "#3"},
				"up": {"uv": [5, 5, 0, 0], "texture": "#3"},
				"down": {"uv": [5, 0, 0, 5], "texture": "#3"}
			}
		},
		{
			"from": [0, 10.025, 0],
			"to": [10, 10.025, 10],
			"faces": {
				"north": {"uv": [5, 5, 0, 0], "texture": "#3"},
				"east": {"uv": [5, 5, 0, 0], "texture": "#3"},
				"south": {"uv": [5, 5, 0, 0], "texture": "#3"},
				"west": {"uv": [5, 5, 0, 0], "texture": "#3"},
				"up": {"uv": [5, 5, 0, 0], "texture": "#3"},
				"down": {"uv": [5, 0, 0, 5], "texture": "#3"}
			}
		},
		{
			"from": [0, 0, 0],
			"to": [10, 14, 0],
			"faces": {
				"north": {"uv": [0, 0, 5, 7], "texture": "#1"},
				"east": {"uv": [0, 0, 0, 7], "texture": "#1"},
				"south": {"uv": [0, 0, 5, 7], "texture": "#1"},
				"west": {"uv": [0, 0, 0, 7], "texture": "#1"},
				"up": {"uv": [0, 0, 5, 0], "texture": "#1"},
				"down": {"uv": [0, 0, 5, 0], "texture": "#1"}
			}
		},
		{
			"from": [0, 0, 10],
			"to": [10, 14, 10],
			"faces": {
				"north": {"uv": [0, 0, 5, 7], "texture": "#1"},
				"east": {"uv": [0, 0, 0, 7], "texture": "#1"},
				"south": {"uv": [0, 7, 5, 14], "texture": "#1"},
				"west": {"uv": [0, 0, 0, 7], "texture": "#1"},
				"up": {"uv": [0, 0, 5, 0], "texture": "#1"},
				"down": {"uv": [0, 0, 5, 0], "texture": "#1"}
			}
		},
		{
			"from": [0, 0, 0],
			"to": [0, 14, 10],
			"faces": {
				"north": {"uv": [0, 0, 0, 7], "texture": "#1"},
				"east": {"uv": [0, 0, 5, 7], "texture": "#1"},
				"south": {"uv": [0, 0, 0, 7], "texture": "#1"},
				"west": {"uv": [5, 7, 10, 14], "texture": "#1"},
				"up": {"uv": [0, 0, 0, 5], "texture": "#1"},
				"down": {"uv": [0, 0, 0, 5], "texture": "#1"}
			}
		},
		{
			"from": [10, 0, 0],
			"to": [10, 14, 10],
			"faces": {
				"north": {"uv": [0, 0, 0, 7], "texture": "#1"},
				"east": {"uv": [5, 0, 10, 7], "texture": "#1"},
				"south": {"uv": [0, 0, 0, 7], "texture": "#1"},
				"west": {"uv": [0, 0, 5, 7], "texture": "#1"},
				"up": {"uv": [0, 0, 0, 5], "texture": "#1"},
				"down": {"uv": [0, 0, 0, 5], "texture": "#1"}
			}
		}
	],
	"display": {
		"thirdperson_righthand": {
			"rotation": [76.37, -25.63, -2.87],
			"translation": [1.5, 0.5, 2],
			"scale": [0.39844, 0.39844, 0.39844]
		},
		"thirdperson_lefthand": {
			"rotation": [76.37, -25.63, -2.87],
			"translation": [1.5, 0.5, 2],
			"scale": [0.39844, 0.39844, 0.39844]
		},
		"firstperson_righthand": {
			"rotation": [162.11, 52.75, -166.71],
			"translation": [1.5, 5, -1.5],
			"scale": [0.46875, 0.46875, 0.46875]
		},
		"firstperson_lefthand": {
			"rotation": [162.11, 52.75, -166.71],
			"translation": [3.5, 5, -1.5],
			"scale": [0.46875, 0.46875, 0.46875]
		},
		"ground": {
			"translation": [1.75, 5.25, -2.5],
			"scale": [0.74414, 0.74414, 0.74414]
		},
		"gui": {
			"rotation": [-154.82, 47.29, 179.22],
			"translation": [0, 1.75, 0],
			"scale": [0.7, 0.7, 0.7]
		},
		"head": {
			"translation": [4.5, 4.25, 4.5],
			"scale": [1.55, 1.55, 1.55]
		},
		"fixed": {
			"translation": [4, 2.5, 9.25],
			"scale": [1.33008, 1.33008, 1.33008]
		}
	},
	"groups": [
		{
			"name": "group",
			"origin": [0, 0, 0],
			"color": 0,
			"children": [0, 1, 2, 3, 4, 5, 6]
		}
	]
}