{
	"credit": "Made with Blockbench",
	"parent": "majimaskremake",
	"texture_size": [32, 32],
	"textures": {
		"0": "./majimaskremake",
		"particle": "./majimaskremake"
	},
	"elements": [
		{
			"from": [5, 7, 4],
			"to": [11, 8, 5],
			"faces": {
				"north": {"uv": [0.5, 6.5, 3.5, 7], "texture": "#0"},
				"east": {"uv": [0, 6.5, 0.5, 7], "texture": "#0"},
				"south": {"uv": [4, 6.5, 7, 7], "texture": "#0"},
				"west": {"uv": [3.5, 6.5, 4, 7], "texture": "#0"},
				"up": {"uv": [3.5, 6.5, 0.5, 6], "texture": "#0"},
				"down": {"uv": [6.5, 6, 3.5, 6.5], "texture": "#0"}
			}
		},
		{
			"from": [5, 0, 4],
			"to": [11, 1, 5],
			"faces": {
				"north": {"uv": [0.5, 5.5, 3.5, 6], "texture": "#0"},
				"east": {"uv": [0, 5.5, 0.5, 6], "texture": "#0"},
				"south": {"uv": [4, 5.5, 7, 6], "texture": "#0"},
				"west": {"uv": [3.5, 5.5, 4, 6], "texture": "#0"},
				"up": {"uv": [3.5, 5.5, 0.5, 5], "texture": "#0"},
				"down": {"uv": [6.5, 5, 3.5, 5.5], "texture": "#0"}
			}
		},
		{
			"from": [5, 4, 4.4],
			"to": [11, 5, 4.6],
			"faces": {
				"north": {"uv": [6, 3.5, 9, 4], "texture": "#0"},
				"east": {"uv": [6, 3.5, 6, 4], "texture": "#0"},
				"south": {"uv": [9, 3.5, 12, 4], "texture": "#0"},
				"west": {"uv": [9, 3.5, 9, 4], "texture": "#0"},
				"up": {"uv": [9, 3.5, 6, 3.5], "texture": "#0"},
				"down": {"uv": [12, 3.5, 9, 3.5], "texture": "#0"}
			}
		},
		{
			"from": [5, 1, 4.4],
			"to": [11, 2, 4.6],
			"faces": {
				"north": {"uv": [0, 3.5, 3, 4], "texture": "#0"},
				"east": {"uv": [0, 3.5, 0, 4], "texture": "#0"},
				"south": {"uv": [3, 3.5, 6, 4], "texture": "#0"},
				"west": {"uv": [3, 3.5, 3, 4], "texture": "#0"},
				"up": {"uv": [3, 3.5, 0, 3.5], "texture": "#0"},
				"down": {"uv": [6, 3.5, 3, 3.5], "texture": "#0"}
			}
		},
		{
			"from": [11, 1, 4],
			"to": [12, 2, 5],
			"faces": {
				"north": {"uv": [9.5, 3, 10, 3.5], "texture": "#0"},
				"east": {"uv": [9, 3, 9.5, 3.5], "texture": "#0"},
				"south": {"uv": [10.5, 3, 11, 3.5], "texture": "#0"},
				"west": {"uv": [10, 3, 10.5, 3.5], "texture": "#0"},
				"up": {"uv": [10, 3, 9.5, 2.5], "texture": "#0"},
				"down": {"uv": [10.5, 2.5, 10, 3], "texture": "#0"}
			}
		},
		{
			"from": [4.86512, 0.48583, 4.001],
			"to": [5.56312, 1.98383, 4.999],
			"rotation": {"angle": 45, "axis": "z", "origin": [5.16412, 1.23483, 4.5]},
			"faces": {
				"north": {"uv": [0.5, 7, 0.5, 7.5], "texture": "#0"},
				"east": {"uv": [0, 7, 0.5, 7.5], "texture": "#0"},
				"south": {"uv": [1, 7, 1, 7.5], "texture": "#0"},
				"west": {"uv": [0.5, 7, 1, 7.5], "texture": "#0"},
				"up": {"uv": [0.5, 7, 0.5, 6.5], "texture": "#0"},
				"down": {"uv": [0.5, 6.5, 0.5, 7], "texture": "#0"}
			}
		},
		{
			"from": [10.43688, 0.48583, 4.001],
			"to": [11.13488, 1.98383, 4.999],
			"rotation": {"angle": -45, "axis": "z", "origin": [10.83588, 1.23483, 4.5]},
			"faces": {
				"north": {"uv": [0.5, 7, 0.5, 7.5], "texture": "#0"},
				"east": {"uv": [1, 7, 0.5, 7.5], "texture": "#0"},
				"south": {"uv": [1, 7, 1, 7.5], "texture": "#0"},
				"west": {"uv": [0.5, 7, 0, 7.5], "texture": "#0"},
				"up": {"uv": [0.5, 7, 0.5, 6.5], "texture": "#0"},
				"down": {"uv": [0.5, 6.5, 0.5, 7], "texture": "#0"}
			}
		},
		{
			"from": [4, 1, 4],
			"to": [5, 2, 5],
			"faces": {
				"north": {"uv": [7.5, 3, 8, 3.5], "texture": "#0"},
				"east": {"uv": [7, 3, 7.5, 3.5], "texture": "#0"},
				"south": {"uv": [8.5, 3, 9, 3.5], "texture": "#0"},
				"west": {"uv": [8, 3, 8.5, 3.5], "texture": "#0"},
				"up": {"uv": [8, 3, 7.5, 2.5], "texture": "#0"},
				"down": {"uv": [8.5, 2.5, 8, 3], "texture": "#0"}
			}
		},
		{
			"from": [6, 8, 4],
			"to": [10, 9, 5],
			"faces": {
				"north": {"uv": [7, 2, 9, 2.5], "texture": "#0"},
				"east": {"uv": [6.5, 2, 7, 2.5], "texture": "#0"},
				"south": {"uv": [9.5, 2, 11.5, 2.5], "texture": "#0"},
				"west": {"uv": [9, 2, 9.5, 2.5], "texture": "#0"},
				"up": {"uv": [9, 2, 7, 1.5], "texture": "#0"},
				"down": {"uv": [11, 1.5, 9, 2], "texture": "#0"}
			}
		},
		{
			"from": [5, 2, 4],
			"to": [11, 4, 5],
			"faces": {
				"north": {"uv": [0.5, 2.5, 3.5, 3.5], "texture": "#0"},
				"east": {"uv": [0, 2.5, 0.5, 3.5], "texture": "#0"},
				"south": {"uv": [4, 2.5, 7, 3.5], "texture": "#0"},
				"west": {"uv": [3.5, 2.5, 4, 3.5], "texture": "#0"},
				"up": {"uv": [3.5, 2.5, 0.5, 2], "texture": "#0"},
				"down": {"uv": [6.5, 2, 3.5, 2.5], "texture": "#0"}
			}
		},
		{
			"from": [5, 5, 4],
			"to": [11, 7, 5],
			"faces": {
				"north": {"uv": [0.5, 1, 3.5, 2], "texture": "#0"},
				"east": {"uv": [0, 1, 0.5, 2], "texture": "#0"},
				"south": {"uv": [4, 1, 7, 2], "texture": "#0"},
				"west": {"uv": [3.5, 1, 4, 2], "texture": "#0"},
				"up": {"uv": [3.5, 1, 0.5, 0.5], "texture": "#0"},
				"down": {"uv": [6.5, 0.5, 3.5, 1], "texture": "#0"}
			}
		},
		{
			"from": [7, 4, 4],
			"to": [9, 5, 5],
			"faces": {
				"north": {"uv": [7.5, 1, 8.5, 1.5], "texture": "#0"},
				"east": {"uv": [7, 1, 7.5, 1.5], "texture": "#0"},
				"south": {"uv": [9, 1, 10, 1.5], "texture": "#0"},
				"west": {"uv": [8.5, 1, 9, 1.5], "texture": "#0"},
				"up": {"uv": [8.5, 1, 7.5, 0.5], "texture": "#0"},
				"down": {"uv": [9.5, 0.5, 8.5, 1], "texture": "#0"}
			}
		},
		{
			"from": [7.001, 3.001, 3.601],
			"to": [8.999, 4.999, 4.624],
			"rotation": {"angle": 22.5, "axis": "x", "origin": [8, 4, 3.5]},
			"faces": {
				"north": {"uv": [8, 5, 9, 6], "texture": "#0"},
				"east": {"uv": [7.5, 5, 8, 6], "texture": "#0"},
				"south": {"uv": [9.5, 5, 10.5, 6], "texture": "#0"},
				"west": {"uv": [9, 5, 9.5, 6], "texture": "#0"},
				"up": {"uv": [9, 5, 8, 4.5], "texture": "#0"},
				"down": {"uv": [10, 4.5, 9, 5], "texture": "#0"}
			}
		},
		{
			"from": [6.001, 4.726, 4.001],
			"to": [6.999, 5.724, 4.999],
			"rotation": {"angle": -45, "axis": "z", "origin": [6.5, 4.5, 4.5]},
			"faces": {
				"north": {"uv": [10, 8.5, 10.5, 9], "texture": "#0"},
				"east": {"uv": [9.5, 8.5, 10, 9], "texture": "#0"},
				"south": {"uv": [11, 8.5, 11.5, 9], "texture": "#0"},
				"west": {"uv": [10.5, 8.5, 11, 9], "texture": "#0"},
				"up": {"uv": [10.5, 8.5, 10, 8], "texture": "#0"},
				"down": {"uv": [11, 8, 10.5, 8.5], "texture": "#0"}
			}
		},
		{
			"from": [5.001, 3.301, 4.001],
			"to": [5.999, 4.299, 4.999],
			"rotation": {"angle": -45, "axis": "z", "origin": [5.5, 4.5, 4.5]},
			"faces": {
				"north": {"uv": [10.5, 4.5, 11, 5], "texture": "#0"},
				"east": {"uv": [10, 4.5, 10.5, 5], "texture": "#0"},
				"south": {"uv": [11.5, 4.5, 12, 5], "texture": "#0"},
				"west": {"uv": [11, 4.5, 11.5, 5], "texture": "#0"},
				"up": {"uv": [11, 4.5, 10.5, 4], "texture": "#0"},
				"down": {"uv": [11.5, 4, 11, 4.5], "texture": "#0"}
			}
		},
		{
			"from": [9.001, 4.726, 4.001],
			"to": [9.999, 5.724, 4.999],
			"rotation": {"angle": 45, "axis": "z", "origin": [9.5, 4.5, 4.5]},
			"faces": {
				"north": {"uv": [9.5, 6.5, 10, 7], "texture": "#0"},
				"east": {"uv": [9, 6.5, 9.5, 7], "texture": "#0"},
				"south": {"uv": [10.5, 6.5, 11, 7], "texture": "#0"},
				"west": {"uv": [10, 6.5, 10.5, 7], "texture": "#0"},
				"up": {"uv": [10, 6.5, 9.5, 6], "texture": "#0"},
				"down": {"uv": [10.5, 6, 10, 6.5], "texture": "#0"}
			}
		},
		{
			"from": [10.001, 3.301, 4.001],
			"to": [10.999, 4.299, 4.999],
			"rotation": {"angle": 45, "axis": "z", "origin": [10.5, 4.5, 4.5]},
			"faces": {
				"north": {"uv": [10, 0.5, 10.5, 1], "texture": "#0"},
				"east": {"uv": [9.5, 0.5, 10, 1], "texture": "#0"},
				"south": {"uv": [11, 0.5, 11.5, 1], "texture": "#0"},
				"west": {"uv": [10.5, 0.5, 11, 1], "texture": "#0"},
				"up": {"uv": [10.5, 0.5, 10, 0], "texture": "#0"},
				"down": {"uv": [11, 0, 10.5, 0.5], "texture": "#0"}
			}
		},
		{
			"from": [4, 2, 4],
			"to": [5, 7, 5],
			"faces": {
				"north": {"uv": [4.5, 7.5, 5, 10], "texture": "#0"},
				"east": {"uv": [4, 7.5, 4.5, 10], "texture": "#0"},
				"south": {"uv": [5.5, 7.5, 6, 10], "texture": "#0"},
				"west": {"uv": [5, 7.5, 5.5, 10], "texture": "#0"},
				"up": {"uv": [5, 7.5, 4.5, 7], "texture": "#0"},
				"down": {"uv": [5.5, 7, 5, 7.5], "texture": "#0"}
			}
		},
		{
			"from": [11, 2, 4],
			"to": [12, 7, 5],
			"faces": {
				"north": {"uv": [6.5, 9, 7, 11.5], "texture": "#0"},
				"east": {"uv": [6, 9, 6.5, 11.5], "texture": "#0"},
				"south": {"uv": [7.5, 9, 8, 11.5], "texture": "#0"},
				"west": {"uv": [7, 9, 7.5, 11.5], "texture": "#0"},
				"up": {"uv": [7, 9, 6.5, 8.5], "texture": "#0"},
				"down": {"uv": [7.5, 8.5, 7, 9], "texture": "#0"}
			}
		},
		{
			"from": [12, 3, 4],
			"to": [13, 6, 5],
			"faces": {
				"north": {"uv": [4.5, 10.5, 5, 12], "texture": "#0"},
				"east": {"uv": [4, 10.5, 4.5, 12], "texture": "#0"},
				"south": {"uv": [5.5, 10.5, 6, 12], "texture": "#0"},
				"west": {"uv": [5, 10.5, 5.5, 12], "texture": "#0"},
				"up": {"uv": [5, 10.5, 4.5, 10], "texture": "#0"},
				"down": {"uv": [5.5, 10, 5, 10.5], "texture": "#0"}
			}
		},
		{
			"from": [3, 3, 4],
			"to": [4, 6, 5],
			"faces": {
				"north": {"uv": [2.5, 10, 3, 11.5], "texture": "#0"},
				"east": {"uv": [2, 10, 2.5, 11.5], "texture": "#0"},
				"south": {"uv": [3.5, 10, 4, 11.5], "texture": "#0"},
				"west": {"uv": [3, 10, 3.5, 11.5], "texture": "#0"},
				"up": {"uv": [3, 10, 2.5, 9.5], "texture": "#0"},
				"down": {"uv": [3.5, 9.5, 3, 10], "texture": "#0"}
			}
		},
		{
			"from": [12.5, 4, 5],
			"to": [12.5, 5, 13],
			"faces": {
				"north": {"uv": [4, 4.5, 4, 5], "texture": "#0"},
				"east": {"uv": [0, 4.5, 4, 5], "texture": "#0"},
				"south": {"uv": [8, 4.5, 8, 5], "texture": "#0"},
				"west": {"uv": [4, 4.5, 8, 5], "texture": "#0"},
				"up": {"uv": [4, 4.5, 4, 0.5], "texture": "#0"},
				"down": {"uv": [4, 0.5, 4, 4.5], "texture": "#0"}
			}
		},
		{
			"from": [3.5, 4, 13],
			"to": [12.5, 5, 13],
			"rotation": {"angle": 0, "axis": "y", "origin": [12.5, 4.5, 9]},
			"faces": {
				"north": {"uv": [0, 0, 4.5, 0.5], "texture": "#0"},
				"east": {"uv": [0, 0, 0, 0.5], "texture": "#0"},
				"south": {"uv": [4.5, 0, 9, 0.5], "texture": "#0"},
				"west": {"uv": [4.5, 0, 4.5, 0.5], "texture": "#0"},
				"up": {"uv": [4.5, 0, 0, 0], "texture": "#0"},
				"down": {"uv": [9, 0, 4.5, 0], "texture": "#0"}
			}
		},
		{
			"from": [3.5, 4, 5],
			"to": [3.5, 5, 13],
			"faces": {
				"north": {"uv": [4, 4, 4, 4.5], "texture": "#0"},
				"east": {"uv": [0, 4, 4, 4.5], "texture": "#0"},
				"south": {"uv": [8, 4, 8, 4.5], "texture": "#0"},
				"west": {"uv": [4, 4, 8, 4.5], "texture": "#0"},
				"up": {"uv": [4, 4, 4, 0], "texture": "#0"},
				"down": {"uv": [4, 0, 4, 4], "texture": "#0"}
			}
		},
		{
			"from": [4.501, 8.88838, 2.90899],
			"to": [5.499, 11.88638, 3.90699],
			"rotation": {"angle": 0, "axis": "x", "origin": [5, 9.06022, 3.29591]},
			"faces": {
				"north": {"uv": [0.5, 10, 1, 11.5], "texture": "#0"},
				"east": {"uv": [0, 10, 0.5, 11.5], "texture": "#0"},
				"south": {"uv": [1.5, 10, 2, 11.5], "texture": "#0"},
				"west": {"uv": [1, 10, 1.5, 11.5], "texture": "#0"},
				"up": {"uv": [1, 10, 0.5, 9.5], "texture": "#0"},
				"down": {"uv": [1.5, 9.5, 1, 10], "texture": "#0"}
			}
		},
		{
			"from": [4.001, 6.251, 3.251],
			"to": [5.999, 9.249, 5.249],
			"rotation": {"angle": -22.5, "axis": "x", "origin": [5, 7, 4]},
			"faces": {
				"north": {"uv": [1, 8, 2, 9.5], "texture": "#0"},
				"east": {"uv": [0, 8, 1, 9.5], "texture": "#0"},
				"south": {"uv": [3, 8, 4, 9.5], "texture": "#0"},
				"west": {"uv": [2, 8, 3, 9.5], "texture": "#0"},
				"up": {"uv": [2, 8, 1, 7], "texture": "#0"},
				"down": {"uv": [3, 7, 2, 8], "texture": "#0"}
			}
		},
		{
			"from": [10.526, 8.88838, 2.90899],
			"to": [11.524, 11.88638, 3.90699],
			"rotation": {"angle": 0, "axis": "x", "origin": [11.025, 9.06022, 3.29591]},
			"faces": {
				"north": {"uv": [8.5, 9, 9, 10.5], "texture": "#0"},
				"east": {"uv": [8, 9, 8.5, 10.5], "texture": "#0"},
				"south": {"uv": [9.5, 9, 10, 10.5], "texture": "#0"},
				"west": {"uv": [9, 9, 9.5, 10.5], "texture": "#0"},
				"up": {"uv": [9, 9, 8.5, 8.5], "texture": "#0"},
				"down": {"uv": [9.5, 8.5, 9, 9], "texture": "#0"}
			}
		},
		{
			"from": [10.001, 6.251, 3.251],
			"to": [11.999, 9.249, 5.249],
			"rotation": {"angle": -22.5, "axis": "x", "origin": [11.025, 7, 4]},
			"faces": {
				"north": {"uv": [7, 7, 8, 8.5], "texture": "#0"},
				"east": {"uv": [6, 7, 7, 8.5], "texture": "#0"},
				"south": {"uv": [9, 7, 10, 8.5], "texture": "#0"},
				"west": {"uv": [8, 7, 9, 8.5], "texture": "#0"},
				"up": {"uv": [8, 7, 7, 6], "texture": "#0"},
				"down": {"uv": [9, 6, 8, 7], "texture": "#0"}
			}
		}
	],
	"display": {
		"thirdperson_righthand": {
			"rotation": [97.75, 0, 0],
			"translation": [0, -2.75, 3.5],
			"scale": [0.8, 0.8, 0.8]
		},
		"thirdperson_lefthand": {
			"rotation": [97, 0, 0],
			"translation": [0, -3, 4],
			"scale": [0.8, 0.8, 0.8]
		},
		"firstperson_righthand": {
			"rotation": [-180, 47.75, -180],
			"translation": [3.75, 6.25, -4.5]
		},
		"firstperson_lefthand": {
			"rotation": [-180, 49.75, 180],
			"translation": [4, 6.75, -4.75]
		},
		"ground": {
			"translation": [0, 4, 0],
			"scale": [0.8, 0.8, 0.8]
		},
		"gui": {
			"rotation": [30, 135, 0],
			"translation": [1, 3.5, 0]
		},
		"head": {
			"translation": [0, 6, -1],
			"scale": [1.8, 1.8, 1.8]
		},
		"fixed": {
			"rotation": [-35, 0, 0],
			"translation": [0, 5.25, -5.5],
			"scale": [1.5, 1.5, 1.5]
		}
	},
	"groups": [
		{
			"name": "main",
			"origin": [8, 8, 8],
			"color": 0,
			"children": [0, 1, 2, 3, 4, 5, 6, 7, 8, 9, 10, 11, 12, 13, 14, 15, 16, 17, 18, 19, 20, 21, 22, 23]
		},
		{
			"name": "group",
			"origin": [0, 0, 0],
			"color": 0,
			"children": [24, 25]
		},
		{
			"name": "group",
			"origin": [0, 0, 0],
			"color": 0,
			"children": [26, 27]
		}
	]
}