{"textures":{"0":"modelengine:entity/invisible"},"elements":[{"from":[-11.0,-1.0,5.75],"to":[27.0,27.0,10.25],"faces":{"east":{"uv":[3.5,1.0,13.0,14.0],"tintindex":0,"rotation":0,"texture":"#0"},"south":{"uv":[3.5,1.0,13.0,14.0],"tintindex":0,"rotation":0,"texture":"#0"},"north":{"uv":[3.5,1.0,13.0,14.0],"tintindex":0,"rotation":0,"texture":"#0"},"west":{"uv":[3.5,1.0,13.0,14.0],"tintindex":0,"rotation":0,"texture":"#0"},"up":{"uv":[3.5,1.0,13.0,14.0],"tintindex":0,"rotation":0,"texture":"#0"},"down":{"uv":[3.5,1.0,13.0,14.0],"tintindex":0,"rotation":0,"texture":"#0"}}}],"display":{"gui":{"rotation":[30,225,0]}}}