{"textures":{"1":"modelengine:entity/aura"},"elements":[{"from":[7.0,5.0,6.0],"to":[7.0,10.0,24.0],"faces":{"east":{"uv":[7.25,1.25,10.75,2.5],"tintindex":0,"rotation":0,"texture":"#1"},"west":{"uv":[7.25,1.25,10.75,2.5],"tintindex":0,"rotation":0,"texture":"#1"}},"rotation":{"origin":[8.0,7.0,15.0],"angle":45.0,"axis":"y"}},{"from":[17.0,5.0,0.0],"to":[17.0,10.0,16.0],"faces":{"east":{"uv":[7.25,1.25,10.75,2.5],"tintindex":0,"rotation":0,"texture":"#1"},"west":{"uv":[7.25,1.25,10.75,2.5],"tintindex":0,"rotation":0,"texture":"#1"}}},{"from":[7.0,13.0,-1.0],"to":[7.0,18.0,17.0],"faces":{"east":{"uv":[7.25,1.25,10.75,2.5],"tintindex":0,"rotation":0,"texture":"#1"},"west":{"uv":[7.25,1.25,10.75,2.5],"tintindex":0,"rotation":0,"texture":"#1"}},"rotation":{"origin":[8.0,15.0,8.0],"angle":-45.0,"axis":"z"}},{"from":[7.0,-4.0,-1.0],"to":[7.0,1.0,17.0],"faces":{"east":{"uv":[7.25,1.25,10.75,2.5],"tintindex":0,"rotation":0,"texture":"#1"},"west":{"uv":[7.25,1.25,10.75,2.5],"tintindex":0,"rotation":0,"texture":"#1"}},"rotation":{"origin":[8.0,-2.0,8.0],"angle":-45.0,"axis":"z"}},{"from":[-1.0,5.0,0.0],"to":[-1.0,10.0,17.0],"faces":{"east":{"uv":[7.25,1.25,11.0,2.5],"tintindex":0,"rotation":0,"texture":"#1"},"west":{"uv":[7.25,1.25,11.0,2.5],"tintindex":0,"rotation":0,"texture":"#1"}},"rotation":{"origin":[0.0,7.0,8.0],"angle":-45.0,"axis":"x"}},{"from":[-1.0,5.0,0.0],"to":[-1.0,10.0,16.0],"faces":{"east":{"uv":[7.25,1.25,10.75,2.5],"tintindex":0,"rotation":0,"texture":"#1"},"west":{"uv":[7.25,1.25,10.75,2.5],"tintindex":0,"rotation":0,"texture":"#1"}}},{"from":[7.0,5.0,-10.0],"to":[7.0,10.0,8.0],"faces":{"east":{"uv":[7.25,1.25,10.75,2.5],"tintindex":0,"rotation":0,"texture":"#1"},"west":{"uv":[7.25,1.25,10.75,2.5],"tintindex":0,"rotation":0,"texture":"#1"}},"rotation":{"origin":[8.0,7.0,-1.0],"angle":45.0,"axis":"y"}},{"from":[17.0,5.0,0.0],"to":[17.0,10.0,17.0],"faces":{"east":{"uv":[7.25,1.25,11.0,2.5],"tintindex":0,"rotation":0,"texture":"#1"},"west":{"uv":[7.25,1.25,11.0,2.5],"tintindex":0,"rotation":0,"texture":"#1"}},"rotation":{"origin":[18.0,7.0,8.0],"angle":-45.0,"axis":"x"}}],"display":{"gui":{"rotation":[30,225,0]}}}