{
	"credit": "Made with Blockbench",
	"texture_size": [4, 4],
	"textures": {
		"0": "./majigauntlet",
		"1": "./majigauntletapi",
		"2": "./majigauntlettam",
		"particle": "./majigauntlet"
	},
	"elements": [
		{
			"from": [2.435, -10.06, 2.075],
			"to": [13.495, -0.79, 13.925],
			"rotation": {"angle": 0, "axis": "y", "origin": [8.755, -11.06, 2.075]},
			"faces": {
				"north": {"uv": [8.25, 8.5, 11, 11.0625], "texture": "#0"},
				"east": {"uv": [8.25, 8.5, 11, 11.0625], "texture": "#0"},
				"south": {"uv": [8.25, 8.5, 11, 11.0625], "texture": "#0"},
				"west": {"uv": [8.25, 5.75, 11.21875, 8.3125], "texture": "#0"},
				"up": {"uv": [8.25, 6.96875, 5.5, 4], "texture": "#0"},
				"down": {"uv": [8.75, 0, 6, 2.96875], "texture": "#0"}
			}
		},
		{
			"from": [2.435, 0.632, 2.075],
			"to": [13.495, 13.8, 13.925],
			"rotation": {"angle": 0, "axis": "y", "origin": [8.755, 0.632, 2.075]},
			"faces": {
				"north": {"uv": [2.75, 4, 5.5, 7.78125], "texture": "#0"},
				"east": {"uv": [2.75, 4, 5.5, 7.78125], "texture": "#0"},
				"south": {"uv": [2.75, 4, 5.5, 7.78125], "texture": "#0"},
				"west": {"uv": [3, 0, 5.96875, 3.78125], "texture": "#0"},
				"up": {"uv": [8.25, 9.96875, 5.5, 7], "texture": "#0"},
				"down": {"uv": [2.75, 8, 0, 10.96875], "texture": "#0"}
			}
		},
		{
			"from": [2.43895, 10.86323, 9.17849],
			"to": [13.49105, 19.22933, 17.52484],
			"rotation": {"angle": 45, "axis": "x", "origin": [18.755, 20.89954, 9.17454]},
			"faces": {
				"north": {"uv": [2.75, 10.75, 5.5, 12.84375], "texture": "#0"},
				"east": {"uv": [11.25, 2.75, 13.34375, 4.84375], "texture": "#0"},
				"south": {"uv": [0, 11, 2.75, 13.09375], "texture": "#0"},
				"west": {"uv": [11.25, 5, 13.34375, 7.09375], "texture": "#0"},
				"up": {"uv": [13.75, 10.59375, 11, 8.5], "texture": "#0"},
				"down": {"uv": [13.75, 10.75, 11, 12.84375], "texture": "#0"}
			}
		},
		{
			"from": [2.909, -0.77025, 2.549],
			"to": [13.021, 0.65175, 13.451],
			"rotation": {"angle": 0, "axis": "y", "origin": [8.755, -1.24425, 2.075]},
			"faces": {
				"north": {"uv": [11.5, 2, 14.21875, 2.34375], "texture": "#0"},
				"east": {"uv": [11.5, 2, 14.21875, 2.34375], "texture": "#0"},
				"south": {"uv": [11.5, 2, 14.21875, 2.34375], "texture": "#0"},
				"west": {"uv": [11.5, 2, 14.21875, 2.34375], "texture": "#0"},
				"up": {"uv": [11.28125, 2.71875, 8.75, 0], "texture": "#0"},
				"down": {"uv": [8.03125, 10, 5.5, 12.71875], "texture": "#0"}
			}
		},
		{
			"from": [1.47036, -9.5126, 3.81195],
			"to": [1.47036, -1.1365, 12.18805],
			"rotation": {"angle": 0, "axis": "y", "origin": [1.47036, -5.8857, 6.75155]},
			"faces": {
				"north": {"uv": [9.75, 12.5, 10.15625, 13.875], "texture": "#0"},
				"east": {"uv": [8.1875, 14.625, 9.5625, 16], "texture": "#0"},
				"south": {"uv": [10.25, 12.5, 10.65625, 13.875], "texture": "#0"},
				"west": {"uv": [6.1875, 14.625, 7.5625, 16], "texture": "#0"},
				"up": {"uv": [5.90625, 14.125, 5.5, 12.75], "texture": "#0"},
				"down": {"uv": [6.40625, 12.75, 6, 14.125], "texture": "#0"}
			}
		},
		{
			"from": [1.21, 1.33, 6.735],
			"to": [1.21, 3.86, 9.265],
			"rotation": {"angle": 0, "axis": "y", "origin": [1.21, 2.49, 9.685]},
			"faces": {
				"north": {"uv": [9.5, 15.375, 9.09375, 16], "texture": "#0"},
				"east": {"uv": [9.5, 15.375, 9.09375, 16], "rotation": 90, "texture": "#0"},
				"south": {"uv": [9.5, 15.375, 9.09375, 16], "rotation": 180, "texture": "#0"},
				"west": {"uv": [2, 13.90625, 2.625, 14.53125], "rotation": 180, "texture": "#0"},
				"up": {"uv": [9.5, 15.375, 9.09375, 16], "texture": "#0"},
				"down": {"uv": [9.5, 15.375, 9.09375, 16], "rotation": 180, "texture": "#0"}
			}
		},
		{
			"from": [1.211, 2.621, 7.30377],
			"to": [2.789, 5.149, 9.83177],
			"rotation": {"angle": 45, "axis": "x", "origin": [1.21, 3.99, 6.88277]},
			"faces": {
				"north": {"uv": [13.5, 5.5, 13.90625, 6.125], "texture": "#0"},
				"east": {"uv": [7.5, 3, 8.125, 3.625], "texture": "#0"},
				"south": {"uv": [13.5, 6.25, 13.90625, 6.875], "texture": "#0"},
				"west": {"uv": [2, 13.25, 2.625, 13.875], "texture": "#0"},
				"up": {"uv": [11.15625, 14.125, 10.75, 13.5], "texture": "#0"},
				"down": {"uv": [11.65625, 13.5, 11.25, 14.125], "texture": "#0"}
			}
		},
		{
			"from": [1.211, 13.221, 6.30377],
			"to": [2.789, 18.749, 11.83177],
			"rotation": {"angle": 45, "axis": "x", "origin": [1.21, 16.59, 6.88277]},
			"faces": {
				"north": {"uv": [0, 13.25, 0.40625, 14.375], "texture": "#0"},
				"east": {"uv": [11.25, 7.25, 12.375, 8.375], "texture": "#0"},
				"south": {"uv": [0.5, 13.25, 0.90625, 14.375], "texture": "#0"},
				"west": {"uv": [9.75, 11.25, 10.875, 12.375], "texture": "#0"},
				"up": {"uv": [1.40625, 14.375, 1, 13.25], "texture": "#0"},
				"down": {"uv": [1.90625, 13.25, 1.5, 14.375], "texture": "#0"}
			}
		},
		{
			"from": [1.185, 11.72, 5.235],
			"to": [2.185, 17.25, 10.765],
			"rotation": {"angle": 0, "axis": "y", "origin": [1.185, 15.09, 5.815]},
			"faces": {
				"north": {"uv": [0, 14.875, 0.40625, 16], "texture": "#0"},
				"east": {"uv": [0, 14.875, 0.40625, 16], "texture": "#0"},
				"south": {"uv": [0, 14.875, 0.40625, 16], "texture": "#0"},
				"west": {"uv": [9.8125, 14.28125, 11.53125, 16], "texture": "#0"},
				"up": {"uv": [0, 14.875, 0.40625, 16], "texture": "#0"},
				"down": {"uv": [0, 14.875, 0.40625, 16], "texture": "#0"}
			}
		},
		{
			"from": [1.218, 1.98345, 7.24365],
			"to": [2.782, 5.49745, 8.35765],
			"rotation": {"angle": 22.5, "axis": "x", "origin": [1.21, 4.92545, 8.60565]},
			"faces": {
				"north": {"uv": [13.5, 0, 13.90625, 0.875], "texture": "#0"},
				"east": {"uv": [11.75, 13.5, 12.03125, 14.375], "texture": "#0"},
				"south": {"uv": [13.5, 2.5, 13.90625, 3.375], "texture": "#0"},
				"west": {"uv": [12.25, 13.5, 12.53125, 14.375], "texture": "#0"},
				"up": {"uv": [14.15625, 12.03125, 13.75, 11.75], "texture": "#0"},
				"down": {"uv": [14.15625, 12.25, 13.75, 12.53125], "texture": "#0"}
			}
		},
		{
			"from": [1.215, 1.98045, 7.63935],
			"to": [2.785, 5.50045, 8.75935],
			"rotation": {"angle": -22.5, "axis": "x", "origin": [1.21, 4.92545, 7.39435]},
			"faces": {
				"north": {"uv": [13.5, 3.5, 13.90625, 4.375], "texture": "#0"},
				"east": {"uv": [12.75, 13.5, 13.03125, 14.375], "texture": "#0"},
				"south": {"uv": [13.5, 4.5, 13.90625, 5.375], "texture": "#0"},
				"west": {"uv": [13.25, 13.5, 13.53125, 14.375], "texture": "#0"},
				"up": {"uv": [14.15625, 13.03125, 13.75, 12.75], "texture": "#0"},
				"down": {"uv": [14.15625, 13.25, 13.75, 13.53125], "texture": "#0"}
			}
		},
		{
			"from": [1.71835, -7.90182, 5.28806],
			"to": [3.42038, -2.47793, 10.71194],
			"rotation": {"angle": 0, "axis": "y", "origin": [1.71711, -5.8857, 6.45192]},
			"faces": {
				"north": {"uv": [9.75, 12.5, 10.15625, 13.875], "texture": "#0"},
				"east": {"uv": [8.25, 11.25, 9.625, 12.625], "texture": "#0"},
				"south": {"uv": [10.25, 12.5, 10.65625, 13.875], "texture": "#0"},
				"west": {"uv": [11.5, 0, 12.875, 1.375], "texture": "#0"},
				"up": {"uv": [5.90625, 14.125, 5.5, 12.75], "texture": "#0"},
				"down": {"uv": [6.40625, 12.75, 6, 14.125], "texture": "#0"}
			}
		},
		{
			"from": [0.47026, -1.16927, 5.28806],
			"to": [2.17476, 0.53523, 10.71442],
			"rotation": {"angle": 45, "axis": "z", "origin": [4.73152, 0.53523, 6.45316]},
			"faces": {
				"north": {"uv": [13.75, 8.75, 14.15625, 9.15625], "rotation": 270, "texture": "#0"},
				"east": {"uv": [8.90625, 14.125, 8.5, 12.75], "rotation": 90, "texture": "#0"},
				"south": {"uv": [13.75, 9.25, 14.15625, 9.65625], "rotation": 90, "texture": "#0"},
				"west": {"uv": [9.40625, 12.75, 9, 14.125], "rotation": 90, "texture": "#0"},
				"up": {"uv": [5.15625, 13, 4.75, 14.375], "texture": "#0"},
				"down": {"uv": [6, 3, 7.375, 3.40625], "rotation": 90, "texture": "#0"}
			}
		},
		{
			"from": [4.73152, -9.14991, 5.28806],
			"to": [6.43602, -7.44541, 10.71442],
			"rotation": {"angle": -45, "axis": "z", "origin": [4.73152, -4.88865, 6.99256]},
			"faces": {
				"north": {"uv": [5.15625, 13, 4.75, 14.375], "texture": "#0"},
				"east": {"uv": [5.15625, 13, 4.75, 14.375], "texture": "#0"},
				"south": {"uv": [5.15625, 13, 4.75, 14.375], "texture": "#0"},
				"west": {"uv": [5.15625, 13, 4.75, 14.375], "texture": "#0"},
				"up": {"uv": [5.15625, 13, 4.75, 14.375], "texture": "#0"},
				"down": {"uv": [5.15625, 13, 4.75, 14.375], "texture": "#0"}
			}
		},
		{
			"from": [1.212, 4.69509, 7.49244],
			"to": [2.788, 5.31609, 8.11344],
			"rotation": {"angle": -45, "axis": "x", "origin": [1.21, 5.73809, 6.72044]},
			"faces": {
				"north": {"uv": [7.5, 3.75, 7.90625, 3.90625], "texture": "#0"},
				"east": {"uv": [8, 3.75, 8.15625, 3.90625], "texture": "#0"},
				"south": {"uv": [8.75, 2.75, 9.15625, 2.90625], "texture": "#0"},
				"west": {"uv": [10.25, 2.75, 10.40625, 2.90625], "texture": "#0"},
				"up": {"uv": [9.65625, 2.90625, 9.25, 2.75], "texture": "#0"},
				"down": {"uv": [10.15625, 2.75, 9.75, 2.90625], "texture": "#0"}
			}
		},
		{
			"from": [3.235, 0.632, 13.925],
			"to": [3.235, 26.882, 24.175],
			"rotation": {"angle": 0, "axis": "y", "origin": [2.56, 2.257, 13.55]},
			"faces": {
				"north": {"uv": [0, 0, 0, 13.125], "texture": "#1"},
				"east": {"uv": [14.625, 0, 7.5, 13.125], "texture": "#1"},
				"south": {"uv": [0, 0, 0, 13.125], "texture": "#1"},
				"west": {"uv": [7.5, 0, 14.625, 13.125], "texture": "#1"},
				"up": {"uv": [0, 7.125, 0, 0], "texture": "#1"},
				"down": {"uv": [0, 0, 0, 7.125], "texture": "#1"}
			}
		},
		{
			"from": [13.235, 0.632, -8.175],
			"to": [13.235, 26.882, 2.075],
			"rotation": {"angle": 0, "axis": "y", "origin": [12.56, 2.257, 2.45]},
			"faces": {
				"north": {"uv": [0, 0, 0, 13.125], "texture": "#1"},
				"east": {"uv": [7.5, 0, 14.625, 13.125], "texture": "#1"},
				"south": {"uv": [0, 0, 0, 13.125], "texture": "#1"},
				"west": {"uv": [14.625, 0, 7.5, 13.125], "texture": "#1"},
				"up": {"uv": [0, 0, 0, 7.125], "texture": "#1"},
				"down": {"uv": [0, 7.125, 0, 0], "texture": "#1"}
			}
		},
		{
			"from": [13.235, 0.632, 13.925],
			"to": [13.235, 26.882, 24.175],
			"rotation": {"angle": 0, "axis": "y", "origin": [12.56, 2.257, 13.55]},
			"faces": {
				"north": {"uv": [0, 0, 0, 13.125], "texture": "#1"},
				"east": {"uv": [14.625, 0, 7.5, 13.125], "texture": "#1"},
				"south": {"uv": [0, 0, 0, 13.125], "texture": "#1"},
				"west": {"uv": [7.5, 0, 14.625, 13.125], "texture": "#1"},
				"up": {"uv": [0, 7.125, 0, 0], "texture": "#1"},
				"down": {"uv": [0, 0, 0, 7.125], "texture": "#1"}
			}
		},
		{
			"from": [8.02975, 1.7772, -3.27875],
			"to": [8.02975, 24.0897, 5.43375],
			"rotation": {"angle": -22.5, "axis": "x", "origin": [7.456, 3.15845, 5.7525]},
			"faces": {
				"north": {"uv": [0, 0, 0, 13.125], "texture": "#1"},
				"east": {"uv": [7.5, 0, 14.625, 13.125], "texture": "#1"},
				"south": {"uv": [0, 0, 0, 13.125], "texture": "#1"},
				"west": {"uv": [14.625, 0, 7.5, 13.125], "texture": "#1"},
				"up": {"uv": [0, 0, 0, 7.125], "texture": "#1"},
				"down": {"uv": [0, 7.125, 0, 0], "texture": "#1"}
			}
		},
		{
			"from": [8.02975, 1.7772, 10.56625],
			"to": [8.02975, 24.0897, 19.27875],
			"rotation": {"angle": 22.5, "axis": "x", "origin": [7.456, 3.15845, 10.2475]},
			"faces": {
				"north": {"uv": [0, 0, 0, 13.125], "texture": "#1"},
				"east": {"uv": [14.625, 0, 7.5, 13.125], "texture": "#1"},
				"south": {"uv": [0, 0, 0, 13.125], "texture": "#1"},
				"west": {"uv": [7.5, 0, 14.625, 13.125], "texture": "#1"},
				"up": {"uv": [0, 7.125, 0, 0], "texture": "#1"},
				"down": {"uv": [0, 0, 0, 7.125], "texture": "#1"}
			}
		},
		{
			"from": [3.235, 0.632, -8.175],
			"to": [3.235, 26.882, 2.075],
			"rotation": {"angle": 0, "axis": "y", "origin": [2.56, 2.257, 2.45]},
			"faces": {
				"north": {"uv": [0, 0, 0, 13.125], "texture": "#1"},
				"east": {"uv": [7.5, 0, 14.625, 13.125], "texture": "#1"},
				"south": {"uv": [0, 0, 0, 13.125], "texture": "#1"},
				"west": {"uv": [14.625, 0, 7.5, 13.125], "texture": "#1"},
				"up": {"uv": [0, 0, 0, 7.125], "texture": "#1"},
				"down": {"uv": [0, 7.125, 0, 0], "texture": "#1"}
			}
		},
		{
			"from": [8.02975, 1.7772, -3.27875],
			"to": [8.02975, 24.0897, 5.43375],
			"rotation": {"angle": -22.5, "axis": "x", "origin": [7.456, 3.15845, 5.7525]},
			"faces": {
				"north": {"uv": [0, 0, 0, 13.125], "texture": "#1"},
				"east": {"uv": [7.5, 0, 14.625, 13.125], "texture": "#1"},
				"south": {"uv": [0, 0, 0, 13.125], "texture": "#1"},
				"west": {"uv": [14.625, 0, 7.5, 13.125], "texture": "#1"},
				"up": {"uv": [0, 0, 0, 7.125], "texture": "#1"},
				"down": {"uv": [0, 7.125, 0, 0], "texture": "#1"}
			}
		},
		{
			"from": [7.88379, -11.98218, 2.078],
			"to": [9.87979, -8.48618, 4.674],
			"rotation": {"angle": -45, "axis": "z", "origin": [9.88179, -9.98418, 2.076]},
			"faces": {
				"north": {"uv": [3, 7.5, 4, 9.25], "texture": "#2"},
				"east": {"uv": [4, 4, 5.3125, 5.75], "texture": "#2"},
				"south": {"uv": [1.5, 8, 2.5, 9.75], "texture": "#2"},
				"west": {"uv": [0, 5, 1.3125, 6.75], "texture": "#2"},
				"up": {"uv": [6.5, 10.8125, 5.5, 9.5], "texture": "#2"},
				"down": {"uv": [10.5, 6, 9.5, 7.3125], "texture": "#2"}
			}
		},
		{
			"from": [2.28476, -10.82337, 2.077],
			"to": [5.78076, -8.82737, 4.673],
			"rotation": {"angle": -22.5, "axis": "z", "origin": [4.28276, -10.82537, 2.075]},
			"faces": {
				"north": {"uv": [7, 5.5, 8.75, 6.5], "texture": "#2"},
				"east": {"uv": [8, 0, 9.3125, 1], "texture": "#2"},
				"south": {"uv": [6, 7, 7.75, 8], "texture": "#2"},
				"west": {"uv": [2.5, 9.5, 3.8125, 10.5], "texture": "#2"},
				"up": {"uv": [5.75, 2.3125, 4, 1], "texture": "#2"},
				"down": {"uv": [5.75, 2.5, 4, 3.8125], "texture": "#2"}
			}
		},
		{
			"from": [11.199, -10.82137, 1.92676],
			"to": [13.491, -8.22937, 4.91876],
			"rotation": {"angle": 22.5, "axis": "x", "origin": [11.995, -10.82537, 3.92276]},
			"faces": {
				"north": {"uv": [8.5, 3, 9.625, 4.3125], "texture": "#2"},
				"east": {"uv": [5.5, 5.5, 7, 6.8125], "texture": "#2"},
				"south": {"uv": [4, 8.5, 5.125, 9.8125], "texture": "#2"},
				"west": {"uv": [6, 1, 7.5, 2.3125], "texture": "#2"},
				"up": {"uv": [7.125, 9.5, 6, 8], "texture": "#2"},
				"down": {"uv": [9.125, 6.5, 8, 8], "texture": "#2"}
			}
		},
		{
			"from": [11.496, -11.64937, 1.92376],
			"to": [13.194, -9.05137, 4.92176],
			"rotation": {"angle": 45, "axis": "x", "origin": [11.995, -11.65037, 3.92276]},
			"faces": {
				"north": {"uv": [10, 3, 10.875, 4.3125], "texture": "#2"},
				"east": {"uv": [1.5, 5, 3, 6.3125], "texture": "#2"},
				"south": {"uv": [4, 10, 4.875, 11.3125], "texture": "#2"},
				"west": {"uv": [5.5, 4, 7, 5.3125], "texture": "#2"},
				"up": {"uv": [8.375, 11, 7.5, 9.5], "texture": "#2"},
				"down": {"uv": [8.375, 9.5, 7.5, 11], "texture": "#2"}
			}
		},
		{
			"from": [11.498, -12.35406, 4.63187],
			"to": [13.192, -9.76006, 7.52587],
			"rotation": {"angle": 0, "axis": "y", "origin": [11.995, -12.35706, 6.62887]},
			"faces": {
				"north": {"uv": [0, 10, 0.875, 11.3125], "texture": "#2"},
				"east": {"uv": [1.5, 6.5, 2.9375, 7.8125], "texture": "#2"},
				"south": {"uv": [1, 10, 1.875, 11.3125], "texture": "#2"},
				"west": {"uv": [0, 7, 1.4375, 8.3125], "texture": "#2"},
				"up": {"uv": [9.375, 10.9375, 8.5, 9.5], "texture": "#2"},
				"down": {"uv": [10.375, 9.5, 9.5, 10.9375], "texture": "#2"}
			}
		},
		{
			"from": [11.497, -12.50761, 5.69577],
			"to": [13.193, -10.71161, 8.29177],
			"rotation": {"angle": 22.5, "axis": "x", "origin": [11.995, -10.50961, 8.29377]},
			"faces": {
				"north": {"uv": [3, 5, 3.875, 5.875], "texture": "#2"},
				"east": {"uv": [10.5, 4.5, 11.8125, 5.375], "texture": "#2"},
				"south": {"uv": [4.5, 6, 5.375, 6.875], "texture": "#2"},
				"west": {"uv": [10.5, 5.5, 11.8125, 6.375], "texture": "#2"},
				"up": {"uv": [11.375, 7.8125, 10.5, 6.5], "texture": "#2"},
				"down": {"uv": [11.375, 8, 10.5, 9.3125], "texture": "#2"}
			}
		},
		{
			"from": [7.097, 1.09239, 12.09577],
			"to": [8.793, 4.68839, 13.89177],
			"rotation": {"angle": 45, "axis": "x", "origin": [7.595, 1.09039, 14.09377]},
			"faces": {
				"north": {"uv": [11.375, 8, 10.5, 9.3125], "rotation": 180, "texture": "#2"},
				"east": {"uv": [10.5, 4.5, 11.8125, 5.375], "rotation": 270, "texture": "#2"},
				"south": {"uv": [10.5, 5.5, 11.8125, 6.375], "rotation": 90, "texture": "#2"},
				"west": {"uv": [10.5, 5.5, 11.8125, 6.375], "rotation": 90, "texture": "#2"},
				"up": {"uv": [3, 5, 3.875, 5.875], "rotation": 180, "texture": "#2"},
				"down": {"uv": [4.5, 6, 5.375, 6.875], "texture": "#2"}
			}
		},
		{
			"from": [7.207, 1.09239, 12.09577],
			"to": [8.903, 4.68839, 13.89177],
			"rotation": {"angle": 45, "axis": "x", "origin": [8.405, 1.09039, 14.09377]},
			"faces": {
				"north": {"uv": [10.5, 8, 11.375, 9.3125], "rotation": 180, "texture": "#2"},
				"east": {"uv": [10.5, 6.375, 11.8125, 5.5], "rotation": 90, "texture": "#2"},
				"south": {"uv": [10.5, 6.375, 11.8125, 5.5], "rotation": 90, "texture": "#2"},
				"west": {"uv": [10.5, 5.375, 11.8125, 4.5], "rotation": 270, "texture": "#2"},
				"up": {"uv": [3.875, 5, 3, 5.875], "rotation": 180, "texture": "#2"},
				"down": {"uv": [5.375, 6, 4.5, 6.875], "texture": "#2"}
			}
		},
		{
			"from": [11.2, -11.20274, 4.8501],
			"to": [13.49, -8.61274, 7.8401],
			"rotation": {"angle": 0, "axis": "y", "origin": [11.995, -11.20774, 6.8451]},
			"faces": {
				"north": {"uv": [9, 4.5, 10.125, 5.8125], "texture": "#2"},
				"east": {"uv": [6, 2.5, 7.5, 3.8125], "texture": "#2"},
				"south": {"uv": [9, 8, 10.125, 9.3125], "texture": "#2"},
				"west": {"uv": [3, 6, 4.5, 7.3125], "texture": "#2"},
				"up": {"uv": [8.625, 9.5, 7.5, 8], "texture": "#2"},
				"down": {"uv": [1.125, 8.5, 0, 10], "texture": "#2"}
			}
		},
		{
			"from": [11.199, -9.78994, 7.26231],
			"to": [13.491, -7.19794, 8.95431],
			"rotation": {"angle": -45, "axis": "x", "origin": [11.995, -9.79394, 9.25831]},
			"faces": {
				"north": {"uv": [9.5, 0, 10.625, 1.3125], "texture": "#2"},
				"east": {"uv": [2, 10.5, 2.875, 11.8125], "texture": "#2"},
				"south": {"uv": [9.5, 1.5, 10.625, 2.8125], "texture": "#2"},
				"west": {"uv": [3, 10.5, 3.875, 11.8125], "texture": "#2"},
				"up": {"uv": [11.625, 10.375, 10.5, 9.5], "texture": "#2"},
				"down": {"uv": [11.625, 10.5, 10.5, 11.375], "texture": "#2"}
			}
		},
		{
			"from": [5.111, -12.43981, 2.376],
			"to": [8.109, -10.44181, 4.374],
			"rotation": {"angle": 0, "axis": "y", "origin": [7.11, -12.44081, 2.075]},
			"faces": {
				"north": {"uv": [13, 12, 14.5, 13], "texture": "#2"},
				"east": {"uv": [15, 9.5, 16, 10.5], "texture": "#2"},
				"south": {"uv": [13, 13, 14.5, 14], "texture": "#2"},
				"west": {"uv": [12, 15, 13, 16], "texture": "#2"},
				"up": {"uv": [15, 4.5, 13.5, 3.5], "texture": "#2"},
				"down": {"uv": [14.5, 12, 13, 13], "texture": "#2"}
			}
		},
		{
			"from": [2.41092, -11.23715, 2.377],
			"to": [5.60692, -9.24115, 4.373],
			"rotation": {"angle": -45, "axis": "z", "origin": [3.90892, -11.23915, 2.075]},
			"faces": {
				"north": {"uv": [12, 6.5, 13.59375, 7.5], "texture": "#2"},
				"east": {"uv": [13.59375, 6.5, 12, 7.5], "texture": "#2"},
				"south": {"uv": [13.59375, 6.5, 12, 7.5], "texture": "#2"},
				"west": {"uv": [15, 8.5, 16, 9.5], "texture": "#2"},
				"up": {"uv": [13.59375, 6.5, 12, 7.5], "texture": "#2"},
				"down": {"uv": [13.59375, 6.5, 12, 7.5], "texture": "#2"}
			}
		},
		{
			"from": [6.68911, -12.55161, 5.379],
			"to": [8.67911, -9.36161, 7.369],
			"rotation": {"angle": -22.5, "axis": "z", "origin": [8.68411, -11.05661, 5.074]},
			"faces": {
				"north": {"uv": [7, 11.5, 8, 13.09375], "texture": "#2"},
				"east": {"uv": [8, 12, 9, 13.59375], "texture": "#2"},
				"south": {"uv": [12, 11.5, 13, 13.09375], "texture": "#2"},
				"west": {"uv": [3.5, 12.5, 4.5, 14.09375], "texture": "#2"},
				"up": {"uv": [16, 14.5, 15, 13.5], "texture": "#2"},
				"down": {"uv": [16, 14.5, 15, 15.5], "texture": "#2"}
			}
		},
		{
			"from": [5.111, -12.43981, 5.376],
			"to": [8.109, -10.44181, 7.374],
			"rotation": {"angle": 0, "axis": "y", "origin": [7.11, -12.44081, 5.075]},
			"faces": {
				"north": {"uv": [13, 12, 14.5, 13], "texture": "#2"},
				"east": {"uv": [15, 9.5, 16, 10.5], "texture": "#2"},
				"south": {"uv": [13, 13, 14.5, 14], "texture": "#2"},
				"west": {"uv": [12, 15, 13, 16], "texture": "#2"},
				"up": {"uv": [15, 4.5, 13.5, 3.5], "texture": "#2"},
				"down": {"uv": [14.5, 12, 13, 13], "texture": "#2"}
			}
		},
		{
			"from": [2.41092, -11.23715, 5.377],
			"to": [5.60692, -9.24115, 7.373],
			"rotation": {"angle": -45, "axis": "z", "origin": [3.90892, -11.23915, 5.075]},
			"faces": {
				"north": {"uv": [12, 6.5, 13.59375, 7.5], "texture": "#2"},
				"east": {"uv": [13.59375, 6.5, 12, 7.5], "texture": "#2"},
				"south": {"uv": [13.59375, 6.5, 12, 7.5], "texture": "#2"},
				"west": {"uv": [15, 8.5, 16, 9.5], "texture": "#2"},
				"up": {"uv": [13.59375, 6.5, 12, 7.5], "texture": "#2"},
				"down": {"uv": [13.59375, 6.5, 12, 7.5], "texture": "#2"}
			}
		},
		{
			"from": [6.68911, -12.55161, 8.579],
			"to": [8.67911, -9.36161, 10.569],
			"rotation": {"angle": -22.5, "axis": "z", "origin": [8.68411, -11.05661, 8.274]},
			"faces": {
				"north": {"uv": [7, 11.5, 8, 13.09375], "texture": "#2"},
				"east": {"uv": [8, 12, 9, 13.59375], "texture": "#2"},
				"south": {"uv": [12, 11.5, 13, 13.09375], "texture": "#2"},
				"west": {"uv": [3.5, 12.5, 4.5, 14.09375], "texture": "#2"},
				"up": {"uv": [16, 14.5, 15, 13.5], "texture": "#2"},
				"down": {"uv": [16, 14.5, 15, 15.5], "texture": "#2"}
			}
		},
		{
			"from": [5.111, -12.43981, 8.576],
			"to": [8.109, -10.44181, 10.574],
			"rotation": {"angle": 0, "axis": "y", "origin": [7.11, -12.44081, 8.275]},
			"faces": {
				"north": {"uv": [13, 12, 14.5, 13], "texture": "#2"},
				"east": {"uv": [15, 9.5, 16, 10.5], "texture": "#2"},
				"south": {"uv": [13, 13, 14.5, 14], "texture": "#2"},
				"west": {"uv": [12, 15, 13, 16], "texture": "#2"},
				"up": {"uv": [15, 4.5, 13.5, 3.5], "texture": "#2"},
				"down": {"uv": [14.5, 12, 13, 13], "texture": "#2"}
			}
		},
		{
			"from": [2.41092, -11.23715, 8.577],
			"to": [5.60692, -9.24115, 10.573],
			"rotation": {"angle": -45, "axis": "z", "origin": [3.90892, -11.23915, 8.275]},
			"faces": {
				"north": {"uv": [12, 6.5, 13.59375, 7.5], "texture": "#2"},
				"east": {"uv": [13.59375, 6.5, 12, 7.5], "texture": "#2"},
				"south": {"uv": [13.59375, 6.5, 12, 7.5], "texture": "#2"},
				"west": {"uv": [15, 8.5, 16, 9.5], "texture": "#2"},
				"up": {"uv": [13.59375, 6.5, 12, 7.5], "texture": "#2"},
				"down": {"uv": [13.59375, 6.5, 12, 7.5], "texture": "#2"}
			}
		},
		{
			"from": [6.68911, -12.55161, 11.579],
			"to": [8.67911, -9.36161, 13.569],
			"rotation": {"angle": -22.5, "axis": "z", "origin": [8.68411, -11.05661, 11.274]},
			"faces": {
				"north": {"uv": [7, 11.5, 8, 13.09375], "texture": "#2"},
				"east": {"uv": [8, 12, 9, 13.59375], "texture": "#2"},
				"south": {"uv": [12, 11.5, 13, 13.09375], "texture": "#2"},
				"west": {"uv": [3.5, 12.5, 4.5, 14.09375], "texture": "#2"},
				"up": {"uv": [16, 14.5, 15, 13.5], "texture": "#2"},
				"down": {"uv": [16, 14.5, 15, 15.5], "texture": "#2"}
			}
		},
		{
			"from": [5.111, -12.43981, 11.576],
			"to": [8.109, -10.44181, 13.574],
			"rotation": {"angle": 0, "axis": "y", "origin": [7.11, -12.44081, 11.275]},
			"faces": {
				"north": {"uv": [13, 12, 14.5, 13], "texture": "#2"},
				"east": {"uv": [15, 9.5, 16, 10.5], "texture": "#2"},
				"south": {"uv": [13, 13, 14.5, 14], "texture": "#2"},
				"west": {"uv": [12, 15, 13, 16], "texture": "#2"},
				"up": {"uv": [15, 4.5, 13.5, 3.5], "texture": "#2"},
				"down": {"uv": [14.5, 12, 13, 13], "texture": "#2"}
			}
		},
		{
			"from": [2.41092, -11.23715, 11.577],
			"to": [5.60692, -9.24115, 13.573],
			"rotation": {"angle": -45, "axis": "z", "origin": [3.90892, -11.23915, 11.275]},
			"faces": {
				"north": {"uv": [12, 6.5, 13.59375, 7.5], "texture": "#2"},
				"east": {"uv": [13.59375, 6.5, 12, 7.5], "texture": "#2"},
				"south": {"uv": [13.59375, 6.5, 12, 7.5], "texture": "#2"},
				"west": {"uv": [15, 8.5, 16, 9.5], "texture": "#2"},
				"up": {"uv": [13.59375, 6.5, 12, 7.5], "texture": "#2"},
				"down": {"uv": [13.59375, 6.5, 12, 7.5], "texture": "#2"}
			}
		},
		{
			"from": [6.68911, -12.55161, 2.379],
			"to": [8.67911, -9.36161, 4.369],
			"rotation": {"angle": -22.5, "axis": "z", "origin": [8.68411, -11.05661, 2.074]},
			"faces": {
				"north": {"uv": [7, 11.5, 8, 13.09375], "texture": "#2"},
				"east": {"uv": [8, 12, 9, 13.59375], "texture": "#2"},
				"south": {"uv": [12, 11.5, 13, 13.09375], "texture": "#2"},
				"west": {"uv": [3.5, 12.5, 4.5, 14.09375], "texture": "#2"},
				"up": {"uv": [16, 14.5, 15, 13.5], "texture": "#2"},
				"down": {"uv": [16, 14.5, 15, 15.5], "texture": "#2"}
			}
		},
		{
			"from": [2.28276, -10.52537, 4.075],
			"to": [5.78276, -8.52537, 11.675],
			"rotation": {"angle": -22.5, "axis": "z", "origin": [4.28276, -10.52537, 2.075]},
			"faces": {
				"north": {"uv": [7.5, 1, 9.25, 2], "texture": "#2"},
				"east": {"uv": [0, 4, 3.8125, 5], "texture": "#2"},
				"south": {"uv": [7.5, 2, 9.25, 3], "texture": "#2"},
				"west": {"uv": [4, 0, 7.8125, 1], "texture": "#2"},
				"up": {"uv": [1.75, 3.8125, 0, 0], "texture": "#2"},
				"down": {"uv": [3.75, 0, 2, 3.8125], "texture": "#2"}
			}
		},
		{
			"from": [5.66858, -11.39939, 2.075],
			"to": [8.46858, -10.04939, 4.675],
			"rotation": {"angle": 0, "axis": "y", "origin": [7.66858, -11.39939, 2.075]},
			"faces": {
				"north": {"uv": [11, 0, 12.375, 0.6875], "texture": "#2"},
				"east": {"uv": [11, 2, 12.3125, 2.6875], "texture": "#2"},
				"south": {"uv": [11, 1, 12.375, 1.6875], "texture": "#2"},
				"west": {"uv": [11, 3, 12.3125, 3.6875], "texture": "#2"},
				"up": {"uv": [8.375, 5.3125, 7, 4], "texture": "#2"},
				"down": {"uv": [5.875, 7, 4.5, 8.3125], "texture": "#2"}
			}
		},
		{
			"from": [7.88118, -11.98326, 11.305],
			"to": [9.87718, -8.48726, 13.901],
			"rotation": {"angle": -45, "axis": "z", "origin": [9.87918, -9.98526, 11.303]},
			"faces": {
				"north": {"uv": [3, 7.5, 4, 9.25], "texture": "#2"},
				"east": {"uv": [4, 4, 5.3125, 5.75], "texture": "#2"},
				"south": {"uv": [1.5, 8, 2.5, 9.75], "texture": "#2"},
				"west": {"uv": [0, 5, 1.3125, 6.75], "texture": "#2"},
				"up": {"uv": [6.5, 10.8125, 5.5, 9.5], "texture": "#2"},
				"down": {"uv": [10.5, 6, 9.5, 7.3125], "texture": "#2"}
			}
		},
		{
			"from": [2.28215, -10.82445, 11.304],
			"to": [5.77815, -8.82845, 13.9],
			"rotation": {"angle": -22.5, "axis": "z", "origin": [4.28015, -10.82645, 11.302]},
			"faces": {
				"north": {"uv": [7, 5.5, 8.75, 6.5], "texture": "#2"},
				"east": {"uv": [8, 0, 9.3125, 1], "texture": "#2"},
				"south": {"uv": [6, 7, 7.75, 8], "texture": "#2"},
				"west": {"uv": [2.5, 9.5, 3.8125, 10.5], "texture": "#2"},
				"up": {"uv": [5.75, 2.3125, 4, 1], "texture": "#2"},
				"down": {"uv": [5.75, 2.5, 4, 3.8125], "texture": "#2"}
			}
		},
		{
			"from": [7.88118, -11.98326, 8.305],
			"to": [9.87718, -8.48726, 10.901],
			"rotation": {"angle": -45, "axis": "z", "origin": [9.87918, -9.98526, 8.303]},
			"faces": {
				"north": {"uv": [3, 7.5, 4, 9.25], "texture": "#2"},
				"east": {"uv": [4, 4, 5.3125, 5.75], "texture": "#2"},
				"south": {"uv": [1.5, 8, 2.5, 9.75], "texture": "#2"},
				"west": {"uv": [0, 5, 1.3125, 6.75], "texture": "#2"},
				"up": {"uv": [6.5, 10.8125, 5.5, 9.5], "texture": "#2"},
				"down": {"uv": [10.5, 6, 9.5, 7.3125], "texture": "#2"}
			}
		},
		{
			"from": [5.66597, -11.40047, 8.302],
			"to": [8.46597, -10.05047, 10.902],
			"rotation": {"angle": 0, "axis": "y", "origin": [7.66597, -11.40047, 8.302]},
			"faces": {
				"north": {"uv": [11, 0, 12.375, 0.6875], "texture": "#2"},
				"east": {"uv": [11, 2, 12.3125, 2.6875], "texture": "#2"},
				"south": {"uv": [11, 1, 12.375, 1.6875], "texture": "#2"},
				"west": {"uv": [11, 3, 12.3125, 3.6875], "texture": "#2"},
				"up": {"uv": [8.375, 5.3125, 7, 4], "texture": "#2"},
				"down": {"uv": [5.875, 7, 4.5, 8.3125], "texture": "#2"}
			}
		},
		{
			"from": [2.28215, -10.82445, 8.304],
			"to": [5.77815, -8.82845, 10.9],
			"rotation": {"angle": -22.5, "axis": "z", "origin": [4.28015, -10.82645, 8.302]},
			"faces": {
				"north": {"uv": [7, 5.5, 8.75, 6.5], "texture": "#2"},
				"east": {"uv": [8, 0, 9.3125, 1], "texture": "#2"},
				"south": {"uv": [6, 7, 7.75, 8], "texture": "#2"},
				"west": {"uv": [2.5, 9.5, 3.8125, 10.5], "texture": "#2"},
				"up": {"uv": [5.75, 2.3125, 4, 1], "texture": "#2"},
				"down": {"uv": [5.75, 2.5, 4, 3.8125], "texture": "#2"}
			}
		},
		{
			"from": [7.88118, -11.98326, 5.105],
			"to": [9.87718, -8.48726, 7.701],
			"rotation": {"angle": -45, "axis": "z", "origin": [9.87918, -9.98526, 5.103]},
			"faces": {
				"north": {"uv": [3, 7.5, 4, 9.25], "texture": "#2"},
				"east": {"uv": [4, 4, 5.3125, 5.75], "texture": "#2"},
				"south": {"uv": [1.5, 8, 2.5, 9.75], "texture": "#2"},
				"west": {"uv": [0, 5, 1.3125, 6.75], "texture": "#2"},
				"up": {"uv": [6.5, 10.8125, 5.5, 9.5], "texture": "#2"},
				"down": {"uv": [10.5, 6, 9.5, 7.3125], "texture": "#2"}
			}
		},
		{
			"from": [5.66597, -11.40047, 5.102],
			"to": [8.46597, -10.05047, 7.702],
			"rotation": {"angle": 0, "axis": "y", "origin": [7.66597, -11.40047, 5.102]},
			"faces": {
				"north": {"uv": [11, 0, 12.375, 0.6875], "texture": "#2"},
				"east": {"uv": [11, 2, 12.3125, 2.6875], "texture": "#2"},
				"south": {"uv": [11, 1, 12.375, 1.6875], "texture": "#2"},
				"west": {"uv": [11, 3, 12.3125, 3.6875], "texture": "#2"},
				"up": {"uv": [8.375, 5.3125, 7, 4], "texture": "#2"},
				"down": {"uv": [5.875, 7, 4.5, 8.3125], "texture": "#2"}
			}
		},
		{
			"from": [2.28215, -10.82445, 5.104],
			"to": [5.77815, -8.82845, 7.7],
			"rotation": {"angle": -22.5, "axis": "z", "origin": [4.28015, -10.82645, 5.102]},
			"faces": {
				"north": {"uv": [7, 5.5, 8.75, 6.5], "texture": "#2"},
				"east": {"uv": [8, 0, 9.3125, 1], "texture": "#2"},
				"south": {"uv": [6, 7, 7.75, 8], "texture": "#2"},
				"west": {"uv": [2.5, 9.5, 3.8125, 10.5], "texture": "#2"},
				"up": {"uv": [5.75, 2.3125, 4, 1], "texture": "#2"},
				"down": {"uv": [5.75, 2.5, 4, 3.8125], "texture": "#2"}
			}
		},
		{
			"from": [5.66597, -11.40047, 11.302],
			"to": [8.46597, -10.05047, 13.902],
			"rotation": {"angle": 0, "axis": "y", "origin": [7.66597, -11.40047, 11.302]},
			"faces": {
				"north": {"uv": [11, 0, 12.375, 0.6875], "texture": "#2"},
				"east": {"uv": [11, 2, 12.3125, 2.6875], "texture": "#2"},
				"south": {"uv": [11, 1, 12.375, 1.6875], "texture": "#2"},
				"west": {"uv": [11, 3, 12.3125, 3.6875], "texture": "#2"},
				"up": {"uv": [8.375, 5.3125, 7, 4], "texture": "#2"},
				"down": {"uv": [5.875, 7, 4.5, 8.3125], "texture": "#2"}
			}
		}
	],
	"display": {
		"thirdperson_righthand": {
			"rotation": [90, 180, 0],
			"translation": [0, -2, 6.75],
			"scale": [0.44758, 0.42609, 0.44758]
		},
		"thirdperson_lefthand": {
			"rotation": [90, 0, 0],
			"translation": [0, -2, 6.75],
			"scale": [0.44758, 0.42609, 0.44758]
		},
		"firstperson_righthand": {
			"rotation": [113, 0, 0],
			"translation": [15, -0.75, -7.25],
			"scale": [0.81, 0.81, 0.81]
		},
		"firstperson_lefthand": {
			"rotation": [-75.99, 70.95, -129.58],
			"translation": [13, -4.25, -7.25],
			"scale": [0.81, 0.81, 0.81]
		},
		"ground": {
			"rotation": [6.1, -15.61, -137.51],
			"translation": [0, 5.5, 0],
			"scale": [0.49, 0.49, 0.49]
		},
		"gui": {
			"rotation": [-135.42, -27.71, 36.42],
			"translation": [-0.5, -1, 0],
			"scale": [0.37, 0.37, 0.37]
		},
		"head": {
			"rotation": [51.75, -55.75, 0],
			"translation": [31.5, -3, 5.25],
			"scale": [1.04, 1.04, 1.04]
		},
		"fixed": {
			"rotation": [-71, 0, 0],
			"translation": [0, 8.5, -24],
			"scale": [1.56, 1.56, 1.56]
		}
	},
	"groups": [
		0,
		1,
		2,
		3,
		4,
		5,
		6,
		7,
		8,
		9,
		10,
		{
			"name": "group",
			"origin": [10.954, -7.7857, 3.6561],
			"color": 0,
			"children": [11, 12, 13]
		},
		14,
		15,
		16,
		17,
		18,
		19,
		20,
		21,
		22,
		23,
		24,
		25,
		26,
		27,
		28,
		29,
		30,
		31,
		32,
		33,
		34,
		35,
		36,
		37,
		38,
		39,
		40,
		41,
		42,
		43,
		44,
		45,
		46,
		47,
		48,
		49,
		50,
		51,
		52,
		53,
		54
	]
}