{"textures":{"0":"modelengine:entity/ice_crater_small"},"elements":[{"from":[6.51,7.255,5.0200005],"to":[9.49,8.745,10.98],"faces":{"east":{"uv":[11.0,10.25,12.0,10.5],"tintindex":0,"rotation":0,"texture":"#0"},"south":{"uv":[5.0,11.0,5.5,11.25],"tintindex":0,"rotation":0,"texture":"#0"},"north":{"uv":[8.0,9.25,8.5,9.5],"tintindex":0,"rotation":0,"texture":"#0"},"west":{"uv":[11.25,2.0,12.25,2.25],"tintindex":0,"rotation":0,"texture":"#0"},"up":{"uv":[3.25,11.5,2.75,10.5],"tintindex":0,"rotation":0,"texture":"#0"},"down":{"uv":[11.0,2.75,10.5,3.75],"tintindex":0,"rotation":0,"texture":"#0"}}}],"display":{"gui":{"rotation":[30,225,0]}}}