{
	"credit": "Made with Blockbench",
	"texture_size": [8, 8],
	"textures": {
		"0": "./pegangan",
		"2": "./kertas",
		"particle": "./texture"
	},
	"elements": [
		{
			"from": [9.4, 3, 1],
			"to": [19.4, 5, 15],
			"rotation": {"angle": 22.5, "axis": "z", "origin": [11.4, 3, 1]},
			"faces": {
				"north": {"uv": [5.75, 2, 8.25, 2.5], "texture": "#0"},
				"east": {"uv": [5.75, 0, 9.25, 0.5], "texture": "#0"},
				"south": {"uv": [5.75, 2.5, 8.25, 3], "texture": "#0"},
				"west": {"uv": [5.75, 0.5, 9.25, 1], "texture": "#0"},
				"up": {"uv": [2.5, 3.5, 0, 0], "texture": "#0"},
				"down": {"uv": [5, 0, 2.5, 3.5], "texture": "#0"}
			}
		},
		{
			"from": [18.7, 0.86147, 6.4],
			"to": [18.7, 6.06147, 9.6],
			"rotation": {"angle": 0, "axis": "y", "origin": [10.7, 3.96147, 0.5]},
			"faces": {
				"north": {"uv": [0, 0, 0, 10], "texture": "#2"},
				"east": {"uv": [0, 0, 6, 10], "texture": "#2"},
				"south": {"uv": [0, 0, 0, 10], "texture": "#2"},
				"west": {"uv": [0, 0, 6, 10], "texture": "#2"},
				"up": {"uv": [0, 6, 0, 0], "texture": "#2"},
				"down": {"uv": [0, 0, 0, 6], "texture": "#2"}
			}
		},
		{
			"from": [-2.7, 0.86147, 6.4],
			"to": [-2.7, 6.06147, 9.6],
			"rotation": {"angle": 0, "axis": "y", "origin": [5.3, 3.96147, 0.5]},
			"faces": {
				"north": {"uv": [0, 0, 0, 10], "texture": "#2"},
				"east": {"uv": [6, 0, 0, 10], "texture": "#2"},
				"south": {"uv": [0, 0, 0, 10], "texture": "#2"},
				"west": {"uv": [6, 0, 0, 10], "texture": "#2"},
				"up": {"uv": [0, 6, 0, 0], "texture": "#2"},
				"down": {"uv": [0, 0, 0, 6], "texture": "#2"}
			}
		},
		{
			"from": [-3.3, 3, 1],
			"to": [6.7, 5, 15],
			"rotation": {"angle": -22.5, "axis": "z", "origin": [4.7, 3, 1]},
			"faces": {
				"north": {"uv": [8.25, 2, 5.75, 2.5], "texture": "#0"},
				"east": {"uv": [9.25, 0.5, 5.75, 1], "texture": "#0"},
				"south": {"uv": [8.25, 2.5, 5.75, 3], "texture": "#0"},
				"west": {"uv": [9.25, 0, 5.75, 0.5], "texture": "#0"},
				"up": {"uv": [0, 3.5, 2.5, 0], "texture": "#0"},
				"down": {"uv": [2.5, 0, 5, 3.5], "texture": "#0"}
			}
		},
		{
			"from": [-2.9, 5, 1.4],
			"to": [7.6, 6, 14.6],
			"rotation": {"angle": -22.5, "axis": "z", "origin": [4.7, 3, 1]},
			"faces": {
				"north": {"uv": [0, 6.79688, 2.375, 6.76563], "texture": "#0"},
				"east": {"uv": [9.04688, 3.25, 5.75, 3.5], "texture": "#0"},
				"south": {"uv": [0, 6.79688, 2.375, 6.79688], "texture": "#0"},
				"west": {"uv": [0, 6.79688, 0, 3.5], "texture": "#0"},
				"up": {"uv": [0, 6.79688, 2.375, 3.5], "texture": "#0"},
				"down": {"uv": [2.5, 3.5, 4.875, 6.79688], "texture": "#0"}
			}
		},
		{
			"from": [8.5, 5, 1.4],
			"to": [19, 6, 14.6],
			"rotation": {"angle": 22.5, "axis": "z", "origin": [11.4, 3, 1]},
			"faces": {
				"north": {"uv": [2.375, 6.79688, 0, 6.75], "texture": "#0"},
				"east": {"uv": [0, 6.79688, 0, 3.5], "texture": "#0"},
				"south": {"uv": [2.375, 6.79688, 0, 6.79688], "texture": "#0"},
				"west": {"uv": [5.75, 3.25, 9.04688, 3.5], "texture": "#0"},
				"up": {"uv": [2.375, 6.79688, 0, 3.5], "texture": "#0"},
				"down": {"uv": [4.875, 3.5, 2.5, 6.79688], "texture": "#0"}
			}
		},
		{
			"from": [-3.5, 7.4, 1.4],
			"to": [7, 7.4, 14.6],
			"rotation": {"angle": -45, "axis": "z", "origin": [4.1, 4.4, 1]},
			"faces": {
				"north": {"uv": [8.125, 3.5, 5.75, 3.75], "texture": "#0"},
				"east": {"uv": [9.04688, 3.25, 5.75, 3.5], "texture": "#0"},
				"south": {"uv": [8.125, 3.75, 5.75, 4], "texture": "#0"},
				"west": {"uv": [9.04688, 3, 5.75, 3.25], "texture": "#0"},
				"up": {"uv": [0, 6.79688, 2.375, 3.5], "texture": "#0"},
				"down": {"uv": [0, 6.79688, 2.375, 3.5], "texture": "#0"}
			}
		},
		{
			"from": [3.1, 5, 1.4],
			"to": [13.6, 5, 14.6],
			"rotation": {"angle": 45, "axis": "z", "origin": [6, 8, 1]},
			"faces": {
				"north": {"uv": [8.125, 3.5, 5.75, 3.75], "rotation": 180, "texture": "#0"},
				"east": {"uv": [9.04688, 3, 5.75, 3.25], "rotation": 180, "texture": "#0"},
				"south": {"uv": [8.125, 3.75, 5.75, 4], "rotation": 180, "texture": "#0"},
				"west": {"uv": [9.04688, 3.25, 5.75, 3.5], "rotation": 180, "texture": "#0"},
				"up": {"uv": [0, 6.79688, 2.375, 3.5], "rotation": 180, "texture": "#0"},
				"down": {"uv": [0, 6.79688, 2.375, 3.5], "rotation": 180, "texture": "#0"}
			}
		},
		{
			"from": [6.55324, 2.23563, 1.001],
			"to": [9.55124, 4.23363, 14.999],
			"rotation": {"angle": 0, "axis": "y", "origin": [7.55224, 2.23463, 1]},
			"faces": {
				"north": {"uv": [5.75, 4, 6.5, 4.5], "texture": "#0"},
				"east": {"uv": [5.75, 1, 9.25, 1.5], "texture": "#0"},
				"south": {"uv": [5.75, 4.5, 6.5, 5], "texture": "#0"},
				"west": {"uv": [5.75, 1.5, 9.25, 2], "texture": "#0"},
				"up": {"uv": [5.75, 3.5, 5, 0], "texture": "#0"},
				"down": {"uv": [5.75, 3.5, 5, 7], "texture": "#0"}
			}
		}
	],
	"display": {
		"thirdperson_righthand": {
			"rotation": [87.08, 7.68, 15.7],
			"translation": [0, 4.25, 1.75],
			"scale": [0.58, 0.58, 0.58]
		},
		"thirdperson_lefthand": {
			"rotation": [87.08, 7.68, 15.7],
			"translation": [0, 4.25, 1.75],
			"scale": [0.58, 0.58, 0.58]
		},
		"ground": {
			"translation": [0, 6.5, 0]
		},
		"gui": {
			"rotation": [41.25, 31.75, 0],
			"translation": [0, 0.25, 0],
			"scale": [0.5, 0.5, 0.5]
		},
		"head": {
			"rotation": [-88, 0, 0],
			"translation": [17.25, 0, -3],
			"scale": [0.7, 0.7, 0.74]
		},
		"fixed": {
			"rotation": [-70.75, 0, 0],
			"translation": [0, 0, -22.25],
			"scale": [2.49, 2.49, 2.49]
		}
	}
}