{
	"credit": "Made with Blockbench",
	"texture_size": [64, 64],
	"textures": {
		"3": "./mokadmask"
	},
	"elements": [
		{
			"from": [-5.30444, 16.63831, 11.61775],
			"to": [-3.20234, 22.94461, 13.71985],
			"rotation": {"angle": 0, "axis": "y", "origin": [-2.3615, 20.05422, 8.4646]},
			"faces": {
				"north": {"uv": [7.5, 0, 8, 1.5], "texture": "#3"},
				"east": {"uv": [7.5, 1.5, 8, 3], "texture": "#3"},
				"south": {"uv": [7, 7.5, 7.5, 9], "texture": "#3"},
				"west": {"uv": [7.5, 7.5, 8, 9], "texture": "#3"},
				"up": {"uv": [7.5, 9.5, 7, 9], "texture": "#3"},
				"down": {"uv": [9.5, 7, 9, 7.5], "texture": "#3"}
			}
		},
		{
			"from": [1.8427, 10.23481, 10.80165],
			"to": [6.0469, 16.54111, 15.00585],
			"rotation": {"angle": 22.5, "axis": "z", "origin": [-2.3615, -2.90332, -12.32145]},
			"faces": {
				"north": {"uv": [0, 3, 1, 4.5], "texture": "#3"},
				"east": {"uv": [3, 0, 4, 1.5], "texture": "#3"},
				"south": {"uv": [1, 3, 2, 4.5], "texture": "#3"},
				"west": {"uv": [3, 1.5, 4, 3], "texture": "#3"},
				"up": {"uv": [6, 5, 5, 4], "texture": "#3"},
				"down": {"uv": [6, 5, 5, 6], "texture": "#3"}
			}
		},
		{
			"from": [-2.3615, -2.90332, 6.59745],
			"to": [-0.2594, 1.30088, 8.69955],
			"rotation": {"angle": 0, "axis": "y", "origin": [12.3532, -2.90332, 6.59745]},
			"faces": {
				"north": {"uv": [7.5, 3, 8, 4], "texture": "#3"},
				"east": {"uv": [6, 8, 6.5, 9], "texture": "#3"},
				"south": {"uv": [6.5, 8, 7, 9], "texture": "#3"},
				"west": {"uv": [8, 7.5, 8.5, 8.5], "texture": "#3"},
				"up": {"uv": [8, 9.5, 7.5, 9], "texture": "#3"},
				"down": {"uv": [9.5, 7.5, 9, 8], "texture": "#3"}
			}
		},
		{
			"from": [-2.3615, -2.90332, 10.80165],
			"to": [-0.2594, 1.30088, 15.00585],
			"rotation": {"angle": 0, "axis": "y", "origin": [12.3532, -2.90332, 6.59745]},
			"faces": {
				"north": {"uv": [8.5, 0, 9, 1], "texture": "#3"},
				"east": {"uv": [0, 6, 1, 7], "texture": "#3"},
				"south": {"uv": [8.5, 1, 9, 2], "texture": "#3"},
				"west": {"uv": [1, 6, 2, 7], "texture": "#3"},
				"up": {"uv": [9, 3, 8.5, 2], "texture": "#3"},
				"down": {"uv": [9, 3, 8.5, 4], "texture": "#3"}
			}
		},
		{
			"from": [-2.3615, -0.80122, 8.69955],
			"to": [-0.2594, 1.30088, 10.80165],
			"rotation": {"angle": 0, "axis": "y", "origin": [12.3532, -2.90332, 6.59745]},
			"faces": {
				"north": {"uv": [9, 8, 9.5, 8.5], "texture": "#3"},
				"east": {"uv": [9, 8.5, 9.5, 9], "texture": "#3"},
				"south": {"uv": [9, 9, 9.5, 9.5], "texture": "#3"},
				"west": {"uv": [1.5, 9.25, 2, 9.75], "texture": "#3"},
				"up": {"uv": [2.5, 9.75, 2, 9.25], "texture": "#3"},
				"down": {"uv": [3, 9.25, 2.5, 9.75], "texture": "#3"}
			}
		},
		{
			"from": [-2.3615, 1.30088, 15.00585],
			"to": [-0.2594, 11.81138, 17.10795],
			"rotation": {"angle": 0, "axis": "y", "origin": [12.3532, -2.90332, 6.59745]},
			"faces": {
				"north": {"uv": [3, 4.5, 3.5, 7.25], "texture": "#3"},
				"east": {"uv": [3.5, 4.5, 4, 7.25], "texture": "#3"},
				"south": {"uv": [4, 4.5, 4.5, 7.25], "texture": "#3"},
				"west": {"uv": [4.5, 4.5, 5, 7.25], "texture": "#3"},
				"up": {"uv": [3.5, 9.75, 3, 9.25], "texture": "#3"},
				"down": {"uv": [4, 9.25, 3.5, 9.75], "texture": "#3"}
			}
		},
		{
			"from": [-0.2594, 3.40298, 8.69955],
			"to": [-0.2594, 9.70928, 15.00585],
			"rotation": {"angle": 0, "axis": "y", "origin": [12.3532, -2.90332, 6.59745]},
			"faces": {
				"north": {"uv": [0, 0, 0, 1.5], "texture": "#3"},
				"east": {"uv": [0, 0, 1.5, 1.5], "texture": "#3"},
				"south": {"uv": [0, 0, 0, 1.5], "texture": "#3"},
				"west": {"uv": [0, 1.5, 1.5, 3], "texture": "#3"},
				"up": {"uv": [0, 1.5, 0, 0], "texture": "#3"},
				"down": {"uv": [0, 0, 0, 1.5], "texture": "#3"}
			}
		},
		{
			"from": [-2.3615, 1.30088, 6.59745],
			"to": [-0.2594, 3.40298, 15.00585],
			"rotation": {"angle": 0, "axis": "y", "origin": [12.3532, -2.90332, 6.59745]},
			"faces": {
				"north": {"uv": [4, 9.25, 4.5, 9.75], "texture": "#3"},
				"east": {"uv": [6, 4, 8, 4.5], "texture": "#3"},
				"south": {"uv": [4.5, 9.25, 5, 9.75], "texture": "#3"},
				"west": {"uv": [6, 4.5, 8, 5], "texture": "#3"},
				"up": {"uv": [2.5, 8, 2, 6], "texture": "#3"},
				"down": {"uv": [3, 6, 2.5, 8], "texture": "#3"}
			}
		},
		{
			"from": [-2.3615, 3.40298, 6.59745],
			"to": [-0.2594, 9.70928, 8.69955],
			"rotation": {"angle": 0, "axis": "y", "origin": [12.3532, -2.90332, 6.59745]},
			"faces": {
				"north": {"uv": [3, 7.75, 3.5, 9.25], "texture": "#3"},
				"east": {"uv": [3.5, 7.75, 4, 9.25], "texture": "#3"},
				"south": {"uv": [4, 7.75, 4.5, 9.25], "texture": "#3"},
				"west": {"uv": [4.5, 7.75, 5, 9.25], "texture": "#3"},
				"up": {"uv": [5.5, 9.75, 5, 9.25], "texture": "#3"},
				"down": {"uv": [6, 9.25, 5.5, 9.75], "texture": "#3"}
			}
		},
		{
			"from": [-2.3615, 3.40298, 4.49535],
			"to": [-0.2594, 5.50508, 6.59745],
			"rotation": {"angle": 0, "axis": "y", "origin": [12.3532, -2.90332, 6.59745]},
			"faces": {
				"north": {"uv": [0, 9.5, 0.5, 10], "texture": "#3"},
				"east": {"uv": [9.5, 0, 10, 0.5], "texture": "#3"},
				"south": {"uv": [0.5, 9.5, 1, 10], "texture": "#3"},
				"west": {"uv": [9.5, 0.5, 10, 1], "texture": "#3"},
				"up": {"uv": [1.5, 10, 1, 9.5], "texture": "#3"},
				"down": {"uv": [10, 1, 9.5, 1.5], "texture": "#3"}
			}
		},
		{
			"from": [-2.3615, 7.60718, 4.49535],
			"to": [-0.2594, 9.70928, 6.59745],
			"rotation": {"angle": 0, "axis": "y", "origin": [12.3532, -2.90332, 6.59745]},
			"faces": {
				"north": {"uv": [9.5, 1.5, 10, 2], "texture": "#3"},
				"east": {"uv": [9.5, 2, 10, 2.5], "texture": "#3"},
				"south": {"uv": [9.5, 2.5, 10, 3], "texture": "#3"},
				"west": {"uv": [9.5, 4, 10, 4.5], "texture": "#3"},
				"up": {"uv": [10, 5, 9.5, 4.5], "texture": "#3"},
				"down": {"uv": [6.5, 9.5, 6, 10], "texture": "#3"}
			}
		},
		{
			"from": [-2.3615, 9.70928, 10.80165],
			"to": [-0.2594, 11.81138, 15.00585],
			"rotation": {"angle": 0, "axis": "y", "origin": [12.3532, -2.90332, 6.59745]},
			"faces": {
				"north": {"uv": [6.5, 9.5, 7, 10], "texture": "#3"},
				"east": {"uv": [8, 5.25, 9, 5.75], "texture": "#3"},
				"south": {"uv": [7, 9.5, 7.5, 10], "texture": "#3"},
				"west": {"uv": [8.5, 4, 9.5, 4.5], "texture": "#3"},
				"up": {"uv": [9, 8.5, 8.5, 7.5], "texture": "#3"},
				"down": {"uv": [8.5, 8.5, 8, 9.5], "texture": "#3"}
			}
		},
		{
			"from": [-2.3615, 9.70928, 4.49535],
			"to": [-0.2594, 16.01558, 10.80165],
			"rotation": {"angle": 0, "axis": "y", "origin": [12.3532, -2.90332, 6.59745]},
			"faces": {
				"north": {"uv": [0, 8, 0.5, 9.5], "texture": "#3"},
				"east": {"uv": [1.5, 0, 3, 1.5], "texture": "#3"},
				"south": {"uv": [8, 0, 8.5, 1.5], "texture": "#3"},
				"west": {"uv": [1.5, 1.5, 3, 3], "texture": "#3"},
				"up": {"uv": [1, 9.5, 0.5, 8], "texture": "#3"},
				"down": {"uv": [1.5, 8, 1, 9.5], "texture": "#3"}
			}
		},
		{
			"from": [-2.3615, 9.70928, 2.39325],
			"to": [-0.2594, 13.91348, 4.49535],
			"rotation": {"angle": 0, "axis": "y", "origin": [12.3532, -2.90332, 6.59745]},
			"faces": {
				"north": {"uv": [8.5, 8.5, 9, 9.5], "texture": "#3"},
				"east": {"uv": [9, 0, 9.5, 1], "texture": "#3"},
				"south": {"uv": [9, 1, 9.5, 2], "texture": "#3"},
				"west": {"uv": [9, 2, 9.5, 3], "texture": "#3"},
				"up": {"uv": [10, 7.5, 9.5, 7], "texture": "#3"},
				"down": {"uv": [8, 9.5, 7.5, 10], "texture": "#3"}
			}
		},
		{
			"from": [-2.3, 17.57667, 10.17102],
			"to": [-0.23994, 22.83192, 12.23108],
			"rotation": {"angle": 45, "axis": "x", "origin": [14.87463, 8.67427, -7.0662]},
			"faces": {
				"north": {"uv": [1.5, 8, 2, 9.25], "texture": "#3"},
				"east": {"uv": [8, 1.5, 8.5, 2.75], "texture": "#3"},
				"south": {"uv": [2, 8, 2.5, 9.25], "texture": "#3"},
				"west": {"uv": [2.5, 8, 3, 9.25], "texture": "#3"},
				"up": {"uv": [10, 8, 9.5, 7.5], "texture": "#3"},
				"down": {"uv": [8.5, 9.5, 8, 10], "texture": "#3"}
			}
		},
		{
			"from": [-2.3, 17.57667, 3.02388],
			"to": [-0.23994, 22.83192, 5.08394],
			"rotation": {"angle": 45, "axis": "x", "origin": [14.87463, 8.67427, -7.0662]},
			"faces": {
				"north": {"uv": [8, 2.75, 8.5, 4], "texture": "#3"},
				"east": {"uv": [8, 4, 8.5, 5.25], "texture": "#3"},
				"south": {"uv": [5, 8, 5.5, 9.25], "texture": "#3"},
				"west": {"uv": [5.5, 8, 6, 9.25], "texture": "#3"},
				"up": {"uv": [10, 8.5, 9.5, 8], "texture": "#3"},
				"down": {"uv": [9, 9.5, 8.5, 10], "texture": "#3"}
			}
		},
		{
			"from": [2, 2, 0],
			"to": [6, 4, 2],
			"rotation": {"angle": 22.5, "axis": "y", "origin": [0, 0, 0]},
			"faces": {
				"north": {"uv": [8.5, 4.5, 9.5, 5], "texture": "#3"},
				"east": {"uv": [9.5, 8.5, 10, 9], "texture": "#3"},
				"south": {"uv": [9, 3, 10, 3.5], "texture": "#3"},
				"west": {"uv": [9, 9.5, 9.5, 10], "texture": "#3"},
				"up": {"uv": [10, 4, 9, 3.5], "texture": "#3"},
				"down": {"uv": [10, 5, 9, 5.5], "texture": "#3"}
			}
		},
		{
			"from": [2, 4, 0],
			"to": [10, 6, 2],
			"rotation": {"angle": 22.5, "axis": "y", "origin": [0, 0, 0]},
			"faces": {
				"north": {"uv": [5, 6, 7, 6.5], "texture": "#3"},
				"east": {"uv": [9.5, 9, 10, 9.5], "texture": "#3"},
				"south": {"uv": [6, 5, 8, 5.5], "texture": "#3"},
				"west": {"uv": [9.5, 9.5, 10, 10], "texture": "#3"},
				"up": {"uv": [8, 6, 6, 5.5], "texture": "#3"},
				"down": {"uv": [7, 6.5, 5, 7], "texture": "#3"}
			}
		},
		{
			"from": [2, 6, 0],
			"to": [12, 8, 2],
			"rotation": {"angle": 22.5, "axis": "y", "origin": [0, 0, 0]},
			"faces": {
				"north": {"uv": [5, 0, 7.5, 0.5], "texture": "#3"},
				"east": {"uv": [1.5, 9.75, 2, 10.25], "texture": "#3"},
				"south": {"uv": [5, 0.5, 7.5, 1], "texture": "#3"},
				"west": {"uv": [2, 9.75, 2.5, 10.25], "texture": "#3"},
				"up": {"uv": [7.5, 1.5, 5, 1], "texture": "#3"},
				"down": {"uv": [7.5, 1.5, 5, 2], "texture": "#3"}
			}
		},
		{
			"from": [5.43061, 14.27963, 9.5],
			"to": [9.43061, 20.27963, 13.5],
			"rotation": {"angle": 22.5, "axis": "z", "origin": [5.86726, 10.91563, 8]},
			"faces": {
				"north": {"uv": [2, 3, 3, 4.5], "texture": "#3"},
				"east": {"uv": [3, 3, 4, 4.5], "texture": "#3"},
				"south": {"uv": [4, 0, 5, 1.5], "texture": "#3"},
				"west": {"uv": [4, 1.5, 5, 3], "texture": "#3"},
				"up": {"uv": [1, 8, 0, 7], "texture": "#3"},
				"down": {"uv": [2, 7, 1, 8], "texture": "#3"}
			}
		},
		{
			"from": [6.6914, 20.2, 10.5],
			"to": [8.6914, 22.2, 12.5],
			"rotation": {"angle": 22.5, "axis": "z", "origin": [5.86726, 10.91563, 8]},
			"faces": {
				"north": {"uv": [2.5, 9.75, 3, 10.25], "texture": "#3"},
				"east": {"uv": [3, 9.75, 3.5, 10.25], "texture": "#3"},
				"south": {"uv": [3.5, 9.75, 4, 10.25], "texture": "#3"},
				"west": {"uv": [4, 9.75, 4.5, 10.25], "texture": "#3"},
				"up": {"uv": [5, 10.25, 4.5, 9.75], "texture": "#3"},
				"down": {"uv": [5.5, 9.75, 5, 10.25], "texture": "#3"}
			}
		},
		{
			"from": [5.43061, 14.27963, 2.5],
			"to": [9.43061, 20.27963, 6.5],
			"rotation": {"angle": 22.5, "axis": "z", "origin": [5.86726, 10.91563, 8]},
			"faces": {
				"north": {"uv": [4, 3, 5, 4.5], "texture": "#3"},
				"east": {"uv": [0, 4.5, 1, 6], "texture": "#3"},
				"south": {"uv": [1, 4.5, 2, 6], "texture": "#3"},
				"west": {"uv": [2, 4.5, 3, 6], "texture": "#3"},
				"up": {"uv": [6, 8, 5, 7], "texture": "#3"},
				"down": {"uv": [7, 7, 6, 8], "texture": "#3"}
			}
		},
		{
			"from": [6.6914, 20.28289, 3.5],
			"to": [8.6914, 22.28289, 5.5],
			"rotation": {"angle": 22.5, "axis": "z", "origin": [5.86726, 10.91563, 8]},
			"faces": {
				"north": {"uv": [5.5, 9.75, 6, 10.25], "texture": "#3"},
				"east": {"uv": [0, 10, 0.5, 10.5], "texture": "#3"},
				"south": {"uv": [10, 0, 10.5, 0.5], "texture": "#3"},
				"west": {"uv": [0.5, 10, 1, 10.5], "texture": "#3"},
				"up": {"uv": [10.5, 1, 10, 0.5], "texture": "#3"},
				"down": {"uv": [1.5, 10, 1, 10.5], "texture": "#3"}
			}
		},
		{
			"from": [7.5, 2, 13],
			"to": [11.5, 4, 15],
			"rotation": {"angle": -22.5, "axis": "y", "origin": [-1, 0, 0]},
			"faces": {
				"north": {"uv": [9, 5.5, 10, 6], "texture": "#3"},
				"east": {"uv": [10, 1, 10.5, 1.5], "texture": "#3"},
				"south": {"uv": [6, 9, 7, 9.5], "texture": "#3"},
				"west": {"uv": [10, 1.5, 10.5, 2], "texture": "#3"},
				"up": {"uv": [10, 6.5, 9, 6], "texture": "#3"},
				"down": {"uv": [10, 6.5, 9, 7], "texture": "#3"}
			}
		},
		{
			"from": [7.5, 4, 13],
			"to": [15.5, 6, 15],
			"rotation": {"angle": -22.5, "axis": "y", "origin": [-1, 0, 0]},
			"faces": {
				"north": {"uv": [7, 6, 9, 6.5], "texture": "#3"},
				"east": {"uv": [10, 2, 10.5, 2.5], "texture": "#3"},
				"south": {"uv": [7, 6.5, 9, 7], "texture": "#3"},
				"west": {"uv": [10, 2.5, 10.5, 3], "texture": "#3"},
				"up": {"uv": [9, 7.5, 7, 7], "texture": "#3"},
				"down": {"uv": [5, 7.25, 3, 7.75], "texture": "#3"}
			}
		},
		{
			"from": [7, 6, 13],
			"to": [17, 8, 15],
			"rotation": {"angle": -22.5, "axis": "y", "origin": [-1, 0, 0]},
			"faces": {
				"north": {"uv": [5, 2, 7.5, 2.5], "texture": "#3"},
				"east": {"uv": [10, 3, 10.5, 3.5], "texture": "#3"},
				"south": {"uv": [5, 2.5, 7.5, 3], "texture": "#3"},
				"west": {"uv": [10, 3.5, 10.5, 4], "texture": "#3"},
				"up": {"uv": [7.5, 3.5, 5, 3], "texture": "#3"},
				"down": {"uv": [7.5, 3.5, 5, 4], "texture": "#3"}
			}
		}
	],
	"display": {
		"thirdperson_righthand": {
			"rotation": [-2, -90, -90],
			"translation": [0, 0.75, 1.5],
			"scale": [0.4, 0.4, 0.4]
		},
		"thirdperson_lefthand": {
			"rotation": [2, 90, 90],
			"translation": [0, 0.75, 1.5],
			"scale": [0.4, 0.4, 0.4]
		},
		"firstperson_righthand": {
			"rotation": [0, 35, 0],
			"translation": [-0.75, 4.25, 0],
			"scale": [0.4, 0.4, 0.4]
		},
		"firstperson_lefthand": {
			"rotation": [-180, -60, 180],
			"translation": [-0.75, 4.25, 0],
			"scale": [0.4, 0.4, 0.4]
		},
		"ground": {
			"translation": [0, 5.25, 0],
			"scale": [0.6, 0.6, 0.6]
		},
		"gui": {
			"rotation": [-154.82, 130, 179.22],
			"translation": [0, 0.5, 0],
			"scale": [0.55, 0.55, 0.55]
		},
		"head": {
			"rotation": [0, -90, 0],
			"scale": [0.8, 0.8, 0.8]
		},
		"fixed": {
			"rotation": [0, -90, 0],
			"translation": [0, 0, -3.75]
		}
	},
	"groups": [
		{
			"name": "mask",
			"origin": [8, 10.92124, 0.88823],
			"color": 0,
			"children": [0, 1, 2, 3, 4, 5, 6, 7, 8, 9, 10, 11, 12, 13, 14, 15]
		},
		{
			"name": "kuping1",
			"origin": [6.5, 16, 0.5],
			"color": 0,
			"children": [
				16,
				17,
				18,
				{
					"name": "tanduk",
					"origin": [6.5, 16, 0.5],
					"color": 0,
					"children": [19, 20, 21, 22]
				},
				{
					"name": "kuping",
					"origin": [6.5, 16, 0.5],
					"color": 0,
					"children": [23, 24, 25]
				}
			]
		}
	]
}