{
	"credit": "Made with Blockbench",
	"textures": {
		"1": "./main",
		"2": "./1",
		"3": "./2",
		"particle": "./1"
	},
	"elements": [
		{
			"from": [4.505, -0.5, -0.5],
			"to": [4.505, 3.5, 1.5],
			"rotation": {"angle": -45, "axis": "y", "origin": [4, -1, 0]},
			"faces": {
				"north": {"uv": [0, 0, 0, 4], "texture": "#1"},
				"east": {"uv": [0, 0, 2, 4], "texture": "#1"},
				"south": {"uv": [0, 0, 0, 4], "texture": "#1"},
				"west": {"uv": [2, 0, 4, 4], "texture": "#1"},
				"up": {"uv": [0, 2, 0, 0], "texture": "#1"},
				"down": {"uv": [0, 0, 0, 2], "texture": "#1"}
			}
		},
		{
			"from": [4.5, 0.5, 0.5],
			"to": [4.5, 4.5, 2.5],
			"rotation": {"angle": -45, "axis": "y", "origin": [4, -1, 0]},
			"faces": {
				"north": {"uv": [0, 0, 0, 4], "texture": "#1"},
				"east": {"uv": [0, 4, 2, 8], "texture": "#1"},
				"south": {"uv": [0, 0, 0, 4], "texture": "#1"},
				"west": {"uv": [4, 0, 6, 4], "texture": "#1"},
				"up": {"uv": [0, 2, 0, 0], "texture": "#1"},
				"down": {"uv": [0, 0, 0, 2], "texture": "#1"}
			}
		},
		{
			"from": [4.5, 2.5, 2.5],
			"to": [4.5, 5.5, 3.5],
			"rotation": {"angle": -45, "axis": "y", "origin": [4, -1, 0]},
			"faces": {
				"north": {"uv": [0, 0, 0, 3], "texture": "#1"},
				"east": {"uv": [0, 12, 1, 15], "texture": "#1"},
				"south": {"uv": [0, 0, 0, 3], "texture": "#1"},
				"west": {"uv": [12, 0, 13, 3], "texture": "#1"},
				"up": {"uv": [0, 1, 0, 0], "texture": "#1"},
				"down": {"uv": [0, 0, 0, 1], "texture": "#1"}
			}
		},
		{
			"from": [4.5, 3.5, 3.5],
			"to": [4.5, 5.5, 4.5],
			"rotation": {"angle": -45, "axis": "y", "origin": [4, -1, 0]},
			"faces": {
				"north": {"uv": [0, 0, 0, 2], "texture": "#1"},
				"east": {"uv": [10, 13, 11, 15], "texture": "#1"},
				"south": {"uv": [0, 0, 0, 2], "texture": "#1"},
				"west": {"uv": [11, 13, 12, 15], "texture": "#1"},
				"up": {"uv": [0, 1, 0, 0], "texture": "#1"},
				"down": {"uv": [0, 0, 0, 1], "texture": "#1"}
			}
		},
		{
			"from": [5.5, 0.5, -2.75],
			"to": [7.5, 2.5, -2.75],
			"rotation": {"angle": 0, "axis": "y", "origin": [4, 0, 0]},
			"faces": {
				"north": {"uv": [14, 10, 16, 12], "texture": "#1"},
				"east": {"uv": [0, 0, 0, 2], "texture": "#1"},
				"south": {"uv": [0, 0, 2, 2], "texture": "#1"},
				"west": {"uv": [0, 0, 0, 2], "texture": "#1"},
				"up": {"uv": [0, 0, 2, 0], "texture": "#1"},
				"down": {"uv": [0, 0, 2, 0], "texture": "#1"}
			}
		},
		{
			"from": [3.5, 2.5, -2.75],
			"to": [4.5, 4.5, -2.75],
			"rotation": {"angle": 0, "axis": "y", "origin": [4, 0, 0]},
			"faces": {
				"north": {"uv": [0, 0, 2, 4], "texture": "#2"},
				"east": {"uv": [0, 0, 0, 4], "texture": "#2"},
				"south": {"uv": [2, 0, 4, 4], "texture": "#2"},
				"west": {"uv": [0, 0, 0, 4], "texture": "#2"},
				"up": {"uv": [2, 0, 0, 0], "texture": "#2"},
				"down": {"uv": [2, 0, 0, 0], "texture": "#2"}
			}
		},
		{
			"from": [11.5, 2.5, -2.75],
			"to": [12.5, 4.5, -2.75],
			"rotation": {"angle": 0, "axis": "y", "origin": [4, 0, 0]},
			"faces": {
				"north": {"uv": [0, 0, 2, 4], "texture": "#2"},
				"east": {"uv": [0, 0, 0, 4], "texture": "#2"},
				"south": {"uv": [2, 0, 4, 4], "texture": "#2"},
				"west": {"uv": [0, 0, 0, 4], "texture": "#2"},
				"up": {"uv": [2, 0, 0, 0], "texture": "#2"},
				"down": {"uv": [2, 0, 0, 0], "texture": "#2"}
			}
		},
		{
			"from": [8.5, 0.5, -2.75],
			"to": [10.5, 2.5, -2.75],
			"rotation": {"angle": 0, "axis": "y", "origin": [4, 0, 0]},
			"faces": {
				"north": {"uv": [16, 10, 14, 12], "texture": "#1"},
				"east": {"uv": [0, 0, 0, 2], "texture": "#1"},
				"south": {"uv": [0, 0, 2, 2], "texture": "#1"},
				"west": {"uv": [0, 0, 0, 2], "texture": "#1"},
				"up": {"uv": [0, 0, 2, 0], "texture": "#1"},
				"down": {"uv": [0, 0, 2, 0], "texture": "#1"}
			}
		},
		{
			"from": [4.5, 1.5, -2.8],
			"to": [6.5, 3.5, -2.8],
			"rotation": {"angle": 0, "axis": "y", "origin": [4, 0, 0]},
			"faces": {
				"north": {"uv": [0, 0, 4, 4], "texture": "#3"},
				"east": {"uv": [0, 0, 0, 2], "texture": "#3"},
				"south": {"uv": [0, 0, 2, 2], "texture": "#3"},
				"west": {"uv": [0, 0, 0, 2], "texture": "#3"},
				"up": {"uv": [0, 0, 2, 0], "texture": "#3"},
				"down": {"uv": [0, 0, 2, 0], "texture": "#3"}
			}
		},
		{
			"from": [9.5, 1.5, -2.8],
			"to": [11.5, 3.5, -2.8],
			"rotation": {"angle": 0, "axis": "y", "origin": [4, 0, 0]},
			"faces": {
				"north": {"uv": [4, 0, 0, 4], "texture": "#3"},
				"east": {"uv": [0, 0, 0, 2], "texture": "#3"},
				"south": {"uv": [0, 0, 2, 2], "texture": "#3"},
				"west": {"uv": [0, 0, 0, 2], "texture": "#3"},
				"up": {"uv": [0, 0, 2, 0], "texture": "#3"},
				"down": {"uv": [0, 0, 2, 0], "texture": "#3"}
			}
		},
		{
			"from": [5, 4, -1.5],
			"to": [6, 5, -0.5],
			"rotation": {"angle": 45, "axis": "z", "origin": [4, 0, 0]},
			"faces": {
				"north": {"uv": [0, 16, 1, 15], "texture": "#1"},
				"east": {"uv": [0, 16, 1, 15], "texture": "#1"},
				"south": {"uv": [0, 16, 1, 15], "texture": "#1"},
				"west": {"uv": [0, 16, 1, 15], "texture": "#1"},
				"up": {"uv": [0, 16, 1, 15], "texture": "#1"},
				"down": {"uv": [0, 16, 1, 15], "texture": "#1"}
			}
		},
		{
			"from": [6, 3, -1.5],
			"to": [7, 5, -0.5],
			"rotation": {"angle": 45, "axis": "z", "origin": [4, 0, 0]},
			"faces": {
				"north": {"uv": [14, 1, 15, 3], "texture": "#1"},
				"east": {"uv": [15, 8, 16, 10], "texture": "#1"},
				"south": {"uv": [14, 1, 15, 3], "texture": "#1"},
				"west": {"uv": [15, 1, 14, 3], "texture": "#1"},
				"up": {"uv": [3, 19, 2, 18], "texture": "#1"},
				"down": {"uv": [19, 2, 18, 3], "texture": "#1"}
			}
		},
		{
			"from": [7, 2, -1.5],
			"to": [8, 5, -0.5],
			"rotation": {"angle": 45, "axis": "z", "origin": [4, 0, 0]},
			"faces": {
				"north": {"uv": [3, 12, 4, 15], "texture": "#1"},
				"east": {"uv": [13, 3, 14, 6], "texture": "#1"},
				"south": {"uv": [3, 12.25, 4, 15], "texture": "#1"},
				"west": {"uv": [3, 12, 4, 15], "texture": "#1"},
				"up": {"uv": [4, 13, 3, 12], "texture": "#1"},
				"down": {"uv": [19, 3, 18, 4], "texture": "#1"}
			}
		},
		{
			"from": [9, 6, -1.5],
			"to": [10, 8.5, -0.5],
			"rotation": {"angle": 45, "axis": "z", "origin": [4, 0, 0]},
			"faces": {
				"north": {"uv": [14, 12, 15, 14.25], "texture": "#1"},
				"east": {"uv": [14, 12, 15, 14.25], "texture": "#1"},
				"south": {"uv": [14, 12, 15, 14.25], "texture": "#1"},
				"west": {"uv": [14, 12, 15, 14.25], "texture": "#1"},
				"up": {"uv": [14, 12, 15, 14.25], "texture": "#1"},
				"down": {"uv": [14, 12, 15, 14.25], "texture": "#1"}
			}
		},
		{
			"from": [0.25, 8.5, -1.6],
			"to": [1.25, 11.5, -0.6],
			"rotation": {"angle": -22.5, "axis": "z", "origin": [4, 0, 0]},
			"faces": {
				"north": {"uv": [4, 16, 5, 14], "texture": "#1"},
				"east": {"uv": [2, 16, 3, 15], "texture": "#1"},
				"south": {"uv": [2, 16, 3, 15], "texture": "#1"},
				"west": {"uv": [2, 16, 3, 15], "texture": "#1"},
				"up": {"uv": [2, 16, 3, 15], "texture": "#1"},
				"down": {"uv": [2, 16, 3, 15], "texture": "#1"}
			}
		},
		{
			"from": [-0.75, 10.5, -1.1],
			"to": [0.25, 11.5, -1.1],
			"rotation": {"angle": -22.5, "axis": "z", "origin": [4, 0, 0]},
			"faces": {
				"north": {"uv": [14, 4, 15, 3], "texture": "#1"},
				"east": {"uv": [14, 4, 15, 3], "texture": "#1"},
				"south": {"uv": [14, 4, 15, 3], "texture": "#1"},
				"west": {"uv": [14, 4, 15, 3], "texture": "#1"},
				"up": {"uv": [14, 4, 15, 3], "texture": "#1"},
				"down": {"uv": [14, 4, 15, 3], "texture": "#1"}
			}
		},
		{
			"from": [-1.75, 11.5, -1.1],
			"to": [1.25, 12.5, -1.1],
			"rotation": {"angle": -22.5, "axis": "z", "origin": [4, 0, 0]},
			"faces": {
				"north": {"uv": [7, 12, 10, 13], "texture": "#1"},
				"east": {"uv": [7, 12, 10, 13], "texture": "#1"},
				"south": {"uv": [10, 12, 7, 13], "texture": "#1"},
				"west": {"uv": [7, 12, 10, 13], "texture": "#1"},
				"up": {"uv": [7, 12, 10, 13], "texture": "#1"},
				"down": {"uv": [7, 12, 10, 13], "texture": "#1"}
			}
		},
		{
			"from": [8, 2, -1.5],
			"to": [10, 6, -0.5],
			"rotation": {"angle": 45, "axis": "z", "origin": [4, 0, 0]},
			"faces": {
				"north": {"uv": [2, 8, 0, 12], "texture": "#1"},
				"east": {"uv": [0, 8, 1.25, 12], "texture": "#1"},
				"south": {"uv": [2, 8, 0, 12], "texture": "#1"},
				"west": {"uv": [1, 8, 2, 12], "texture": "#1"},
				"up": {"uv": [2, 9, 0, 8], "texture": "#1"},
				"down": {"uv": [0, 12, 2, 11], "texture": "#1"}
			}
		},
		{
			"from": [9, -0.5, 5],
			"to": [9, 3.5, 7],
			"rotation": {"angle": 45, "axis": "y", "origin": [4, 0, 0]},
			"faces": {
				"north": {"uv": [0, 0, 0, 4], "texture": "#1"},
				"east": {"uv": [2, 4, 4, 8], "texture": "#1"},
				"south": {"uv": [0, 0, 0, 4], "texture": "#1"},
				"west": {"uv": [4, 4, 6, 8], "texture": "#1"},
				"up": {"uv": [0, 2, 0, 0], "texture": "#1"},
				"down": {"uv": [0, 0, 0, 2], "texture": "#1"}
			}
		},
		{
			"from": [9, 0.5, 6],
			"to": [9, 4.5, 8],
			"rotation": {"angle": 45, "axis": "y", "origin": [4, 0, 0]},
			"faces": {
				"north": {"uv": [0, 0, 0, 4], "texture": "#1"},
				"east": {"uv": [6, 0, 8, 4], "texture": "#1"},
				"south": {"uv": [0, 0, 0, 4], "texture": "#1"},
				"west": {"uv": [6, 4, 8, 8], "texture": "#1"},
				"up": {"uv": [0, 2, 0, 0], "texture": "#1"},
				"down": {"uv": [0, 0, 0, 2], "texture": "#1"}
			}
		},
		{
			"from": [9, 2.5, 8],
			"to": [9, 5.5, 9],
			"rotation": {"angle": 45, "axis": "y", "origin": [4, 0, 0]},
			"faces": {
				"north": {"uv": [0, 0, 0, 3], "texture": "#1"},
				"east": {"uv": [0, 12, 1, 15], "texture": "#1"},
				"south": {"uv": [0, 0, 0, 3], "texture": "#1"},
				"west": {"uv": [2, 12, 3, 15], "texture": "#1"},
				"up": {"uv": [0, 1, 0, 0], "texture": "#1"},
				"down": {"uv": [0, 0, 0, 1], "texture": "#1"}
			}
		},
		{
			"from": [9, 3.5, 9],
			"to": [9, 5.5, 10],
			"rotation": {"angle": 45, "axis": "y", "origin": [4, 0, 0]},
			"faces": {
				"north": {"uv": [0, 0, 0, 2], "texture": "#1"},
				"east": {"uv": [12, 13, 13, 15], "texture": "#1"},
				"south": {"uv": [0, 0, 0, 2], "texture": "#1"},
				"west": {"uv": [13, 12, 14, 14], "texture": "#1"},
				"up": {"uv": [0, 1, 0, 0], "texture": "#1"},
				"down": {"uv": [0, 0, 0, 1], "texture": "#1"}
			}
		},
		{
			"from": [3.5, 8, -1.5],
			"to": [5.5, 12, -0.5],
			"rotation": {"angle": -45, "axis": "z", "origin": [3.5, 0.5, -1.5]},
			"faces": {
				"north": {"uv": [0, 8, 2, 12], "texture": "#1"},
				"east": {"uv": [1, 8, 0, 12], "texture": "#1"},
				"south": {"uv": [0, 8, 2, 12], "texture": "#1"},
				"west": {"uv": [2, 8, 1, 12], "texture": "#1"},
				"up": {"uv": [2, 9, 0, 8], "texture": "#1"},
				"down": {"uv": [16, 0, 14, 1], "texture": "#1"}
			}
		},
		{
			"from": [10.3, 5.5, -1.45],
			"to": [12.3, 9.5, -0.7],
			"rotation": {"angle": 0, "axis": "y", "origin": [10.5, -1.5, -1.5]},
			"faces": {
				"north": {"uv": [2, 8, 4, 12], "texture": "#1"},
				"east": {"uv": [6, 12, 6.75, 16], "texture": "#1"},
				"south": {"uv": [4, 8, 2, 12], "texture": "#1"},
				"west": {"uv": [3, 8, 4, 12], "texture": "#1"},
				"up": {"uv": [4, 8, 2, 9], "texture": "#1"},
				"down": {"uv": [18, 15, 16, 15.75], "texture": "#1"}
			}
		},
		{
			"from": [3.3, 5.5, -1.45],
			"to": [5.3, 9.5, -0.7],
			"rotation": {"angle": 0, "axis": "y", "origin": [10.5, -1.5, -1.5]},
			"faces": {
				"north": {"uv": [4, 8, 2, 12], "texture": "#1"},
				"east": {"uv": [4, 8, 3, 12], "texture": "#1"},
				"south": {"uv": [2, 8, 4, 12], "texture": "#1"},
				"west": {"uv": [6, 12, 6.75, 15], "texture": "#1"},
				"up": {"uv": [4, 8, 2, 9], "texture": "#1"},
				"down": {"uv": [2, 17, 0, 17.75], "texture": "#1"}
			}
		},
		{
			"from": [3.5, 12, -1.5],
			"to": [4.5, 14.5, -0.5],
			"rotation": {"angle": -45, "axis": "z", "origin": [3.5, 0.5, -1.5]},
			"faces": {
				"north": {"uv": [14, 12, 15, 14], "texture": "#1"},
				"east": {"uv": [13, 14, 14, 16], "texture": "#1"},
				"south": {"uv": [14, 14, 15, 16], "texture": "#1"},
				"west": {"uv": [0, 15, 1, 17], "texture": "#1"},
				"up": {"uv": [10, 16, 9, 15.25], "texture": "#1"},
				"down": {"uv": [11, 17, 10, 18], "texture": "#1"}
			}
		},
		{
			"from": [15.25, 10, -1.6],
			"to": [16.25, 13, -0.6],
			"rotation": {"angle": 22.5, "axis": "z", "origin": [15.5, -1.5, -1.5]},
			"faces": {
				"north": {"uv": [4, 14, 5, 16], "texture": "#1"},
				"east": {"uv": [4, 14, 5, 16], "texture": "#1"},
				"south": {"uv": [4, 14, 5, 16], "texture": "#1"},
				"west": {"uv": [4, 14, 5, 16], "texture": "#1"},
				"up": {"uv": [4, 14, 5, 16], "texture": "#1"},
				"down": {"uv": [4, 14, 5, 16], "texture": "#1"}
			}
		},
		{
			"from": [14.4, 12.75, -1.1],
			"to": [17.4, 13.75, -1.1],
			"rotation": {"angle": 22.5, "axis": "z", "origin": [14.5, 0.5, -1.5]},
			"faces": {
				"north": {"uv": [7, 12, 10, 13], "texture": "#1"},
				"east": {"uv": [11, 17, 12, 18], "texture": "#1"},
				"south": {"uv": [10, 12, 7, 13], "texture": "#1"},
				"west": {"uv": [12, 17, 13, 18], "texture": "#1"},
				"up": {"uv": [15, 11, 12, 10], "texture": "#1"},
				"down": {"uv": [15, 11, 12, 12], "texture": "#1"}
			}
		},
		{
			"from": [15.4, 11.75, -1.1],
			"to": [16.4, 12.75, -1.1],
			"rotation": {"angle": 22.5, "axis": "z", "origin": [14.5, 0.5, -1.5]},
			"faces": {
				"north": {"uv": [14, 3, 15, 4], "texture": "#1"},
				"east": {"uv": [14, 3, 15, 4], "texture": "#1"},
				"south": {"uv": [14, 3, 15, 4], "texture": "#1"},
				"west": {"uv": [14, 3, 15, 4], "texture": "#1"},
				"up": {"uv": [14, 3, 15, 4], "texture": "#1"},
				"down": {"uv": [14, 3, 15, 4], "texture": "#1"}
			}
		},
		{
			"from": [5.5, 8, -1.5],
			"to": [6.5, 11, -0.5],
			"rotation": {"angle": -45, "axis": "z", "origin": [3.5, 0.5, -1.5]},
			"faces": {
				"north": {"uv": [3, 12, 4, 15], "texture": "#1"},
				"east": {"uv": [3, 12, 4, 15], "texture": "#1"},
				"south": {"uv": [3, 12, 4, 15], "texture": "#1"},
				"west": {"uv": [3, 12, 4, 15], "texture": "#1"},
				"up": {"uv": [15, 1, 16, 0], "texture": "#1"},
				"down": {"uv": [3, 13.75, 4, 15], "texture": "#1"}
			}
		},
		{
			"from": [6.5, 9, -1.5],
			"to": [7.5, 11, -0.5],
			"rotation": {"angle": -45, "axis": "z", "origin": [3.5, 0.5, -1.5]},
			"faces": {
				"north": {"uv": [14, 1, 15, 3], "texture": "#1"},
				"east": {"uv": [14, 1, 15, 3], "texture": "#1"},
				"south": {"uv": [14, 1, 15, 3], "texture": "#1"},
				"west": {"uv": [14, 7, 15, 9], "texture": "#1"},
				"up": {"uv": [3, 16, 2, 15], "texture": "#1"},
				"down": {"uv": [14, 2, 15, 3], "texture": "#1"}
			}
		},
		{
			"from": [7.5, 10, -1.5],
			"to": [8.5, 11, -0.5],
			"rotation": {"angle": -45, "axis": "z", "origin": [3.5, 0.5, -1.5]},
			"faces": {
				"north": {"uv": [0, 16, 1, 15], "texture": "#1"},
				"east": {"uv": [0, 16, 1, 15], "texture": "#1"},
				"south": {"uv": [0, 16, 1, 15], "texture": "#1"},
				"west": {"uv": [0, 16, 1, 15], "texture": "#1"},
				"up": {"uv": [0, 16, 1, 15], "texture": "#1"},
				"down": {"uv": [0, 16, 1, 15], "texture": "#1"}
			}
		},
		{
			"from": [5, -9.5, 1.5],
			"to": [5.5, -1.5, 2.5],
			"faces": {
				"north": {"uv": [6.75, 0.25, 6, 0.75], "texture": "#1"},
				"east": {"uv": [6.75, 0.25, 5.25, 0.75], "texture": "#1"},
				"south": {"uv": [6.75, 0.25, 5.25, 0.75], "texture": "#1"},
				"west": {"uv": [5.75, 0.25, 5.25, 0.5], "texture": "#1"},
				"up": {"uv": [6.75, 0.25, 5.25, 0.75], "texture": "#1"},
				"down": {"uv": [6.75, 0.25, 5.25, 0.75], "texture": "#1"}
			}
		},
		{
			"from": [6, -9.5, 1.5],
			"to": [6.5, -1.5, 2.5],
			"faces": {
				"north": {"uv": [5.75, 0, 6.5, 0.5], "texture": "#1"},
				"east": {"uv": [5.75, 0, 6.5, 0.5], "texture": "#1"},
				"south": {"uv": [5.75, 0, 6.5, 0.5], "texture": "#1"},
				"west": {"uv": [5.75, 0, 6.5, 0.5], "texture": "#1"},
				"up": {"uv": [5.75, 0, 6.5, 0.5], "texture": "#1"},
				"down": {"uv": [5.75, 0, 6.5, 0.5], "texture": "#1"}
			}
		},
		{
			"from": [7, -9.5, 1.5],
			"to": [7.5, -1.5, 2.5],
			"faces": {
				"north": {"uv": [5.25, 1, 6.75, 0], "texture": "#1"},
				"east": {"uv": [4.75, 1, 6.75, 0], "texture": "#1"},
				"south": {"uv": [4.75, 1, 6.75, 0], "texture": "#1"},
				"west": {"uv": [4.75, 1, 6.75, 0], "texture": "#1"},
				"up": {"uv": [4.75, 1, 6.75, 0], "texture": "#1"},
				"down": {"uv": [4.75, 1, 6.75, 0], "texture": "#1"}
			}
		},
		{
			"from": [10.5, -9.5, 1.5],
			"to": [11, -1.5, 2.5],
			"faces": {
				"north": {"uv": [5, 0, 7, 0.75], "texture": "#1"},
				"east": {"uv": [5, 0, 7.5, 0.25], "texture": "#1"},
				"south": {"uv": [5, 0, 7.5, 0.25], "texture": "#1"},
				"west": {"uv": [5, 0, 7.5, 0.25], "texture": "#1"},
				"up": {"uv": [5, 0, 7.5, 0.25], "texture": "#1"},
				"down": {"uv": [5, 0, 7.5, 0.25], "texture": "#1"}
			}
		},
		{
			"from": [5, -9.5, 2],
			"to": [11, -1.5, 3],
			"faces": {
				"north": {"uv": [3, 0, 1, 3.5], "texture": "#1"},
				"east": {"uv": [3, 0, 1, 3.5], "texture": "#1"},
				"south": {"uv": [3, 0, 1, 3.5], "texture": "#1"},
				"west": {"uv": [3, 0, 1, 3.5], "texture": "#1"},
				"up": {"uv": [3, 0, 1, 3.5], "texture": "#1"},
				"down": {"uv": [3, 0, 1, 3.5], "texture": "#1"}
			}
		}
	],
	"display": {
		"thirdperson_righthand": {
			"translation": [0, 1.75, 6.75],
			"scale": [0.5, 0.5, 0.5]
		},
		"thirdperson_lefthand": {
			"translation": [0, 1.75, 6.75],
			"scale": [0.5, 0.5, 0.5]
		},
		"firstperson_righthand": {
			"rotation": [-120, 0, 0],
			"translation": [0, 1.75, 6.75],
			"scale": [0.5, 0.5, 0.5]
		},
		"firstperson_lefthand": {
			"rotation": [-120, 0, 0],
			"translation": [0, 1.75, 6.75],
			"scale": [0.5, 0.5, 0.5]
		},
		"ground": {
			"translation": [0, 0, 7]
		},
		"gui": {
			"rotation": [-154.82, 44, 179.22],
			"translation": [3.25, 5.5, 0],
			"scale": [0.69, 0.69, 0.69]
		},
		"head": {
			"translation": [0, 11.5, 15],
			"scale": [2, 2, 2]
		},
		"fixed": {
			"translation": [0, 9.25, 5.25]
		}
	},
	"groups": [
		{
			"name": "kuping",
			"origin": [0, 0, 0],
			"color": 0,
			"children": [0, 1, 2, 3]
		},
		{
			"name": "mata",
			"origin": [0, 0, 0],
			"color": 0,
			"children": [4, 5, 6, 7, 8, 9]
		},
		{
			"name": "tanduk1",
			"origin": [0, 0, 0],
			"color": 0,
			"children": [10, 11, 12, 13, 14, 15, 16, 17]
		},
		{
			"name": "kuping1",
			"origin": [0, 0, 0],
			"color": 0,
			"children": [18, 19, 20, 21]
		},
		{
			"name": "tanduk",
			"origin": [8, 8, 8],
			"color": 0,
			"children": [22, 23, 24, 25, 26, 27, 28, 29, 30, 31]
		},
		{
			"name": "rambut",
			"origin": [0, 0, 0],
			"color": 0,
			"children": [32, 33, 34, 35, 36]
		}
	]
}