{
	"credit": "Made with Blockbench",
	"texture_size": [64, 64],
	"textures": {
		"0": "./faizmask",
		"particle": "./faizmask"
	},
	"elements": [
		{
			"from": [-2, 11, 7],
			"to": [18, 15, 9],
			"faces": {
				"north": {"uv": [0, 0, 5, 1], "texture": "#0"},
				"east": {"uv": [3, 7.5, 3.5, 8.5], "texture": "#0"},
				"south": {"uv": [0, 1, 5, 2], "texture": "#0"},
				"west": {"uv": [3.5, 7.5, 4, 8.5], "texture": "#0"},
				"up": {"uv": [9, 3.5, 4, 3], "texture": "#0"},
				"down": {"uv": [9, 3.5, 4, 4], "texture": "#0"}
			}
		},
		{
			"from": [-2, 7, 7],
			"to": [18, 9, 9],
			"faces": {
				"north": {"uv": [4, 4, 9, 4.5], "texture": "#0"},
				"east": {"uv": [2.25, 8.5, 2.75, 9], "texture": "#0"},
				"south": {"uv": [4, 4.5, 9, 5], "texture": "#0"},
				"west": {"uv": [8.5, 2.5, 9, 3], "texture": "#0"},
				"up": {"uv": [5, 5.5, 0, 5], "texture": "#0"},
				"down": {"uv": [10, 0, 5, 0.5], "texture": "#0"}
			}
		},
		{
			"from": [2, 23.12507, 0.26186],
			"to": [14, 25.12507, 2.26186],
			"rotation": {"angle": 22.5, "axis": "x", "origin": [-2, 4.12507, -6.73814]},
			"faces": {
				"north": {"uv": [0, 5.5, 3, 6], "texture": "#0"},
				"east": {"uv": [0.75, 8.5, 1.25, 9], "texture": "#0"},
				"south": {"uv": [3, 5.5, 6, 6], "texture": "#0"},
				"west": {"uv": [1.25, 8.5, 1.75, 9], "texture": "#0"},
				"up": {"uv": [3, 6, 0, 5.5], "texture": "#0"},
				"down": {"uv": [6, 6, 3, 6.5], "texture": "#0"}
			}
		},
		{
			"from": [2, -1.45042, 8.68089],
			"to": [14, 0.54958, 10.68089],
			"rotation": {"angle": -22.5, "axis": "x", "origin": [-2, -2.45042, 1.68089]},
			"faces": {
				"north": {"uv": [6, 5.5, 9, 6], "texture": "#0"},
				"east": {"uv": [2.75, 8.5, 3.25, 9], "texture": "#0"},
				"south": {"uv": [6, 6, 9, 6.5], "texture": "#0"},
				"west": {"uv": [3.25, 8.5, 3.75, 9], "texture": "#0"},
				"up": {"uv": [3, 7, 0, 6.5], "texture": "#0"},
				"down": {"uv": [9, 5.5, 6, 6], "texture": "#0"}
			}
		},
		{
			"from": [0, 15, 7],
			"to": [16, 19, 9],
			"faces": {
				"north": {"uv": [0, 2, 4, 3], "texture": "#0"},
				"east": {"uv": [2, 7.5, 2.5, 8.5], "texture": "#0"},
				"south": {"uv": [0, 3, 4, 4], "texture": "#0"},
				"west": {"uv": [2.5, 7.5, 3, 8.5], "texture": "#0"},
				"up": {"uv": [4, 2.5, 0, 2], "texture": "#0"},
				"down": {"uv": [9, 1, 5, 1.5], "texture": "#0"}
			}
		},
		{
			"from": [0, 3, 7],
			"to": [16, 7, 9],
			"faces": {
				"north": {"uv": [0, 4, 4, 5], "texture": "#0"},
				"east": {"uv": [8, 2, 8.5, 3], "texture": "#0"},
				"south": {"uv": [4, 2, 8, 3], "texture": "#0"},
				"west": {"uv": [4, 8, 4.5, 9], "texture": "#0"},
				"up": {"uv": [9, 2, 5, 1.5], "texture": "#0"},
				"down": {"uv": [9, 5, 5, 5.5], "texture": "#0"}
			}
		},
		{
			"from": [-2, 9, 7],
			"to": [2, 11, 9],
			"faces": {
				"north": {"uv": [4, 7.5, 5, 8], "texture": "#0"},
				"east": {"uv": [1.75, 8.5, 2.25, 9], "texture": "#0"},
				"south": {"uv": [5, 7.5, 6, 8], "texture": "#0"},
				"west": {"uv": [8.5, 2, 9, 2.5], "texture": "#0"},
				"up": {"uv": [7, 8, 6, 7.5], "texture": "#0"},
				"down": {"uv": [8, 7.5, 7, 8], "texture": "#0"}
			}
		},
		{
			"from": [6, 9, 7],
			"to": [18, 11, 9],
			"faces": {
				"north": {"uv": [6, 6.5, 9, 7], "texture": "#0"},
				"east": {"uv": [6.5, 8.5, 7, 9], "texture": "#0"},
				"south": {"uv": [0, 7, 3, 7.5], "texture": "#0"},
				"west": {"uv": [7, 8.5, 7.5, 9], "texture": "#0"},
				"up": {"uv": [6, 7.5, 3, 7], "texture": "#0"},
				"down": {"uv": [9, 7, 6, 7.5], "texture": "#0"}
			}
		},
		{
			"from": [2, 9, 8],
			"to": [6, 13, 8],
			"faces": {
				"north": {"uv": [0, 7.5, 1, 8.5], "texture": "#0"},
				"east": {"uv": [0, 0, 0, 1], "texture": "#0"},
				"south": {"uv": [1, 7.5, 2, 8.5], "texture": "#0"},
				"west": {"uv": [0, 0, 0, 1], "texture": "#0"},
				"up": {"uv": [1, 0, 0, 0], "texture": "#0"},
				"down": {"uv": [1, 0, 0, 0], "texture": "#0"}
			}
		},
		{
			"from": [-5, 11.2, 7.1],
			"to": [-2, 13.2, 9],
			"rotation": {"angle": -45, "axis": "z", "origin": [0, 0, 0]},
			"faces": {
				"north": {"uv": [4.5, 8, 5.25, 8.5], "texture": "#0"},
				"east": {"uv": [4.5, 8.5, 5, 9], "texture": "#0"},
				"south": {"uv": [5.25, 8, 6, 8.5], "texture": "#0"},
				"west": {"uv": [5, 8.5, 5.5, 9], "texture": "#0"},
				"up": {"uv": [6.75, 8.5, 6, 8], "texture": "#0"},
				"down": {"uv": [7.5, 8, 6.75, 8.5], "texture": "#0"}
			}
		},
		{
			"from": [-6.5, 6.5, 7.1],
			"to": [-3.5, 8.5, 9.1],
			"rotation": {"angle": -45, "axis": "z", "origin": [0, 0, 0]},
			"faces": {
				"north": {"uv": [7.5, 8, 8.25, 8.5], "texture": "#0"},
				"east": {"uv": [5.5, 8.5, 6, 9], "texture": "#0"},
				"south": {"uv": [8, 7.5, 8.75, 8], "texture": "#0"},
				"west": {"uv": [6, 8.5, 6.5, 9], "texture": "#0"},
				"up": {"uv": [9, 8.5, 8.25, 8], "texture": "#0"},
				"down": {"uv": [0.75, 8.5, 0, 9], "texture": "#0"}
			}
		},
		{
			"from": [-2, 10, 9],
			"to": [-2, 12, 27],
			"faces": {
				"north": {"uv": [14.5625, 0, 15.0625, 0.5], "texture": "#0"},
				"east": {"uv": [14.5625, 0, 15.0625, 0.5], "texture": "#0"},
				"south": {"uv": [14.5625, 0, 15.0625, 0.5], "texture": "#0"},
				"west": {"uv": [14.5625, 0, 15.0625, 0.5], "texture": "#0"},
				"up": {"uv": [14.5625, 0, 15.0625, 0.5], "texture": "#0"},
				"down": {"uv": [14.5625, 0, 15.0625, 0.5], "texture": "#0"}
			}
		},
		{
			"from": [18, 10, 9],
			"to": [18, 12, 27],
			"faces": {
				"north": {"uv": [14.5625, 0, 15.0625, 0.5], "texture": "#0"},
				"east": {"uv": [14.5625, 0, 15.0625, 0.5], "texture": "#0"},
				"south": {"uv": [14.5625, 0, 15.0625, 0.5], "texture": "#0"},
				"west": {"uv": [14.5625, 0, 15.0625, 0.5], "texture": "#0"},
				"up": {"uv": [14.5625, 0, 15.0625, 0.5], "texture": "#0"},
				"down": {"uv": [14.5625, 0, 15.0625, 0.5], "texture": "#0"}
			}
		},
		{
			"from": [-2, 10, 27],
			"to": [18, 12, 27],
			"faces": {
				"north": {"uv": [14.625, 0.5, 14.8125, 0], "texture": "#0"},
				"east": {"uv": [14.625, 0.5, 14.8125, 0], "texture": "#0"},
				"south": {"uv": [14.625, 0.5, 14.8125, 0], "texture": "#0"},
				"west": {"uv": [14.625, 0.5, 14.8125, 0], "texture": "#0"},
				"up": {"uv": [14.625, 0.5, 14.8125, 0], "texture": "#0"},
				"down": {"uv": [14.625, 0.5, 14.8125, 0], "texture": "#0"}
			}
		}
	],
	"display": {
		"thirdperson_righthand": {
			"scale": [0.5, 0.5, 0.5]
		},
		"thirdperson_lefthand": {
			"scale": [0.5, 0.5, 0.5]
		},
		"firstperson_righthand": {
			"rotation": [-174.07, 47.29, 179.22],
			"translation": [-3, 4.25, 0],
			"scale": [0.5, 0.5, 0.5]
		},
		"firstperson_lefthand": {
			"rotation": [-174.07, 47.29, 179.22],
			"translation": [-3, 4.25, 0],
			"scale": [0.5, 0.5, 0.5]
		},
		"ground": {
			"scale": [0.5, 0.5, 0.5]
		},
		"gui": {
			"rotation": [-154.82, 47.29, 179.22],
			"translation": [-3, -1.5, 0],
			"scale": [0.5, 0.5, 0.5]
		},
		"head": {
			"translation": [0, -3, -8.25],
			"scale": [0.9, 0.9, 0.9]
		},
		"fixed": {
			"translation": [0, -3, 0]
		}
	},
	"groups": [
		{
			"name": "group",
			"origin": [8, 8, 8],
			"color": 0,
			"children": [0, 1, 2, 3, 4, 5, 6, 7, 8]
		},
		9,
		10,
		11,
		12,
		13
	]
}