{"textures":{"1":"starlight:/wings_texture","2":"starlight:/spark","3":"starlight:/add_on"},"elements":[{"from":[11.537136,9.176158,10.241343],"to":[12.939152,10.578174,10.80215],"faces":{"east":{"uv":[9.5,3.6666698,9.33333,4.16667],"tintindex":0,"rotation":0,"texture":"#1"},"south":{"uv":[6.83333,6.33333,6.33333,6.83333],"tintindex":0,"rotation":0,"texture":"#1"},"north":{"uv":[6.83333,5.33333,6.33333,5.83333],"tintindex":0,"rotation":0,"texture":"#1"},"west":{"uv":[9.5,2.6666698,9.33333,3.1666698],"tintindex":0,"rotation":0,"texture":"#1"},"up":{"uv":[9.33333,4.83333,9.83333,4.66667],"tintindex":0,"rotation":0,"texture":"#1"},"down":{"uv":[5.33333,9.33333,5.83333,9.5],"tintindex":0,"rotation":0,"texture":"#1"}},"rotation":{"origin":[15.429748,8.371364,12.354881],"angle":22.5,"axis":"z"}},{"from":[8.194581,14.280093,11.690093],"to":[15.438328,21.75751,13.092108],"faces":{"south":{"uv":[16.0,0.050000004,0.0,16.0],"tintindex":0,"rotation":0,"texture":"#3"},"north":{"uv":[0.0,0.050000004,16.0,16.0],"tintindex":0,"rotation":0,"texture":"#3"}}},{"from":[-2.865611,2.402049,10.428278],"to":[10.453537,15.721197,10.661947],"faces":{"south":{"uv":[4.75,5.33333,0.0,10.08333],"tintindex":0,"rotation":90,"texture":"#1"},"north":{"uv":[0.0,5.33333,4.75,10.08333],"tintindex":0,"rotation":270,"texture":"#1"}},"rotation":{"origin":[3.7939625,9.061623,10.545113],"angle":45.0,"axis":"z"}},{"from":[3.190816,6.478316,10.264709],"to":[4.592831,7.8803315,10.778782],"faces":{"east":{"uv":[7.66667,9.33333,7.83333,9.83333],"tintindex":0,"rotation":0,"texture":"#1"},"south":{"uv":[6.66667,1.0,7.16667,1.5],"tintindex":0,"rotation":0,"texture":"#1"},"north":{"uv":[6.66667,0.0,7.16667,0.5],"tintindex":0,"rotation":0,"texture":"#1"},"west":{"uv":[8.33333,9.33333,8.5,9.83333],"tintindex":0,"rotation":0,"texture":"#1"},"up":{"uv":[9.5,9.5,9.0,9.33333],"tintindex":0,"rotation":0,"texture":"#1"},"down":{"uv":[10.16667,0.0,9.66667,0.16667001],"tintindex":0,"rotation":0,"texture":"#1"}},"rotation":{"origin":[0.5702524,8.371364,12.354881],"angle":22.5,"axis":"z"}},{"from":[3.179244,8.161791,10.288076],"to":[3.7867842,9.563807,10.755416],"faces":{"east":{"uv":[6.33333,9.33333,6.5,9.83333],"tintindex":0,"rotation":0,"texture":"#1"},"south":{"uv":[8.66667,2.3333302,8.91667,2.8333302],"tintindex":0,"rotation":0,"texture":"#1"},"north":{"uv":[8.66667,1.33333,8.91667,1.83333],"tintindex":0,"rotation":0,"texture":"#1"},"west":{"uv":[7.0,9.33333,7.16667,9.83333],"tintindex":0,"rotation":0,"texture":"#1"},"up":{"uv":[10.58333,6.83333,10.33333,6.66667],"tintindex":0,"rotation":0,"texture":"#1"},"down":{"uv":[7.58333,10.33333,7.33333,10.5],"tintindex":0,"rotation":0,"texture":"#1"}}},{"from":[6.836383,16.318745,12.0335865],"to":[7.789754,17.272116,12.748614],"faces":{"east":{"uv":[9.66667,0.66667,9.91667,1.0],"tintindex":0,"rotation":0,"texture":"#1"},"south":{"uv":[9.0,7.33333,9.33333,7.66667],"tintindex":0,"rotation":0,"texture":"#1"},"north":{"uv":[9.0,6.66667,9.33333,7.0],"tintindex":0,"rotation":0,"texture":"#1"},"west":{"uv":[9.66667,6.66667,9.91667,7.0],"tintindex":0,"rotation":0,"texture":"#1"},"up":{"uv":[10.0,7.58333,9.66667,7.33333],"tintindex":0,"rotation":0,"texture":"#1"},"down":{"uv":[10.0,8.0,9.66667,8.25],"tintindex":0,"rotation":0,"texture":"#1"}},"rotation":{"origin":[8.0,16.1085,12.3911],"angle":-45.0,"axis":"z"}},{"from":[0.40574932,10.346804,12.3911],"to":[15.594251,25.535305,12.3911],"faces":{"south":{"uv":[0.0,0.0,4.75,4.75],"tintindex":0,"rotation":0,"texture":"#1"},"north":{"uv":[0.0,0.0,4.75,4.75],"tintindex":0,"rotation":0,"texture":"#1"}}},{"from":[3.0608487,9.176158,10.241343],"to":[4.4628644,10.578174,10.80215],"faces":{"east":{"uv":[9.33333,2.6666698,9.5,3.1666698],"tintindex":0,"rotation":0,"texture":"#1"},"south":{"uv":[6.33333,6.33333,6.83333,6.83333],"tintindex":0,"rotation":0,"texture":"#1"},"north":{"uv":[6.33333,5.33333,6.83333,5.83333],"tintindex":0,"rotation":0,"texture":"#1"},"west":{"uv":[9.33333,3.6666698,9.5,4.16667],"tintindex":0,"rotation":0,"texture":"#1"},"up":{"uv":[9.83333,4.83333,9.33333,4.66667],"tintindex":0,"rotation":0,"texture":"#1"},"down":{"uv":[5.83333,9.33333,5.33333,9.5],"tintindex":0,"rotation":0,"texture":"#1"}},"rotation":{"origin":[0.5702524,8.371364,12.354881],"angle":-22.5,"axis":"z"}},{"from":[11.407169,6.478316,10.264709],"to":[12.809184,7.8803315,10.778782],"faces":{"east":{"uv":[8.5,9.33333,8.33333,9.83333],"tintindex":0,"rotation":0,"texture":"#1"},"south":{"uv":[7.16667,1.0,6.66667,1.5],"tintindex":0,"rotation":0,"texture":"#1"},"north":{"uv":[7.16667,0.0,6.66667,0.5],"tintindex":0,"rotation":0,"texture":"#1"},"west":{"uv":[7.83333,9.33333,7.66667,9.83333],"tintindex":0,"rotation":0,"texture":"#1"},"up":{"uv":[9.0,9.5,9.5,9.33333],"tintindex":0,"rotation":0,"texture":"#1"},"down":{"uv":[9.66667,0.0,10.16667,0.16667001],"tintindex":0,"rotation":0,"texture":"#1"}},"rotation":{"origin":[15.429748,8.371364,12.354881],"angle":-22.5,"axis":"z"}},{"from":[3.9433613,3.7246451,10.143202],"to":[4.691103,4.425653,10.9002905],"faces":{"east":{"uv":[9.0,10.0,9.25,10.25],"tintindex":0,"rotation":0,"texture":"#1"},"south":{"uv":[10.0,9.33333,10.25,9.58333],"tintindex":0,"rotation":0,"texture":"#1"},"north":{"uv":[5.33333,10.0,5.58333,10.25],"tintindex":0,"rotation":0,"texture":"#1"},"west":{"uv":[9.66667,10.0,9.91667,10.25],"tintindex":0,"rotation":0,"texture":"#1"},"up":{"uv":[10.58333,0.91667,10.33333,0.66667],"tintindex":0,"rotation":0,"texture":"#1"},"down":{"uv":[10.58333,4.66667,10.33333,4.91667],"tintindex":0,"rotation":0,"texture":"#1"}},"rotation":{"origin":[1.5049291,8.137694,12.354881],"angle":45.0,"axis":"z"}},{"from":[0.5616722,14.280093,11.690093],"to":[7.805419,21.75751,13.092108],"faces":{"south":{"uv":[0.0,0.050000004,16.0,16.0],"tintindex":0,"rotation":0,"texture":"#3"},"north":{"uv":[16.0,0.050000004,0.0,16.0],"tintindex":0,"rotation":0,"texture":"#3"}}},{"from":[12.213216,8.161791,10.288076],"to":[12.820756,9.563807,10.755416],"faces":{"east":{"uv":[7.16667,9.33333,7.0,9.83333],"tintindex":0,"rotation":0,"texture":"#1"},"south":{"uv":[8.91667,2.3333302,8.66667,2.8333302],"tintindex":0,"rotation":0,"texture":"#1"},"north":{"uv":[8.91667,1.33333,8.66667,1.83333],"tintindex":0,"rotation":0,"texture":"#1"},"west":{"uv":[6.5,9.33333,6.33333,9.83333],"tintindex":0,"rotation":0,"texture":"#1"},"up":{"uv":[10.33333,6.83333,10.58333,6.66667],"tintindex":0,"rotation":0,"texture":"#1"},"down":{"uv":[7.33333,10.33333,7.58333,10.5],"tintindex":0,"rotation":0,"texture":"#1"}}},{"from":[8.19703,2.1683798,10.518942],"to":[21.516178,15.487528,10.752611],"faces":{"south":{"uv":[4.75,16.0,0.0,11.25],"tintindex":0,"rotation":90,"texture":"#1"},"north":{"uv":[0.0,16.0,4.75,11.25],"tintindex":0,"rotation":270,"texture":"#1"}},"rotation":{"origin":[10.944962,7.4566236,10.602362],"angle":-22.5,"axis":"y"}},{"from":[6.9978952,14.641897,12.040596],"to":[7.9092054,16.74492,12.741604],"faces":{"east":{"uv":[6.0,8.0,6.25,8.75],"tintindex":0,"rotation":0,"texture":"#1"},"south":{"uv":[6.66667,3.3333302,7.0,4.08333],"tintindex":0,"rotation":0,"texture":"#1"},"north":{"uv":[6.66667,2.0,7.0,2.75],"tintindex":0,"rotation":0,"texture":"#1"},"west":{"uv":[6.66667,8.0,6.91667,8.75],"tintindex":0,"rotation":0,"texture":"#1"},"up":{"uv":[10.0,8.91667,9.66667,8.66667],"tintindex":0,"rotation":0,"texture":"#1"},"down":{"uv":[10.33333,1.33333,10.0,1.58333],"tintindex":0,"rotation":0,"texture":"#1"}},"rotation":{"origin":[8.0,16.1085,12.3911],"angle":-22.5,"axis":"z"}},{"from":[2.5281572,10.475294,10.283403],"to":[3.1637383,11.110874,10.760089],"faces":{"east":{"uv":[10.33333,7.33333,10.5,7.58333],"tintindex":0,"rotation":0,"texture":"#1"},"south":{"uv":[6.0,10.33333,6.25,10.58333],"tintindex":0,"rotation":0,"texture":"#1"},"north":{"uv":[10.33333,5.33333,10.58333,5.58333],"tintindex":0,"rotation":0,"texture":"#1"},"west":{"uv":[8.0,10.33333,8.16667,10.58333],"tintindex":0,"rotation":0,"texture":"#1"},"up":{"uv":[10.58333,8.16667,10.33333,8.0],"tintindex":0,"rotation":0,"texture":"#1"},"down":{"uv":[10.58333,8.66667,10.33333,8.83333],"tintindex":0,"rotation":0,"texture":"#1"}},"rotation":{"origin":[0.5702524,8.371364,12.354881],"angle":-22.5,"axis":"z"}},{"from":[7.63542,14.370056,11.970495],"to":[9.738443,16.47308,12.811705],"faces":{"east":{"uv":[7.33333,4.66667,7.66667,5.41667],"tintindex":0,"rotation":0,"texture":"#1"},"south":{"uv":[5.33333,4.0,6.08333,4.75],"tintindex":0,"rotation":0,"texture":"#1"},"north":{"uv":[5.33333,2.6666698,6.08333,3.4166698],"tintindex":0,"rotation":0,"texture":"#1"},"west":{"uv":[5.33333,7.33333,5.66667,8.08333],"tintindex":0,"rotation":0,"texture":"#1"},"up":{"uv":[6.75,7.66667,6.0,7.33333],"tintindex":0,"rotation":0,"texture":"#1"},"down":{"uv":[8.08333,6.0,7.33333,6.33333],"tintindex":0,"rotation":0,"texture":"#1"}},"rotation":{"origin":[8.0,16.1085,12.3911],"angle":-45.0,"axis":"z"}},{"from":[6.948488,14.085512,12.005546],"to":[9.051512,16.188536,12.776655],"faces":{"east":{"uv":[8.0,2.0,8.25,2.75],"tintindex":0,"rotation":0,"texture":"#1"},"south":{"uv":[5.33333,1.33333,6.08333,2.0833302],"tintindex":0,"rotation":0,"texture":"#1"},"north":{"uv":[5.33333,0.0,6.08333,0.75],"tintindex":0,"rotation":0,"texture":"#1"},"west":{"uv":[8.0,3.3333302,8.25,4.08333],"tintindex":0,"rotation":0,"texture":"#1"},"up":{"uv":[8.75,4.91667,8.0,4.66667],"tintindex":0,"rotation":0,"texture":"#1"},"down":{"uv":[8.75,5.33333,8.0,5.58333],"tintindex":0,"rotation":0,"texture":"#1"}}},{"from":[9.121613,6.335488,10.147875],"to":[9.869354,7.270165,10.8956175],"faces":{"east":{"uv":[9.58333,2.0,9.33333,2.3333302],"tintindex":0,"rotation":0,"texture":"#1"},"south":{"uv":[9.58333,1.33333,9.33333,1.6666701],"tintindex":0,"rotation":0,"texture":"#1"},"north":{"uv":[9.25,8.0,9.0,8.33333],"tintindex":0,"rotation":0,"texture":"#1"},"west":{"uv":[9.25,8.66667,9.0,9.0],"tintindex":0,"rotation":0,"texture":"#1"},"up":{"uv":[10.0,3.5833302,10.25,3.3333302],"tintindex":0,"rotation":0,"texture":"#1"},"down":{"uv":[10.0,4.0,10.25,4.25],"tintindex":0,"rotation":0,"texture":"#1"}}},{"from":[-5.516177,2.1683798,10.518942],"to":[7.80297,15.487528,10.752611],"faces":{"south":{"uv":[4.75,11.25,0.0,16.0],"tintindex":0,"rotation":90,"texture":"#1"},"north":{"uv":[0.0,11.25,4.75,16.0],"tintindex":0,"rotation":270,"texture":"#1"}},"rotation":{"origin":[5.0550385,7.4566236,10.602362],"angle":22.5,"axis":"y"}},{"from":[6.1306458,6.335488,10.147875],"to":[6.8783875,7.270165,10.8956175],"faces":{"east":{"uv":[9.0,8.66667,9.25,9.0],"tintindex":0,"rotation":0,"texture":"#1"},"south":{"uv":[9.33333,1.33333,9.58333,1.6666701],"tintindex":0,"rotation":0,"texture":"#1"},"north":{"uv":[9.0,8.0,9.25,8.33333],"tintindex":0,"rotation":0,"texture":"#1"},"west":{"uv":[9.33333,2.0,9.58333,2.3333302],"tintindex":0,"rotation":0,"texture":"#1"},"up":{"uv":[10.25,3.5833302,10.0,3.3333302],"tintindex":0,"rotation":0,"texture":"#1"},"down":{"uv":[10.25,4.0,10.0,4.25],"tintindex":0,"rotation":0,"texture":"#1"}}},{"from":[8.090795,14.641897,12.040596],"to":[9.002105,16.74492,12.741604],"faces":{"east":{"uv":[8.33333,6.66667,8.58333,7.41667],"tintindex":0,"rotation":0,"texture":"#1"},"south":{"uv":[7.33333,3.3333302,7.66667,4.08333],"tintindex":0,"rotation":0,"texture":"#1"},"north":{"uv":[7.33333,2.0,7.66667,2.75],"tintindex":0,"rotation":0,"texture":"#1"},"west":{"uv":[8.33333,8.0,8.58333,8.75],"tintindex":0,"rotation":0,"texture":"#1"},"up":{"uv":[10.33333,2.25,10.0,2.0],"tintindex":0,"rotation":0,"texture":"#1"},"down":{"uv":[10.33333,2.6666698,10.0,2.9166698],"tintindex":0,"rotation":0,"texture":"#1"}},"rotation":{"origin":[8.0,16.1085,12.3911],"angle":22.5,"axis":"z"}},{"from":[8.194581,7.0366454,11.690093],"to":[15.438328,14.514061,13.092108],"faces":{"south":{"uv":[16.0,16.0,0.0,0.0],"tintindex":0,"rotation":0,"texture":"#3"},"north":{"uv":[0.0,16.0,16.0,0.0],"tintindex":0,"rotation":0,"texture":"#3"}}},{"from":[5.5464635,2.402049,10.428278],"to":[18.865612,15.721197,10.661947],"faces":{"south":{"uv":[4.75,10.08333,0.0,5.33333],"tintindex":0,"rotation":90,"texture":"#1"},"north":{"uv":[0.0,10.08333,4.75,5.33333],"tintindex":0,"rotation":270,"texture":"#1"}},"rotation":{"origin":[12.2060375,9.061623,10.545113],"angle":-45.0,"axis":"z"}},{"from":[0.5616722,7.0366454,11.690093],"to":[7.805419,14.514061,13.092108],"faces":{"south":{"uv":[0.0,16.0,16.0,0.0],"tintindex":0,"rotation":0,"texture":"#3"},"north":{"uv":[16.0,16.0,0.0,0.0],"tintindex":0,"rotation":0,"texture":"#3"}}},{"from":[5.9109316,8.871435,9.960939],"to":[7.312947,10.273451,11.082553],"faces":{"east":{"uv":[7.33333,6.66667,7.75,7.16667],"tintindex":0,"rotation":0,"texture":"#1"},"south":{"uv":[5.33333,6.33333,5.83333,6.83333],"tintindex":0,"rotation":0,"texture":"#1"},"north":{"uv":[5.33333,5.33333,5.83333,5.83333],"tintindex":0,"rotation":0,"texture":"#1"},"west":{"uv":[7.66667,0.0,8.08333,0.5],"tintindex":0,"rotation":0,"texture":"#1"},"up":{"uv":[8.16667,1.4166701,7.66667,1.0],"tintindex":0,"rotation":0,"texture":"#1"},"down":{"uv":[7.83333,7.66667,7.33333,8.08333],"tintindex":0,"rotation":0,"texture":"#1"}},"rotation":{"origin":[1.5049291,8.137694,12.354881],"angle":-45.0,"axis":"z"}},{"from":[8.715972,7.6669445,10.054407],"to":[9.650649,8.601622,10.989085],"faces":{"east":{"uv":[5.66667,8.66667,5.33333,9.0],"tintindex":0,"rotation":0,"texture":"#1"},"south":{"uv":[9.0,4.0,8.66667,4.33333],"tintindex":0,"rotation":0,"texture":"#1"},"north":{"uv":[7.0,4.66667,6.66667,5.0],"tintindex":0,"rotation":0,"texture":"#1"},"west":{"uv":[9.0,3.3333302,8.66667,3.6666698],"tintindex":0,"rotation":0,"texture":"#1"},"up":{"uv":[8.66667,6.33333,9.0,6.0],"tintindex":0,"rotation":0,"texture":"#1"},"down":{"uv":[7.33333,8.66667,7.66667,9.0],"tintindex":0,"rotation":0,"texture":"#1"}},"rotation":{"origin":[14.495071,8.137694,12.354881],"angle":22.5,"axis":"z"}},{"from":[-1.3467703,6.7526155,12.157431],"to":[17.346771,25.446156,12.624769],"faces":{"south":{"uv":[16.0,0.0,0.0,16.0],"tintindex":0,"rotation":0,"texture":"#2"},"north":{"uv":[0.0,0.0,16.0,16.0],"tintindex":0,"rotation":0,"texture":"#2"}}},{"from":[8.687053,8.871435,9.960939],"to":[10.089069,10.273451,11.082553],"faces":{"east":{"uv":[8.08333,0.0,7.66667,0.5],"tintindex":0,"rotation":0,"texture":"#1"},"south":{"uv":[5.83333,6.33333,5.33333,6.83333],"tintindex":0,"rotation":0,"texture":"#1"},"north":{"uv":[5.83333,5.33333,5.33333,5.83333],"tintindex":0,"rotation":0,"texture":"#1"},"west":{"uv":[7.75,6.66667,7.33333,7.16667],"tintindex":0,"rotation":0,"texture":"#1"},"up":{"uv":[7.66667,1.4166701,8.16667,1.0],"tintindex":0,"rotation":0,"texture":"#1"},"down":{"uv":[7.33333,7.66667,7.83333,8.08333],"tintindex":0,"rotation":0,"texture":"#1"}},"rotation":{"origin":[14.495071,8.137694,12.354881],"angle":45.0,"axis":"z"}},{"from":[6.349351,7.6669445,10.054407],"to":[7.284028,8.601622,10.989085],"faces":{"east":{"uv":[8.66667,3.3333302,9.0,3.6666698],"tintindex":0,"rotation":0,"texture":"#1"},"south":{"uv":[8.66667,4.0,9.0,4.33333],"tintindex":0,"rotation":0,"texture":"#1"},"north":{"uv":[6.66667,4.66667,7.0,5.0],"tintindex":0,"rotation":0,"texture":"#1"},"west":{"uv":[5.33333,8.66667,5.66667,9.0],"tintindex":0,"rotation":0,"texture":"#1"},"up":{"uv":[9.0,6.33333,8.66667,6.0],"tintindex":0,"rotation":0,"texture":"#1"},"down":{"uv":[7.66667,8.66667,7.33333,9.0],"tintindex":0,"rotation":0,"texture":"#1"}},"rotation":{"origin":[1.5049291,8.137694,12.354881],"angle":-22.5,"axis":"z"}},{"from":[1.9200287,11.292295,10.288076],"to":[3.3220444,11.899836,10.755416],"faces":{"east":{"uv":[10.33333,6.0,10.5,6.25],"tintindex":0,"rotation":0,"texture":"#1"},"south":{"uv":[8.66667,0.66667,9.16667,0.91667],"tintindex":0,"rotation":0,"texture":"#1"},"north":{"uv":[8.66667,0.0,9.16667,0.25],"tintindex":0,"rotation":0,"texture":"#1"},"west":{"uv":[6.66667,10.33333,6.83333,10.58333],"tintindex":0,"rotation":0,"texture":"#1"},"up":{"uv":[9.83333,5.5,9.33333,5.33333],"tintindex":0,"rotation":0,"texture":"#1"},"down":{"uv":[9.83333,6.0,9.33333,6.16667],"tintindex":0,"rotation":0,"texture":"#1"}},"rotation":{"origin":[0.5702524,8.371364,12.354881],"angle":-45.0,"axis":"z"}},{"from":[-4.3453827,13.345416,10.288076],"to":[2.8983645,20.822832,10.755416],"faces":{"south":{"uv":[0.0,0.050000004,16.0,16.0],"tintindex":0,"rotation":0,"texture":"#3"},"north":{"uv":[16.0,0.050000004,0.0,16.0],"tintindex":0,"rotation":0,"texture":"#3"}}},{"from":[13.101635,13.345416,10.288076],"to":[20.345383,20.822832,10.755416],"faces":{"south":{"uv":[16.0,0.050000004,0.0,16.0],"tintindex":0,"rotation":0,"texture":"#3"},"north":{"uv":[0.0,0.050000004,16.0,16.0],"tintindex":0,"rotation":0,"texture":"#3"}}},{"from":[12.836262,10.475294,10.283403],"to":[13.471843,11.110874,10.760089],"faces":{"east":{"uv":[8.16667,10.33333,8.0,10.58333],"tintindex":0,"rotation":0,"texture":"#1"},"south":{"uv":[6.25,10.33333,6.0,10.58333],"tintindex":0,"rotation":0,"texture":"#1"},"north":{"uv":[10.58333,5.33333,10.33333,5.58333],"tintindex":0,"rotation":0,"texture":"#1"},"west":{"uv":[10.5,7.33333,10.33333,7.58333],"tintindex":0,"rotation":0,"texture":"#1"},"up":{"uv":[10.33333,8.16667,10.58333,8.0],"tintindex":0,"rotation":0,"texture":"#1"},"down":{"uv":[10.33333,8.66667,10.58333,8.83333],"tintindex":0,"rotation":0,"texture":"#1"}},"rotation":{"origin":[15.429748,8.371364,12.354881],"angle":22.5,"axis":"z"}},{"from":[11.308897,3.7246451,10.143202],"to":[12.056639,4.425653,10.9002905],"faces":{"east":{"uv":[9.91667,10.0,9.66667,10.25],"tintindex":0,"rotation":0,"texture":"#1"},"south":{"uv":[10.25,9.33333,10.0,9.58333],"tintindex":0,"rotation":0,"texture":"#1"},"north":{"uv":[5.58333,10.0,5.33333,10.25],"tintindex":0,"rotation":0,"texture":"#1"},"west":{"uv":[9.25,10.0,9.0,10.25],"tintindex":0,"rotation":0,"texture":"#1"},"up":{"uv":[10.33333,0.91667,10.58333,0.66667],"tintindex":0,"rotation":0,"texture":"#1"},"down":{"uv":[10.33333,4.66667,10.58333,4.91667],"tintindex":0,"rotation":0,"texture":"#1"}},"rotation":{"origin":[14.495071,8.137694,12.354881],"angle":-45.0,"axis":"z"}},{"from":[12.677956,11.292295,10.288076],"to":[14.079971,11.899836,10.755416],"faces":{"east":{"uv":[6.83333,10.33333,6.66667,10.58333],"tintindex":0,"rotation":0,"texture":"#1"},"south":{"uv":[9.16667,0.66667,8.66667,0.91667],"tintindex":0,"rotation":0,"texture":"#1"},"north":{"uv":[9.16667,0.0,8.66667,0.25],"tintindex":0,"rotation":0,"texture":"#1"},"west":{"uv":[10.5,6.0,10.33333,6.25],"tintindex":0,"rotation":0,"texture":"#1"},"up":{"uv":[9.33333,5.5,9.83333,5.33333],"tintindex":0,"rotation":0,"texture":"#1"},"down":{"uv":[9.33333,6.0,9.83333,6.16667],"tintindex":0,"rotation":0,"texture":"#1"}},"rotation":{"origin":[15.429748,8.371364,12.354881],"angle":45.0,"axis":"z"}}],"display":{"gui":{"rotation":[30,225,0]}}}