{
	"credit": "Made with Blockbench",
	"textures": {
		"0": "./1",
		"1": "./2",
		"2": "./3",
		"3": "./4",
		"particle": "./1"
	},
	"elements": [
		{
			"from": [9.8018, 18.3114, 12.68168],
			"to": [12.2042, 18.912, 12.68168],
			"rotation": {"angle": -22.5, "axis": "z", "origin": [8.6006, 18.3114, 11]},
			"faces": {
				"north": {"uv": [0, 0, 3, 2], "texture": "#0"},
				"east": {"uv": [0, 0, 0, 2], "texture": "#0"},
				"south": {"uv": [1.03125, 6.5, 0, 7], "texture": "#0"},
				"west": {"uv": [0, 0, 0, 2], "texture": "#0"},
				"up": {"uv": [0, 0, 3, 0], "texture": "#0"},
				"down": {"uv": [0, 0, 3, 0], "texture": "#0"}
			}
		},
		{
			"from": [8.6006, 17.7108, 10.3994],
			"to": [12.2042, 20.1132, 10.3994],
			"rotation": {"angle": -22.5, "axis": "z", "origin": [8.6006, 17.7108, 12.2012]},
			"faces": {
				"north": {"uv": [0, 7.625, 1.53125, 8.6875], "texture": "#0"},
				"east": {"uv": [0, 0, 0, 2], "texture": "#0"},
				"south": {"uv": [1.53125, 7.65625, 0.0625, 8.75], "texture": "#0"},
				"west": {"uv": [0, 0, 0, 2], "texture": "#0"},
				"up": {"uv": [0, 0, 3, 0], "texture": "#0"},
				"down": {"uv": [0, 0, 3, 0], "texture": "#0"}
			}
		},
		{
			"from": [8, 17.7108, 12.8018],
			"to": [11.6036, 20.1132, 12.8018],
			"rotation": {"angle": -22.5, "axis": "z", "origin": [8, 17.7108, 11]},
			"faces": {
				"north": {"uv": [0.0625, 7.65625, 1.53125, 8.75], "texture": "#0"},
				"east": {"uv": [0, 0, 0, 2], "texture": "#0"},
				"south": {"uv": [1.53125, 7.625, 0, 8.6875], "texture": "#0"},
				"west": {"uv": [0, 0, 0, 2], "texture": "#0"},
				"up": {"uv": [0, 0, 3, 0], "texture": "#0"},
				"down": {"uv": [0, 0, 3, 0], "texture": "#0"}
			}
		},
		{
			"from": [11.6036, 17.7108, 10.3994],
			"to": [13.4054, 19.5126, 12.8018],
			"rotation": {"angle": -22.5, "axis": "z", "origin": [10.4024, 17.1102, 11]},
			"faces": {
				"north": {"uv": [0, 6, 3, 9], "texture": "#3"},
				"east": {"uv": [0, 0, 4, 3], "texture": "#3"},
				"south": {"uv": [7, 0, 10, 3], "texture": "#3"},
				"west": {"uv": [0, 3, 4, 6], "texture": "#3"},
				"up": {"uv": [7, 4, 4, 0], "texture": "#3"},
				"down": {"uv": [7, 4, 4, 8], "texture": "#3"}
			}
		},
		{
			"from": [12.55856, 16.57467, 10.28357],
			"to": [13.83783, 17.85395, 11.98928],
			"rotation": {"angle": -22.5, "axis": "z", "origin": [11.7057, 16.14824, 10.71]},
			"faces": {
				"north": {"uv": [0, 6, 3, 9], "texture": "#3"},
				"east": {"uv": [0, 0, 4, 3], "texture": "#3"},
				"south": {"uv": [7, 0, 10, 3], "texture": "#3"},
				"west": {"uv": [0, 3, 4, 6], "texture": "#3"},
				"up": {"uv": [7, 4, 4, 0], "texture": "#3"},
				"down": {"uv": [7, 4, 4, 8], "texture": "#3"}
			}
		},
		{
			"from": [9.2012, 15.909, 12.8018],
			"to": [11.6036, 17.1102, 12.8018],
			"rotation": {"angle": 22.5, "axis": "z", "origin": [9.2012, 18.3114, 11]},
			"faces": {
				"north": {"uv": [0, 0, 1, 2], "rotation": 270, "texture": "#0"},
				"east": {"uv": [0, 0, 1, 0], "rotation": 90, "texture": "#0"},
				"south": {"uv": [0.6875, 11.46875, 3.8125, 10.0625], "rotation": 90, "texture": "#0"},
				"west": {"uv": [0, 0, 1, 0], "rotation": 90, "texture": "#0"},
				"up": {"uv": [0, 0, 0, 2], "rotation": 90, "texture": "#0"},
				"down": {"uv": [0, 0, 0, 2], "rotation": 90, "texture": "#0"}
			}
		},
		{
			"from": [9.2012, 15.909, 12.8018],
			"to": [11.6036, 17.1102, 12.8018],
			"rotation": {"angle": 22.5, "axis": "z", "origin": [9.2012, 18.3114, 11]},
			"faces": {
				"north": {"uv": [0, 0, 1, 2], "rotation": 270, "texture": "#0"},
				"east": {"uv": [0, 0, 1, 0], "rotation": 90, "texture": "#0"},
				"south": {"uv": [0.6875, 11.46875, 3.8125, 10.0625], "rotation": 90, "texture": "#0"},
				"west": {"uv": [0, 0, 1, 0], "rotation": 90, "texture": "#0"},
				"up": {"uv": [0, 0, 0, 2], "rotation": 90, "texture": "#0"},
				"down": {"uv": [0, 0, 0, 2], "rotation": 90, "texture": "#0"}
			}
		},
		{
			"from": [12.8048, 17.1102, 12.8018],
			"to": [15.2072, 18.3114, 12.8018],
			"rotation": {"angle": -22.5, "axis": "z", "origin": [12.8048, 19.5126, 11]},
			"faces": {
				"north": {"uv": [12.21875, 0, 8.84375, 2], "rotation": 270, "texture": "#0"},
				"east": {"uv": [0, 0, 1, 0], "rotation": 90, "texture": "#0"},
				"south": {"uv": [0.6875, 11.46875, 3.8125, 10.0625], "rotation": 90, "texture": "#0"},
				"west": {"uv": [0, 0, 1, 0], "rotation": 90, "texture": "#0"},
				"up": {"uv": [0, 0, 0, 2], "rotation": 90, "texture": "#0"},
				"down": {"uv": [0, 0, 0, 2], "rotation": 90, "texture": "#0"}
			}
		},
		{
			"from": [8.6006, 20.1132, 10.3994],
			"to": [13.4054, 21.1132, 12.8018],
			"rotation": {"angle": -22.5, "axis": "z", "origin": [8.6006, 17.7108, 10.3994]},
			"faces": {
				"north": {"uv": [0, 0, 4, 0], "texture": "#3"},
				"east": {"uv": [0, 0, 2, 0], "texture": "#3"},
				"south": {"uv": [0, 0, 4, 0], "texture": "#3"},
				"west": {"uv": [0, 0, 2, 0], "texture": "#3"},
				"up": {"uv": [15.5, 0, 15.96875, 6.28125], "texture": "#3"},
				"down": {"uv": [14.5, 0, 16, 5.21875], "texture": "#3"}
			}
		},
		{
			"from": [13.84984, 16.53362, 10.3994],
			"to": [14.36636, 18.59969, 12.46546],
			"rotation": {"angle": -22.5, "axis": "z", "origin": [11.78378, 16.53362, 10.3994]},
			"faces": {
				"north": {"uv": [0, 4, 1, 8], "texture": "#2"},
				"east": {"uv": [0, 0, 4, 4], "texture": "#2"},
				"south": {"uv": [4, 0, 5, 4], "texture": "#2"},
				"west": {"uv": [0, 0, 4, 4], "texture": "#2"},
				"up": {"uv": [1, 8, 0, 4], "texture": "#2"},
				"down": {"uv": [1, 4, 0, 8], "texture": "#2"}
			}
		},
		{
			"from": [-3.2042, 18.3114, 12.68168],
			"to": [-0.8018, 18.912, 12.68168],
			"rotation": {"angle": 22.5, "axis": "z", "origin": [0.3994, 18.3114, 11]},
			"faces": {
				"north": {"uv": [0.375, 0, 0, 2], "texture": "#0"},
				"east": {"uv": [0, 0, 0, 2], "texture": "#0"},
				"south": {"uv": [0, 6.5, 1.03125, 7], "texture": "#0"},
				"west": {"uv": [0, 0, 0, 2], "texture": "#0"},
				"up": {"uv": [3, 0, 0, 0], "texture": "#0"},
				"down": {"uv": [3, 0, 0, 0], "texture": "#0"}
			}
		},
		{
			"from": [-3.2042, 17.7108, 10.3994],
			"to": [0.3994, 20.1132, 10.3994],
			"rotation": {"angle": 22.5, "axis": "z", "origin": [0.3994, 17.7108, 12.2012]},
			"faces": {
				"north": {"uv": [1.53125, 7.625, 0, 8.6875], "texture": "#0"},
				"east": {"uv": [0, 0, 0, 2], "texture": "#0"},
				"south": {"uv": [0.0625, 7.65625, 1.53125, 8.75], "texture": "#0"},
				"west": {"uv": [0, 0, 0, 2], "texture": "#0"},
				"up": {"uv": [3, 0, 0, 0], "texture": "#0"},
				"down": {"uv": [3, 0, 0, 0], "texture": "#0"}
			}
		},
		{
			"from": [-2.6036, 17.7108, 12.8018],
			"to": [1, 20.1132, 12.8018],
			"rotation": {"angle": 22.5, "axis": "z", "origin": [1, 17.7108, 11]},
			"faces": {
				"north": {"uv": [1.53125, 7.65625, 0.0625, 8.75], "texture": "#0"},
				"east": {"uv": [0, 0, 0, 2], "texture": "#0"},
				"south": {"uv": [0, 7.625, 1.53125, 8.6875], "texture": "#0"},
				"west": {"uv": [0, 0, 0, 2], "texture": "#0"},
				"up": {"uv": [3, 0, 0, 0], "texture": "#0"},
				"down": {"uv": [3, 0, 0, 0], "texture": "#0"}
			}
		},
		{
			"from": [-4.4054, 17.7108, 10.3994],
			"to": [-2.6036, 19.5126, 12.8018],
			"rotation": {"angle": 22.5, "axis": "z", "origin": [-1.4024, 17.1102, 11]},
			"faces": {
				"north": {"uv": [3, 6, 0, 9], "texture": "#3"},
				"east": {"uv": [4, 3, 0, 6], "texture": "#3"},
				"south": {"uv": [10, 0, 7, 3], "texture": "#3"},
				"west": {"uv": [4, 0, 0, 3], "texture": "#3"},
				"up": {"uv": [4, 4, 7, 0], "texture": "#3"},
				"down": {"uv": [4, 4, 7, 8], "texture": "#3"}
			}
		},
		{
			"from": [-4.83783, 16.57467, 10.28357],
			"to": [-3.55856, 17.85395, 11.98928],
			"rotation": {"angle": 22.5, "axis": "z", "origin": [-2.7057, 16.14824, 10.71]},
			"faces": {
				"north": {"uv": [3, 6, 0, 9], "texture": "#3"},
				"east": {"uv": [4, 3, 0, 6], "texture": "#3"},
				"south": {"uv": [10, 0, 7, 3], "texture": "#3"},
				"west": {"uv": [4, 0, 0, 3], "texture": "#3"},
				"up": {"uv": [4, 4, 7, 0], "texture": "#3"},
				"down": {"uv": [4, 4, 7, 8], "texture": "#3"}
			}
		},
		{
			"from": [-2.6036, 15.909, 12.8018],
			"to": [-0.2012, 17.1102, 12.8018],
			"rotation": {"angle": -22.5, "axis": "z", "origin": [-0.2012, 18.3114, 11]},
			"faces": {
				"north": {"uv": [0, 2, 0, 0], "rotation": 270, "texture": "#0"},
				"east": {"uv": [0, 0, 1, 0], "rotation": 90, "texture": "#0"},
				"south": {"uv": [0.6875, 10.0625, 3.8125, 11.46875], "rotation": 90, "texture": "#0"},
				"west": {"uv": [0, 0, 1, 0], "rotation": 90, "texture": "#0"},
				"up": {"uv": [0, 2, 0, 0], "rotation": 90, "texture": "#0"},
				"down": {"uv": [0, 2, 0, 0], "rotation": 90, "texture": "#0"}
			}
		},
		{
			"from": [-2.6036, 15.909, 12.8018],
			"to": [-0.2012, 17.1102, 12.8018],
			"rotation": {"angle": -22.5, "axis": "z", "origin": [-0.2012, 18.3114, 11]},
			"faces": {
				"north": {"uv": [0, 2, 0, 0], "rotation": 270, "texture": "#0"},
				"east": {"uv": [0, 0, 1, 0], "rotation": 90, "texture": "#0"},
				"south": {"uv": [0.6875, 10.0625, 3.8125, 11.46875], "rotation": 90, "texture": "#0"},
				"west": {"uv": [0, 0, 1, 0], "rotation": 90, "texture": "#0"},
				"up": {"uv": [0, 2, 0, 0], "rotation": 90, "texture": "#0"},
				"down": {"uv": [0, 2, 0, 0], "rotation": 90, "texture": "#0"}
			}
		},
		{
			"from": [-6.2072, 17.1102, 12.8018],
			"to": [-3.8048, 18.3114, 12.8018],
			"rotation": {"angle": 22.5, "axis": "z", "origin": [-3.8048, 19.5126, 11]},
			"faces": {
				"north": {"uv": [12.21875, 2, 8.84375, 0], "rotation": 270, "texture": "#0"},
				"east": {"uv": [0, 0, 1, 0], "rotation": 90, "texture": "#0"},
				"south": {"uv": [0.6875, 10.0625, 3.8125, 11.46875], "rotation": 90, "texture": "#0"},
				"west": {"uv": [0, 0, 1, 0], "rotation": 90, "texture": "#0"},
				"up": {"uv": [0, 2, 0, 0], "rotation": 90, "texture": "#0"},
				"down": {"uv": [0, 2, 0, 0], "rotation": 90, "texture": "#0"}
			}
		},
		{
			"from": [-4.4054, 20.1132, 10.3994],
			"to": [0.3994, 21.1132, 12.8018],
			"rotation": {"angle": 22.5, "axis": "z", "origin": [0.3994, 17.7108, 10.3994]},
			"faces": {
				"north": {"uv": [4, 0, 0, 0], "texture": "#3"},
				"east": {"uv": [2, 0, 0, 0], "texture": "#3"},
				"south": {"uv": [4, 0, 0, 0], "texture": "#3"},
				"west": {"uv": [2, 0, 0, 0], "texture": "#3"},
				"up": {"uv": [15.96875, 0, 15.5, 6.28125], "texture": "#3"},
				"down": {"uv": [16, 0, 14.5, 5.21875], "texture": "#3"}
			}
		},
		{
			"from": [-5.2, 16.53362, 10.3994],
			"to": [-4.68348, 18.59969, 12.46546],
			"rotation": {"angle": 22.5, "axis": "z", "origin": [-2.78378, 16.53362, 10.3994]},
			"faces": {
				"north": {"uv": [1, 4, 0, 8], "texture": "#2"},
				"east": {"uv": [4, 0, 0, 4], "texture": "#2"},
				"south": {"uv": [5, 0, 4, 4], "texture": "#2"},
				"west": {"uv": [4, 0, 0, 4], "texture": "#2"},
				"up": {"uv": [0, 8, 1, 4], "texture": "#2"},
				"down": {"uv": [0, 4, 1, 8], "texture": "#2"}
			}
		},
		{
			"from": [13.74988, 16.53362, 10.3994],
			"to": [14.2664, 18.59969, 12.46546],
			"rotation": {"angle": -22.5, "axis": "z", "origin": [11.78378, 16.53362, 10.3994]},
			"faces": {
				"north": {"uv": [0, 4, 1, 8], "texture": "#2"},
				"east": {"uv": [0, 0, 4, 4], "texture": "#2"},
				"south": {"uv": [4, 0, 5, 4], "texture": "#2"},
				"west": {"uv": [0, 0, 4, 4], "texture": "#2"},
				"up": {"uv": [1, 8, 0, 4], "texture": "#2"},
				"down": {"uv": [1, 4, 0, 8], "texture": "#2"}
			}
		},
		{
			"from": [-4.83171, 16.87228, 10.45],
			"to": [-4.33585, 18.8557, 12.43342],
			"rotation": {"angle": 22.5, "axis": "z", "origin": [-2.35243, 16.87228, 10.30342]},
			"faces": {
				"north": {"uv": [1, 4, 0, 8], "texture": "#2"},
				"east": {"uv": [4, 0, 0, 4], "texture": "#2"},
				"south": {"uv": [5, 0, 4, 4], "texture": "#2"},
				"west": {"uv": [4, 0, 0, 4], "texture": "#2"},
				"up": {"uv": [0, 8, 1, 4], "texture": "#2"},
				"down": {"uv": [0, 4, 1, 8], "texture": "#2"}
			}
		},
		{
			"from": [13.33585, 16.87228, 10.45],
			"to": [13.83171, 18.8557, 12.43342],
			"rotation": {"angle": -22.5, "axis": "z", "origin": [11.35243, 16.87228, 10.30342]},
			"faces": {
				"north": {"uv": [0, 4, 1, 8], "texture": "#2"},
				"east": {"uv": [0, 0, 4, 4], "texture": "#2"},
				"south": {"uv": [4, 0, 5, 4], "texture": "#2"},
				"west": {"uv": [0, 0, 4, 4], "texture": "#2"},
				"up": {"uv": [1, 8, 0, 4], "texture": "#2"},
				"down": {"uv": [1, 4, 0, 8], "texture": "#2"}
			}
		},
		{
			"from": [8, 1, 3],
			"to": [10, 18, 3],
			"rotation": {"angle": 22.5, "axis": "x", "origin": [8, 1, 2]},
			"faces": {
				"north": {"uv": [0, 0, 5, 8.5], "texture": "#1"},
				"east": {"uv": [0, 0, 0, 8.5], "texture": "#1"},
				"south": {"uv": [5, 0, 6, 8.5], "texture": "#1"},
				"west": {"uv": [0, 0, 0, 8.5], "texture": "#1"},
				"up": {"uv": [5, 0, 0, 0], "texture": "#1"},
				"down": {"uv": [5, 0, 0, 0], "texture": "#1"}
			}
		},
		{
			"from": [4, 1, 3],
			"to": [6, 18, 3],
			"rotation": {"angle": 22.5, "axis": "x", "origin": [4, 1, 2]},
			"faces": {
				"north": {"uv": [0, 0, 5, 8.5], "texture": "#1"},
				"east": {"uv": [0, 0, 0, 8.5], "texture": "#1"},
				"south": {"uv": [5, 0, 6, 8.5], "texture": "#1"},
				"west": {"uv": [0, 0, 0, 8.5], "texture": "#1"},
				"up": {"uv": [5, 0, 0, 0], "texture": "#1"},
				"down": {"uv": [5, 0, 0, 0], "texture": "#1"}
			}
		},
		{
			"from": [6, 1, 3],
			"to": [8, 18, 3],
			"rotation": {"angle": 22.5, "axis": "x", "origin": [6, 1, 2]},
			"faces": {
				"north": {"uv": [0, 0, 5, 8.5], "texture": "#1"},
				"east": {"uv": [0, 0, 0, 8.5], "texture": "#1"},
				"south": {"uv": [6, 0, 5.25, 8.5], "texture": "#1"},
				"west": {"uv": [0, 0, 0, 8.5], "texture": "#1"},
				"up": {"uv": [5, 0, 0, 0], "texture": "#1"},
				"down": {"uv": [5, 0, 0, 0], "texture": "#1"}
			}
		},
		{
			"from": [2, 1, 3],
			"to": [4, 18, 3],
			"rotation": {"angle": 22.5, "axis": "x", "origin": [2, 1, 2]},
			"faces": {
				"north": {"uv": [0, 0, 5, 8.5], "texture": "#1"},
				"east": {"uv": [0, 0, 0, 8.5], "texture": "#1"},
				"south": {"uv": [6, 0, 5.25, 8.5], "texture": "#1"},
				"west": {"uv": [0, 0, 0, 8.5], "texture": "#1"},
				"up": {"uv": [5, 0, 0, 0], "texture": "#1"},
				"down": {"uv": [5, 0, 0, 0], "texture": "#1"}
			}
		},
		{
			"from": [0, 1, 3],
			"to": [2, 18, 3],
			"rotation": {"angle": 22.5, "axis": "x", "origin": [0, 1, 2]},
			"faces": {
				"north": {"uv": [0, 0, 5, 8.5], "texture": "#1"},
				"east": {"uv": [0, 0, 0, 8.5], "texture": "#1"},
				"south": {"uv": [5.25, 0, 6, 8.5], "texture": "#1"},
				"west": {"uv": [0, 0, 0, 8.5], "texture": "#1"},
				"up": {"uv": [5, 0, 0, 0], "texture": "#1"},
				"down": {"uv": [5, 0, 0, 0], "texture": "#1"}
			}
		},
		{
			"from": [0, 1, 3.3],
			"to": [10, 19, 3.3],
			"rotation": {"angle": 22.5, "axis": "x", "origin": [0, 2, 2]},
			"faces": {
				"north": {"uv": [0, 0, 4.96875, 5.96875], "texture": "#0"},
				"east": {"uv": [0, 0, 0, 16], "texture": "#0"},
				"south": {"uv": [7.65625, 4.0625, 12.65625, 10.09375], "texture": "#0"},
				"west": {"uv": [0, 0, 0, 16], "texture": "#0"},
				"up": {"uv": [0, 0, 10, 0], "texture": "#0"},
				"down": {"uv": [0, 0, 10, 0], "texture": "#0"}
			}
		},
		{
			"from": [-1, 17, 8],
			"to": [10, 19, 11],
			"rotation": {"angle": 0, "axis": "y", "origin": [0, 13, 8]},
			"faces": {
				"north": {"uv": [0, 0, 4, 0], "texture": "#3"},
				"east": {"uv": [0, 0, 2, 0], "texture": "#3"},
				"south": {"uv": [0, 0, 4, 0], "texture": "#3"},
				"west": {"uv": [0, 0, 2, 0], "texture": "#3"},
				"up": {"uv": [15.5, 0, 15.96875, 6.28125], "texture": "#3"},
				"down": {"uv": [14.5, 0, 16, 5.21875], "texture": "#3"}
			}
		},
		{
			"from": [0, 0, 10],
			"to": [2, 17, 10],
			"rotation": {"angle": 0, "axis": "y", "origin": [0, 0, 9]},
			"faces": {
				"north": {"uv": [0, 0, 5, 8.5], "texture": "#1"},
				"east": {"uv": [0, 0, 0, 8.5], "texture": "#1"},
				"south": {"uv": [5.25, 0, 6, 8.5], "texture": "#1"},
				"west": {"uv": [0, 0, 0, 8.5], "texture": "#1"},
				"up": {"uv": [5, 0, 0, 0], "texture": "#1"},
				"down": {"uv": [5, 0, 0, 0], "texture": "#1"}
			}
		},
		{
			"from": [2, 0, 10],
			"to": [4, 17, 10],
			"rotation": {"angle": 0, "axis": "y", "origin": [2, 0, 9]},
			"faces": {
				"north": {"uv": [0, 0, 5, 8.5], "texture": "#1"},
				"east": {"uv": [0, 0, 0, 8.5], "texture": "#1"},
				"south": {"uv": [6, 0, 5.25, 8.5], "texture": "#1"},
				"west": {"uv": [0, 0, 0, 8.5], "texture": "#1"},
				"up": {"uv": [5, 0, 0, 0], "texture": "#1"},
				"down": {"uv": [5, 0, 0, 0], "texture": "#1"}
			}
		},
		{
			"from": [8, 0, 10],
			"to": [10, 17, 10],
			"rotation": {"angle": 0, "axis": "y", "origin": [8, 0, 9]},
			"faces": {
				"north": {"uv": [0, 0, 5, 8.5], "texture": "#1"},
				"east": {"uv": [0, 0, 0, 8.5], "texture": "#1"},
				"south": {"uv": [5, 0, 6, 8.5], "texture": "#1"},
				"west": {"uv": [0, 0, 0, 8.5], "texture": "#1"},
				"up": {"uv": [5, 0, 0, 0], "texture": "#1"},
				"down": {"uv": [5, 0, 0, 0], "texture": "#1"}
			}
		},
		{
			"from": [6, 0, 10],
			"to": [8, 17, 10],
			"rotation": {"angle": 0, "axis": "y", "origin": [6, 0, 9]},
			"faces": {
				"north": {"uv": [0, 0, 5, 8.5], "texture": "#1"},
				"east": {"uv": [0, 0, 0, 8.5], "texture": "#1"},
				"south": {"uv": [6, 0, 5.25, 8.5], "texture": "#1"},
				"west": {"uv": [0, 0, 0, 8.5], "texture": "#1"},
				"up": {"uv": [5, 0, 0, 0], "texture": "#1"},
				"down": {"uv": [5, 0, 0, 0], "texture": "#1"}
			}
		},
		{
			"from": [4, 0, 10],
			"to": [6, 17, 10],
			"rotation": {"angle": 0, "axis": "y", "origin": [4, 0, 9]},
			"faces": {
				"north": {"uv": [0, 0, 5, 8.5], "texture": "#1"},
				"east": {"uv": [0, 0, 0, 8.5], "texture": "#1"},
				"south": {"uv": [5, 0, 6, 8.5], "texture": "#1"},
				"west": {"uv": [0, 0, 0, 8.5], "texture": "#1"},
				"up": {"uv": [5, 0, 0, 0], "texture": "#1"},
				"down": {"uv": [5, 0, 0, 0], "texture": "#1"}
			}
		},
		{
			"from": [0, 0, 9.99],
			"to": [10, 17, 9.99],
			"rotation": {"angle": 0, "axis": "y", "origin": [0, 0, 9]},
			"faces": {
				"north": {"uv": [0, 0, 4.96875, 5.96875], "texture": "#0"},
				"east": {"uv": [0, 0, 0, 16], "texture": "#0"},
				"south": {"uv": [11, 0.1875, 16, 6.21875], "texture": "#0"},
				"west": {"uv": [0, 0, 0, 16], "texture": "#0"},
				"up": {"uv": [0, 0, 10, 0], "texture": "#0"},
				"down": {"uv": [0, 0, 10, 0], "texture": "#0"}
			}
		}
	],
	"display": {
		"thirdperson_righthand": {
			"rotation": [66, 0, 0],
			"translation": [5, 0, 0],
			"scale": [0.57, 0.59, 0.62]
		},
		"thirdperson_lefthand": {
			"rotation": [66, 0, 0],
			"translation": [-2, 0, 0],
			"scale": [0.57, 0.59, 0.62]
		},
		"firstperson_righthand": {
			"rotation": [66, 0, 0],
			"translation": [5, 0, 0],
			"scale": [0.57, 0.59, 0.62]
		},
		"firstperson_lefthand": {
			"rotation": [66, 0, 0],
			"translation": [5, 0, 0],
			"scale": [0.57, 0.59, 0.62]
		},
		"gui": {
			"rotation": [11.91, -47.89, -1.42],
			"translation": [1.75, -1.5, 0],
			"scale": [0.60836, 0.66836, 0.68836]
		},
		"head": {
			"rotation": [0, 180, 0],
			"translation": [-6.5, -28.5, 9.25],
			"scale": [2.04828, 2.14742, 2.53]
		}
	},
	"groups": [
		{
			"name": "Jubah",
			"origin": [8, 0, 9],
			"color": 0,
			"children": [0, 1, 2, 3, 4, 5, 6, 7, 8, 9]
		},
		{
			"name": "Jubah",
			"origin": [8, 0, 9],
			"color": 0,
			"children": [10, 11, 12, 13, 14, 15, 16, 17, 18, 19, 20, 21, 22]
		},
		{
			"name": "Jubah",
			"origin": [8, 0, 9],
			"color": 0,
			"children": [23, 24, 25, 26, 27, 28, 29, 30, 31, 32, 33, 34, 35]
		}
	]
}