{
	"credit": "Made with Blockbench",
	"texture_size": [64, 64],
	"textures": {
		"0": "./freezemay",
		"particle": "./freezemay"
	},
	"elements": [
		{
			"from": [2, 0, 6],
			"to": [14, 2, 8],
			"faces": {
				"north": {"uv": [0, 5, 3, 5.5], "texture": "#0"},
				"east": {"uv": [5.5, 6.5, 6, 7], "texture": "#0"},
				"south": {"uv": [3, 5, 6, 5.5], "texture": "#0"},
				"west": {"uv": [6.5, 6, 7, 6.5], "texture": "#0"},
				"up": {"uv": [3, 6, 0, 5.5], "texture": "#0"},
				"down": {"uv": [6, 5.5, 3, 6], "texture": "#0"}
			}
		},
		{
			"from": [2, 16, 6],
			"to": [14, 18, 8],
			"faces": {
				"north": {"uv": [0, 6, 3, 6.5], "texture": "#0"},
				"east": {"uv": [4.5, 7.5, 5, 8], "texture": "#0"},
				"south": {"uv": [3, 6, 6, 6.5], "texture": "#0"},
				"west": {"uv": [5, 7.5, 5.5, 8], "texture": "#0"},
				"up": {"uv": [9, 5.5, 6, 5], "texture": "#0"},
				"down": {"uv": [9, 5.5, 6, 6], "texture": "#0"}
			}
		},
		{
			"from": [0, 2, 6],
			"to": [16, 4, 8],
			"faces": {
				"north": {"uv": [4, 1, 8, 1.5], "texture": "#0"},
				"east": {"uv": [6.5, 6.5, 7, 7], "texture": "#0"},
				"south": {"uv": [4, 1.5, 8, 2], "texture": "#0"},
				"west": {"uv": [5.5, 7, 6, 7.5], "texture": "#0"},
				"up": {"uv": [8, 2.5, 4, 2], "texture": "#0"},
				"down": {"uv": [8, 2.5, 4, 3], "texture": "#0"}
			}
		},
		{
			"from": [0, 12, 6],
			"to": [16, 16, 8],
			"faces": {
				"north": {"uv": [0, 4, 4, 5], "texture": "#0"},
				"east": {"uv": [4.5, 6.5, 5, 7.5], "texture": "#0"},
				"south": {"uv": [4, 0, 8, 1], "texture": "#0"},
				"west": {"uv": [5, 6.5, 5.5, 7.5], "texture": "#0"},
				"up": {"uv": [8, 4.5, 4, 4], "texture": "#0"},
				"down": {"uv": [8, 4.5, 4, 5], "texture": "#0"}
			}
		},
		{
			"from": [0, 4, 6],
			"to": [16, 12, 8],
			"faces": {
				"north": {"uv": [0, 0, 4, 2], "texture": "#0"},
				"east": {"uv": [6, 6, 6.5, 8], "texture": "#0"},
				"south": {"uv": [0, 2, 4, 4], "texture": "#0"},
				"west": {"uv": [0, 6.5, 0.5, 8.5], "texture": "#0"},
				"up": {"uv": [8, 3.5, 4, 3], "texture": "#0"},
				"down": {"uv": [8, 3.5, 4, 4], "texture": "#0"}
			}
		},
		{
			"from": [10, 4, 6],
			"to": [16, 10, 8],
			"color": 9,
			"faces": {
				"north": {"uv": [0, 0, 1.5, 1.5], "texture": "#missing"},
				"east": {"uv": [0, 0, 0.5, 1.5], "texture": "#missing"},
				"south": {"uv": [0, 0, 1.5, 1.5], "texture": "#missing"},
				"west": {"uv": [0, 0, 0.5, 1.5], "texture": "#missing"},
				"up": {"uv": [0, 0, 1.5, 0.5], "texture": "#missing"},
				"down": {"uv": [0, 0, 1.5, 0.5], "texture": "#missing"}
			}
		},
		{
			"from": [16, 6, 6],
			"to": [18, 12, 8],
			"faces": {
				"north": {"uv": [0.5, 6.5, 1, 8], "texture": "#0"},
				"east": {"uv": [1, 6.5, 1.5, 8], "texture": "#0"},
				"south": {"uv": [1.5, 6.5, 2, 8], "texture": "#0"},
				"west": {"uv": [2, 6.5, 2.5, 8], "texture": "#0"},
				"up": {"uv": [7.5, 6.5, 7, 6], "texture": "#0"},
				"down": {"uv": [7, 7, 6.5, 7.5], "texture": "#0"}
			}
		},
		{
			"from": [-2, 6, 6],
			"to": [0, 12, 8],
			"faces": {
				"north": {"uv": [2.5, 6.5, 3, 8], "texture": "#0"},
				"east": {"uv": [3, 6.5, 3.5, 8], "texture": "#0"},
				"south": {"uv": [3.5, 6.5, 4, 8], "texture": "#0"},
				"west": {"uv": [4, 6.5, 4.5, 8], "texture": "#0"},
				"up": {"uv": [7.5, 7, 7, 6.5], "texture": "#0"},
				"down": {"uv": [7.5, 7, 7, 7.5], "texture": "#0"}
			}
		},
		{
			"from": [-1.5, 9.7, 5.9],
			"to": [6.5, 11.7, 5.9],
			"faces": {
				"north": {"uv": [0.5, 14.5, 2.5, 14], "texture": "#0"},
				"east": {"uv": [0.5, 14.5, 2.5, 14], "texture": "#0"},
				"south": {"uv": [0.5, 14.5, 2.5, 14], "texture": "#0"},
				"west": {"uv": [0.5, 14.5, 2.5, 14], "texture": "#0"},
				"up": {"uv": [0.5, 14.5, 2.5, 14], "texture": "#0"},
				"down": {"uv": [0.5, 14.5, 2.5, 14], "texture": "#0"}
			}
		},
		{
			"from": [9.5, 9.7, 5.9],
			"to": [17.5, 11.7, 5.9],
			"faces": {
				"north": {"uv": [0.5, 14.5, 2.5, 14], "texture": "#0"},
				"east": {"uv": [0.5, 14.5, 2.5, 14], "texture": "#0"},
				"south": {"uv": [0.5, 14.5, 2.5, 14], "texture": "#0"},
				"west": {"uv": [0.5, 14.5, 2.5, 14], "texture": "#0"},
				"up": {"uv": [0.5, 14.5, 2.5, 14], "texture": "#0"},
				"down": {"uv": [0.5, 14.5, 2.5, 14], "texture": "#0"}
			}
		},
		{
			"from": [11.5, 11.7, 5.9],
			"to": [15.5, 15.7, 5.9],
			"rotation": {"angle": 0, "axis": "y", "origin": [-1.5, -0.8, 0]},
			"faces": {
				"north": {"uv": [9.75, 0.25, 10.75, 1.25], "texture": "#0"},
				"east": {"uv": [9.75, 0.25, 10.75, 1.25], "texture": "#0"},
				"south": {"uv": [9.75, 0.25, 10.75, 1.25], "texture": "#0"},
				"west": {"uv": [9.75, 0.25, 10.75, 1.25], "texture": "#0"},
				"up": {"uv": [9.75, 0.25, 10.75, 1.25], "texture": "#0"},
				"down": {"uv": [9.75, 0.25, 10.75, 1.25], "texture": "#0"}
			}
		},
		{
			"from": [0.5, 11.7, 5.9],
			"to": [4.5, 15.7, 5.9],
			"rotation": {"angle": 0, "axis": "y", "origin": [-1.5, -0.8, 0]},
			"faces": {
				"north": {"uv": [9.75, 0.25, 10.75, 1.25], "texture": "#0"},
				"east": {"uv": [9.75, 0.25, 10.75, 1.25], "texture": "#0"},
				"south": {"uv": [9.75, 0.25, 10.75, 1.25], "texture": "#0"},
				"west": {"uv": [9.75, 0.25, 10.75, 1.25], "texture": "#0"},
				"up": {"uv": [9.75, 0.25, 10.75, 1.25], "texture": "#0"},
				"down": {"uv": [9.75, 0.25, 10.75, 1.25], "texture": "#0"}
			}
		},
		{
			"from": [6, 13.5, 5.9],
			"to": [10, 17.5, 5.9],
			"faces": {
				"north": {"uv": [9.75, 0.25, 10.75, 1.25], "texture": "#0"},
				"east": {"uv": [9.75, 0.25, 10.75, 1.25], "texture": "#0"},
				"south": {"uv": [9.75, 0.25, 10.75, 1.25], "texture": "#0"},
				"west": {"uv": [9.75, 0.25, 10.75, 1.25], "texture": "#0"},
				"up": {"uv": [9.75, 0.25, 10.75, 1.25], "texture": "#0"},
				"down": {"uv": [9.75, 0.25, 10.75, 1.25], "texture": "#0"}
			}
		},
		{
			"from": [-1, 8, 8],
			"to": [-1, 10, 25],
			"faces": {
				"north": {"uv": [4.75, 0, 7.5, 0.5], "texture": "#0"},
				"east": {"uv": [4.75, 0, 7.5, 0.5], "texture": "#0"},
				"south": {"uv": [4.75, 0, 7.5, 0.5], "texture": "#0"},
				"west": {"uv": [4.75, 0, 7.5, 0.5], "texture": "#0"},
				"up": {"uv": [4.75, 0, 7.5, 0.5], "texture": "#0"},
				"down": {"uv": [4.75, 0, 7.5, 0.5], "texture": "#0"}
			}
		},
		{
			"from": [-1, 8, 25],
			"to": [17, 10, 25],
			"faces": {
				"north": {"uv": [4.5, 0.5, 7, 0], "texture": "#0"},
				"east": {"uv": [4.5, 0.5, 7, 0], "texture": "#0"},
				"south": {"uv": [4.5, 0.5, 7, 0], "texture": "#0"},
				"west": {"uv": [4.5, 0.5, 7, 0], "texture": "#0"},
				"up": {"uv": [4.5, 0.5, 7, 0], "texture": "#0"},
				"down": {"uv": [4.5, 0.5, 7, 0], "texture": "#0"}
			}
		},
		{
			"from": [17, 8, 8],
			"to": [17, 10, 25],
			"faces": {
				"north": {"uv": [4.75, 0, 7.25, 0.75], "texture": "#0"},
				"east": {"uv": [4.75, 0, 7.25, 0.75], "texture": "#0"},
				"south": {"uv": [4.75, 0, 7.25, 0.75], "texture": "#0"},
				"west": {"uv": [4.75, 0, 7.25, 0.75], "texture": "#0"},
				"up": {"uv": [4.75, 0, 7.25, 0.75], "texture": "#0"},
				"down": {"uv": [4.75, 0, 7.25, 0.75], "texture": "#0"}
			}
		}
	],
	"display": {
		"thirdperson_righthand": {
			"scale": [0.3, 0.3, 0.3]
		},
		"thirdperson_lefthand": {
			"scale": [0.3, 0.3, 0.3]
		},
		"firstperson_righthand": {
			"rotation": [0, 148, 0],
			"translation": [9.5, 0, -15.75]
		},
		"firstperson_lefthand": {
			"rotation": [0, 148, 0],
			"translation": [9.5, 0, -15.75]
		},
		"ground": {
			"rotation": [-5, 2, 0],
			"translation": [0, 1.75, 0],
			"scale": [0.5, 0.5, 0.53]
		},
		"gui": {
			"rotation": [-154.82, 47.29, 179.22],
			"translation": [-3, -1.5, 0],
			"scale": [0.54922, 0.54922, 0.54922]
		},
		"head": {
			"translation": [0, 0, -6.75],
			"scale": [0.85, 0.85, 0.85]
		},
		"fixed": {
			"translation": [0, 0, -16.25]
		}
	}
}