{
	"credit": "Made with Blockbench",
	"textures": {
		"0": "./gempitamask",
		"1": "./hidung",
		"particle": "./gempitamask"
	},
	"elements": [
		{
			"from": [9, 8, 17],
			"to": [25, 10, 17],
			"rotation": {"angle": 0, "axis": "y", "origin": [8, 1, 8]},
			"faces": {
				"north": {"uv": [5, 0, 8.5, 0.5], "texture": "#0"},
				"east": {"uv": [7.5, 10.75, 8, 11.25], "texture": "#0"},
				"south": {"uv": [5, 0.5, 8.5, 1], "texture": "#0"},
				"west": {"uv": [10.75, 10.25, 11.25, 10.75], "texture": "#0"},
				"up": {"uv": [8.5, 1.5, 5, 1], "texture": "#0"},
				"down": {"uv": [8.5, 1.5, 5, 2], "texture": "#0"}
			}
		},
		{
			"from": [9, 8, -1],
			"to": [25, 10, -1],
			"rotation": {"angle": 0, "axis": "y", "origin": [8, 1, 8]},
			"faces": {
				"north": {"uv": [8.5, 0.5, 5, 1], "texture": "#0"},
				"east": {"uv": [8, 10.75, 7.5, 11.25], "texture": "#0"},
				"south": {"uv": [8.5, 0, 5, 0.5], "texture": "#0"},
				"west": {"uv": [11.25, 10.25, 10.75, 10.75], "texture": "#0"},
				"up": {"uv": [8.5, 1, 5, 1.5], "texture": "#0"},
				"down": {"uv": [8.5, 2, 5, 1.5], "texture": "#0"}
			}
		},
		{
			"from": [25, 8, -1],
			"to": [25, 10, 17],
			"rotation": {"angle": 0, "axis": "y", "origin": [18, 9, -1]},
			"faces": {
				"north": {"uv": [11.25, 10.25, 10.75, 10.75], "texture": "#0"},
				"east": {"uv": [8.5, 0.5, 5, 1], "texture": "#0"},
				"south": {"uv": [8, 10.75, 7.5, 11.25], "texture": "#0"},
				"west": {"uv": [8.5, 0, 5, 0.5], "texture": "#0"},
				"up": {"uv": [8.5, 1, 5, 1.5], "rotation": 90, "texture": "#0"},
				"down": {"uv": [8.5, 2, 5, 1.5], "rotation": 270, "texture": "#0"}
			}
		},
		{
			"from": [7, 12, 0],
			"to": [9, 14, 16],
			"rotation": {"angle": 0, "axis": "y", "origin": [5.86726, 10.91563, 8]},
			"faces": {
				"north": {"uv": [2.5, 10, 3, 11], "texture": "#0"},
				"east": {"uv": [4, 3, 8, 4], "texture": "#0"},
				"south": {"uv": [10, 5.5, 10.5, 6.5], "texture": "#0"},
				"west": {"uv": [4, 4, 8, 5], "texture": "#0"},
				"up": {"uv": [2.5, 9, 2, 5], "texture": "#0"},
				"down": {"uv": [3, 5, 2.5, 9], "texture": "#0"}
			}
		},
		{
			"from": [7, 2.05, 0],
			"to": [9, 4.05, 16],
			"rotation": {"angle": 0, "axis": "y", "origin": [5.86726, 10.91563, 8]},
			"faces": {
				"north": {"uv": [9.25, 16, 10, 15.25], "texture": "#0"},
				"east": {"uv": [15.25, 15.5, 15, 15], "texture": "#0"},
				"south": {"uv": [15.25, 5.5, 16, 6.75], "texture": "#0"},
				"west": {"uv": [0, 15, 4, 16], "texture": "#0"},
				"up": {"uv": [12.75, 0.25, 13.75, 2.75], "texture": "#0"},
				"down": {"uv": [15, 1.25, 15.75, 5.25], "texture": "#0"}
			}
		},
		{
			"from": [7, 4, -2],
			"to": [9, 6, 18],
			"faces": {
				"north": {"uv": [14, 0, 16, 1.25], "texture": "#0"},
				"east": {"uv": [5.5, 16, 9, 15.25], "texture": "#0"},
				"south": {"uv": [0, 12.75, 10.25, 13.75], "texture": "#0"},
				"west": {"uv": [0, 11.5, 10, 12.5], "texture": "#0"},
				"up": {"uv": [16, 6, 15, 16], "texture": "#0"},
				"down": {"uv": [11.5, 0, 12.5, 10], "texture": "#0"}
			}
		},
		{
			"from": [7.1, 9.9, -9.9],
			"to": [9.1, 13.9, -7.9],
			"rotation": {"angle": 45, "axis": "x", "origin": [0, 0, 0]},
			"faces": {
				"north": {"uv": [5.25, 15.25, 6.75, 16], "texture": "#0"},
				"east": {"uv": [5.25, 15.25, 6.75, 16], "texture": "#0"},
				"south": {"uv": [5.25, 15.25, 6.75, 16], "texture": "#0"},
				"west": {"uv": [5.25, 15.25, 6.75, 16], "texture": "#0"},
				"up": {"uv": [5.25, 15.25, 6.75, 16], "texture": "#0"},
				"down": {"uv": [5.25, 15.25, 6.75, 16], "texture": "#0"}
			}
		},
		{
			"from": [7.1, -1.4, 19.2],
			"to": [9.1, 2.6, 21.2],
			"rotation": {"angle": -45, "axis": "x", "origin": [0, 0, 0]},
			"faces": {
				"north": {"uv": [6.75, 15.25, 5.25, 16], "texture": "#0"},
				"east": {"uv": [6.75, 15.25, 5.25, 16], "texture": "#0"},
				"south": {"uv": [6.75, 15.25, 5.25, 16], "texture": "#0"},
				"west": {"uv": [6.75, 15.25, 5.25, 16], "texture": "#0"},
				"up": {"uv": [6.75, 15.25, 5.25, 16], "texture": "#0"},
				"down": {"uv": [6.75, 15.25, 5.25, 16], "texture": "#0"}
			}
		},
		{
			"from": [7.2, -2.6, 1.4],
			"to": [9.2, 1.4, 3.4],
			"rotation": {"angle": -45, "axis": "x", "origin": [0, 0, 0]},
			"faces": {
				"north": {"uv": [11.75, 4.5, 13.5, 6], "rotation": 180, "texture": "#0"},
				"east": {"uv": [12.25, 4.5, 14, 6], "rotation": 180, "texture": "#0"},
				"south": {"uv": [11.75, 4.5, 14, 6], "rotation": 180, "texture": "#0"},
				"west": {"uv": [11.75, 4.5, 14, 6], "rotation": 180, "texture": "#0"},
				"up": {"uv": [11.75, 5.5, 14, 6], "rotation": 90, "texture": "#0"},
				"down": {"uv": [11.75, 4.5, 14, 4.75], "rotation": 270, "texture": "#0"}
			}
		},
		{
			"from": [7.2, 8.7, 7.9],
			"to": [9.2, 12.7, 9.9],
			"rotation": {"angle": 45, "axis": "x", "origin": [0, 0, 0]},
			"faces": {
				"north": {"uv": [11.75, 4.5, 13.5, 6], "rotation": 180, "texture": "#0"},
				"east": {"uv": [12.25, 4.5, 14, 6], "rotation": 180, "texture": "#0"},
				"south": {"uv": [11.75, 4.5, 14, 6], "rotation": 180, "texture": "#0"},
				"west": {"uv": [11.75, 4.5, 14, 6], "rotation": 180, "texture": "#0"},
				"up": {"uv": [11.75, 5.5, 14, 6], "rotation": 90, "texture": "#0"},
				"down": {"uv": [11.75, 4.5, 14, 4.75], "rotation": 270, "texture": "#0"}
			}
		},
		{
			"from": [7, 8, -2],
			"to": [9, 12, 18],
			"faces": {
				"north": {"uv": [9, 5.5, 9.5, 6.5], "texture": "#0"},
				"east": {"uv": [2, 0, 5, 1.5], "texture": "#0"},
				"south": {"uv": [9, 5.5, 9.5, 6.5], "texture": "#0"},
				"west": {"uv": [0, 1.5, 5, 2.5], "texture": "#0"},
				"up": {"uv": [0, 5, 0.5, 10], "texture": "#0"},
				"down": {"uv": [0.5, 5, 1, 10], "texture": "#0"}
			}
		},
		{
			"from": [7, 6, 14],
			"to": [9, 8, 18],
			"faces": {
				"north": {"uv": [0, 0, 2, 2], "texture": "#0"},
				"east": {"uv": [2, 0, 4.75, 1.5], "texture": "#0"},
				"south": {"uv": [9, 6.5, 9.5, 7], "texture": "#0"},
				"west": {"uv": [4, 2.5, 5, 3], "texture": "#0"},
				"up": {"uv": [0, 0, 2, 4], "texture": "#0"},
				"down": {"uv": [1.5, 5, 1.75, 6], "texture": "#0"}
			}
		},
		{
			"from": [7, 6, 6],
			"to": [9, 8, 10],
			"faces": {
				"north": {"uv": [0, 0, 2, 1.5], "texture": "#0"},
				"east": {"uv": [2, 0, 5, 1.5], "texture": "#0"},
				"south": {"uv": [0, 0, 2, 1.5], "texture": "#0"},
				"west": {"uv": [2, 2.5, 3, 3], "texture": "#0"},
				"up": {"uv": [0, 0, 2, 4], "texture": "#0"},
				"down": {"uv": [0.5, 7, 1, 8], "texture": "#0"}
			}
		},
		{
			"from": [7.01, 6.01, 13.61],
			"to": [8.99, 7.99, 15.59],
			"rotation": {"angle": 45, "axis": "x", "origin": [8, 7, 13]},
			"faces": {
				"north": {"uv": [0, 0, 2, 1.5], "texture": "#0"},
				"east": {"uv": [2, 0, 5, 1.5], "texture": "#0"},
				"south": {"uv": [0, 0, 2, 2], "texture": "#0"},
				"west": {"uv": [2, 2.5, 3, 3], "texture": "#0"},
				"up": {"uv": [0, 0, 2, 4], "texture": "#0"},
				"down": {"uv": [0.5, 7, 1, 8], "texture": "#0"}
			}
		},
		{
			"from": [7.01, 9.01, 10.51],
			"to": [8.99, 10.99, 12.49],
			"rotation": {"angle": -45, "axis": "x", "origin": [8, 7, 13]},
			"faces": {
				"north": {"uv": [0.5, 7, 1, 8], "rotation": 180, "texture": "#0"},
				"east": {"uv": [2, 0, 5, 1.5], "rotation": 270, "texture": "#0"},
				"south": {"uv": [0, 0, 2, 4], "texture": "#0"},
				"west": {"uv": [2, 2.5, 3, 3], "rotation": 90, "texture": "#0"},
				"up": {"uv": [0, 0, 2, 1.5], "rotation": 180, "texture": "#0"},
				"down": {"uv": [0, 0, 2, 1.5], "texture": "#0"}
			}
		},
		{
			"from": [7.01, 11.51, 7.91],
			"to": [8.99, 13.49, 9.89],
			"rotation": {"angle": -45, "axis": "x", "origin": [8, 7, 13]},
			"faces": {
				"north": {"uv": [4.5, 4, 5, 5], "rotation": 180, "texture": "#0"},
				"east": {"uv": [2, 0, 5, 1.5], "rotation": 270, "texture": "#0"},
				"south": {"uv": [0, 0, 2, 4], "texture": "#0"},
				"west": {"uv": [2, 2.5, 2.5, 3], "rotation": 90, "texture": "#0"},
				"up": {"uv": [0, 0, 2, 1.5], "rotation": 180, "texture": "#0"},
				"down": {"uv": [0, 0, 2, 2], "texture": "#0"}
			}
		},
		{
			"from": [7.01, 13.01, 3.41],
			"to": [8.99, 14.99, 5.39],
			"rotation": {"angle": -45, "axis": "x", "origin": [8, 7, 13]},
			"faces": {
				"north": {"uv": [0.5, 7, 1, 8], "rotation": 180, "texture": "#0"},
				"east": {"uv": [2, 0, 5, 1.5], "rotation": 270, "texture": "#0"},
				"south": {"uv": [2, 2.5, 2.5, 3], "texture": "#0"},
				"west": {"uv": [2.75, 2.5, 3, 3], "rotation": 90, "texture": "#0"},
				"up": {"uv": [0.75, 1, 2.75, 2.5], "rotation": 180, "texture": "#0"},
				"down": {"uv": [0, 0, 2, 2], "texture": "#0"}
			}
		},
		{
			"from": [7, 6, -2],
			"to": [9, 8, 2],
			"faces": {
				"north": {"uv": [9, 6.5, 9.5, 7], "texture": "#0"},
				"east": {"uv": [2, 0.25, 4.25, 1.5], "texture": "#0"},
				"south": {"uv": [0, 0, 2, 1.5], "texture": "#0"},
				"west": {"uv": [0, 2.5, 1, 3], "texture": "#0"},
				"up": {"uv": [0, 0, 2, 4], "texture": "#0"},
				"down": {"uv": [0.5, 9, 1, 10], "texture": "#0"}
			}
		},
		{
			"from": [2, 2, 6],
			"to": [7, 6, 10],
			"faces": {
				"north": {"uv": [0, 4, 6, 8], "texture": "#1"},
				"east": {"uv": [0, 8, 4, 12], "texture": "#1"},
				"south": {"uv": [0, 4, 6, 8], "texture": "#1"},
				"west": {"uv": [4, 8, 8, 12], "texture": "#1"},
				"up": {"uv": [6, 8, 0, 4], "texture": "#1"},
				"down": {"uv": [6, 4, 0, 8], "texture": "#1"}
			}
		},
		{
			"from": [-1.9, 0.8, 6],
			"to": [4.1, 4.8, 10],
			"rotation": {"angle": 22.5, "axis": "z", "origin": [0, 0, 0]},
			"faces": {
				"north": {"uv": [4, 12, 8, 16], "texture": "#1"},
				"east": {"uv": [12, 4, 16, 8], "texture": "#1"},
				"south": {"uv": [8, 8, 14.5, 12], "texture": "#1"},
				"west": {"uv": [12, 0, 16, 4], "texture": "#1"},
				"up": {"uv": [0, 12, 4, 16], "texture": "#1"},
				"down": {"uv": [10, 12, 15.5, 16], "texture": "#1"}
			}
		},
		{
			"from": [7.8, 6, 2],
			"to": [8.8, 8, 6],
			"faces": {
				"north": {"uv": [16, 16, 15.75, 16], "texture": "#0"},
				"east": {"uv": [16, 16, 15.75, 16], "texture": "#0"},
				"south": {"uv": [16, 16, 15.75, 16], "texture": "#0"},
				"west": {"uv": [15.25, 16, 16, 15.5], "texture": "#0"},
				"up": {"uv": [16, 16, 15.75, 16], "texture": "#0"},
				"down": {"uv": [16, 16, 15.75, 16], "texture": "#0"}
			}
		},
		{
			"from": [7.8, 6, 10],
			"to": [8.8, 8, 14],
			"faces": {
				"north": {"uv": [16, 16, 15.75, 16], "texture": "#0"},
				"east": {"uv": [16, 16, 15.75, 16], "texture": "#0"},
				"south": {"uv": [16, 16, 15.75, 16], "texture": "#0"},
				"west": {"uv": [15.25, 16, 16, 15.5], "texture": "#0"},
				"up": {"uv": [16, 16, 15.75, 16], "texture": "#0"},
				"down": {"uv": [16, 16, 15.75, 16], "texture": "#0"}
			}
		}
	],
	"display": {
		"thirdperson_righthand": {
			"rotation": [-2, -90, -90],
			"translation": [0, 0.75, 1.5],
			"scale": [0.4, 0.4, 0.4]
		},
		"thirdperson_lefthand": {
			"rotation": [2, 90, 90],
			"translation": [0, 0.75, 1.5],
			"scale": [0.4, 0.4, 0.4]
		},
		"firstperson_righthand": {
			"rotation": [0, 35, 0],
			"translation": [-0.75, 4.25, 0],
			"scale": [0.4, 0.4, 0.4]
		},
		"firstperson_lefthand": {
			"rotation": [-180, -60, 180],
			"translation": [-0.75, 4.25, 0],
			"scale": [0.4, 0.4, 0.4]
		},
		"ground": {
			"translation": [0, 5.25, 0],
			"scale": [0.6, 0.6, 0.6]
		},
		"gui": {
			"rotation": [-154.82, 140, 179.22],
			"translation": [-2.25, 0, 0],
			"scale": [0.54922, 0.54922, 0.54922]
		},
		"head": {
			"rotation": [0, -90, 0],
			"translation": [0, 0.25, -7.5],
			"scale": [0.9, 0.9, 0.9]
		},
		"fixed": {
			"rotation": [0, -90, 0],
			"translation": [0, 0, -0.75]
		}
	},
	"groups": [
		{
			"name": "tali",
			"origin": [8, 1, 8],
			"color": 0,
			"children": [0, 1, 2]
		},
		{
			"name": "main",
			"origin": [4.78316, 7.6585, 8],
			"color": 0,
			"children": [3, 4, 5, 6, 7, 8, 9, 10, 11, 12, 13, 14, 15, 16, 17]
		},
		18,
		19,
		20,
		21
	]
}