{
	"credit": "Made with Blockbench",
	"texture_size": [64, 64],
	"textures": {
		"2": "./reysmask"
	},
	"elements": [
		{
			"from": [-1.2, 5, -1.0001],
			"to": [6.8, 13, -1.0001],
			"rotation": {"angle": 22.5, "axis": "y", "origin": [2, 1, -1]},
			"faces": {
				"north": {"uv": [6, 5, 8, 7], "texture": "#2"},
				"east": {"uv": [0, 0, 0, 2], "texture": "#2"},
				"south": {"uv": [2, 7, 4, 9], "texture": "#2"},
				"west": {"uv": [0, 0, 0, 2], "texture": "#2"},
				"up": {"uv": [2, 0, 0, 0], "texture": "#2"},
				"down": {"uv": [2, 0, 0, 0], "texture": "#2"}
			}
		},
		{
			"from": [-1.2, 0.5, -1.00001],
			"to": [6.8, 8.5, -1.00001],
			"rotation": {"angle": 22.5, "axis": "y", "origin": [2, 1, -1]},
			"faces": {
				"north": {"uv": [4, 7, 6, 9], "texture": "#2"},
				"east": {"uv": [0, 0, 0, 2], "texture": "#2"},
				"south": {"uv": [6, 7, 8, 9], "texture": "#2"},
				"west": {"uv": [0, 0, 0, 2], "texture": "#2"},
				"up": {"uv": [2, 0, 0, 0], "texture": "#2"},
				"down": {"uv": [2, 0, 0, 0], "texture": "#2"}
			}
		},
		{
			"from": [7.2, 5, -5.0001],
			"to": [15.2, 13, -5.0001],
			"rotation": {"angle": -22.5, "axis": "y", "origin": [2, 1, -1]},
			"faces": {
				"north": {"uv": [8, 0, 10, 2], "texture": "#2"},
				"east": {"uv": [0, 0, 0, 2], "texture": "#2"},
				"south": {"uv": [8, 2, 10, 4], "texture": "#2"},
				"west": {"uv": [0, 0, 0, 2], "texture": "#2"},
				"up": {"uv": [2, 0, 0, 0], "texture": "#2"},
				"down": {"uv": [2, 0, 0, 0], "texture": "#2"}
			}
		},
		{
			"from": [7.2, 0.5, -5.0001],
			"to": [15.2, 8.5, -5.0001],
			"rotation": {"angle": -22.5, "axis": "y", "origin": [2, 1, -1]},
			"faces": {
				"north": {"uv": [8, 4, 10, 6], "texture": "#2"},
				"east": {"uv": [0, 0, 0, 2], "texture": "#2"},
				"south": {"uv": [8, 6, 10, 8], "texture": "#2"},
				"west": {"uv": [0, 0, 0, 2], "texture": "#2"},
				"up": {"uv": [2, 0, 0, 0], "texture": "#2"},
				"down": {"uv": [2, 0, 0, 0], "texture": "#2"}
			}
		},
		{
			"from": [0, -5, 0],
			"to": [8, 13, 2],
			"rotation": {"angle": 22.5, "axis": "y", "origin": [0, -5, 0]},
			"faces": {
				"north": {"uv": [0, 0, 2, 4.5], "texture": "#2"},
				"east": {"uv": [9, 9, 9.5, 13.5], "texture": "#2"},
				"south": {"uv": [2, 0, 4, 4.5], "texture": "#2"},
				"west": {"uv": [9.5, 9, 10, 13.5], "texture": "#2"},
				"up": {"uv": [14, 3, 12, 2.5], "texture": "#2"},
				"down": {"uv": [5, 12, 3, 12.5], "texture": "#2"}
			}
		},
		{
			"from": [-2, -3, 0],
			"to": [0, 11, 2],
			"rotation": {"angle": 22.5, "axis": "y", "origin": [0, -5, 0]},
			"faces": {
				"north": {"uv": [8.5, 10, 9, 13.5], "texture": "#2"},
				"east": {"uv": [11, 4, 11.5, 7.5], "texture": "#2"},
				"south": {"uv": [11, 7.5, 11.5, 11], "texture": "#2"},
				"west": {"uv": [10, 11, 10.5, 14.5], "texture": "#2"},
				"up": {"uv": [11, 4.5, 10.5, 4], "texture": "#2"},
				"down": {"uv": [13, 2, 12.5, 2.5], "texture": "#2"}
			}
		},
		{
			"from": [-5.31223, -1, -2.77017],
			"to": [-3.31223, 9, -0.77017],
			"rotation": {"angle": 45, "axis": "y", "origin": [1.68777, -7, -2.77017]},
			"faces": {
				"north": {"uv": [11.5, 9, 12, 11.5], "texture": "#2"},
				"east": {"uv": [11.5, 11.5, 12, 14], "texture": "#2"},
				"south": {"uv": [12, 0, 12.5, 2.5], "texture": "#2"},
				"west": {"uv": [0.5, 12, 1, 14.5], "texture": "#2"},
				"up": {"uv": [3.5, 13, 3, 12.5], "texture": "#2"},
				"down": {"uv": [4, 12.5, 3.5, 13], "texture": "#2"}
			}
		},
		{
			"from": [6.78207, -5, 0],
			"to": [14.78207, 13, 2],
			"rotation": {"angle": -22.5, "axis": "y", "origin": [14.78207, -5, 0]},
			"faces": {
				"north": {"uv": [4, 0, 6, 4.5], "texture": "#2"},
				"east": {"uv": [0, 10, 0.5, 14.5], "texture": "#2"},
				"south": {"uv": [0, 4.5, 2, 9], "texture": "#2"},
				"west": {"uv": [10, 0, 10.5, 4.5], "texture": "#2"},
				"up": {"uv": [14, 3.5, 12, 3], "texture": "#2"},
				"down": {"uv": [14, 3.5, 12, 4], "texture": "#2"}
			}
		},
		{
			"from": [14.70595, -3, 0.38268],
			"to": [16.70595, 11, 2.38268],
			"rotation": {"angle": -22.5, "axis": "y", "origin": [15.70595, -7, 0.38268]},
			"faces": {
				"north": {"uv": [10.5, 11, 11, 14.5], "texture": "#2"},
				"east": {"uv": [11, 11, 11.5, 14.5], "texture": "#2"},
				"south": {"uv": [11.5, 0, 12, 3.5], "texture": "#2"},
				"west": {"uv": [11.5, 3.5, 12, 7], "texture": "#2"},
				"up": {"uv": [4.5, 13, 4, 12.5], "texture": "#2"},
				"down": {"uv": [13, 4, 12.5, 4.5], "texture": "#2"}
			}
		},
		{
			"from": [18.0943, -1, -2.77017],
			"to": [20.0943, 9, -0.77017],
			"rotation": {"angle": -45, "axis": "y", "origin": [13.0943, -11, -2.77017]},
			"faces": {
				"north": {"uv": [1, 12, 1.5, 14.5], "texture": "#2"},
				"east": {"uv": [1.5, 12, 2, 14.5], "texture": "#2"},
				"south": {"uv": [2, 12, 2.5, 14.5], "texture": "#2"},
				"west": {"uv": [2.5, 12, 3, 14.5], "texture": "#2"},
				"up": {"uv": [5, 13, 4.5, 12.5], "texture": "#2"},
				"down": {"uv": [13, 4.5, 12.5, 5], "texture": "#2"}
			}
		},
		{
			"from": [7, 9, 1],
			"to": [11, 17, 5],
			"rotation": {"angle": 22.5, "axis": "z", "origin": [1, -7, -2]},
			"faces": {
				"north": {"uv": [10.5, 0, 11.5, 2], "texture": "#2"},
				"east": {"uv": [7.5, 12, 8.5, 14], "texture": "#2"},
				"south": {"uv": [7.5, 12, 8.5, 14], "texture": "#2"},
				"west": {"uv": [7.5, 12.0625, 8.5, 14], "texture": "#2"},
				"up": {"uv": [13, 7, 12, 6], "texture": "#2"},
				"down": {"uv": [7.5, 12, 6.5, 13], "texture": "#2"}
			}
		},
		{
			"from": [16.66099, 19.66542, 2],
			"to": [20.66099, 27.66542, 4],
			"rotation": {"angle": 45, "axis": "z", "origin": [11.66099, -4.33458, -5]},
			"faces": {
				"north": {"uv": [10.5, 0, 11.5, 2], "texture": "#2"},
				"east": {"uv": [7.5, 12, 8, 14], "texture": "#2"},
				"south": {"uv": [10.5, 2, 11.5, 4], "texture": "#2"},
				"west": {"uv": [8, 12, 8.5, 14], "texture": "#2"},
				"up": {"uv": [13, 12, 12, 11.5], "texture": "#2"},
				"down": {"uv": [13, 12, 12, 12.5], "texture": "#2"}
			}
		},
		{
			"from": [8.95389, 26.95831, 2],
			"to": [20.95389, 30.95831, 4],
			"rotation": {"angle": 45, "axis": "z", "origin": [10.95389, -5.04169, -4]},
			"faces": {
				"north": {"uv": [3, 9, 6, 10], "texture": "#2"},
				"east": {"uv": [3, 9, 3.5, 10], "texture": "#2"},
				"south": {"uv": [6, 9, 3, 10], "texture": "#2"},
				"west": {"uv": [5.5, 9, 6, 10], "texture": "#2"},
				"up": {"uv": [6, 9.5, 3, 9], "texture": "#2"},
				"down": {"uv": [6, 9.5, 3, 10], "texture": "#2"}
			}
		},
		{
			"from": [7.27831, 21.17509, 3],
			"to": [15.27831, 31.17509, 3],
			"rotation": {"angle": 45, "axis": "z", "origin": [11.27831, -4.82491, -4]},
			"faces": {
				"north": {"uv": [4, 4.5, 2, 7], "texture": "#2"},
				"east": {"uv": [0, 0, 0, 2.5], "texture": "#2"},
				"south": {"uv": [6, 4.5, 4, 7], "texture": "#2"},
				"west": {"uv": [0, 0, 0, 2.5], "texture": "#2"},
				"up": {"uv": [0, 0, 2, 0], "texture": "#2"},
				"down": {"uv": [0, 0, 2, 0], "texture": "#2"}
			}
		},
		{
			"from": [-1.27831, 21.17509, 3],
			"to": [6.72169, 31.17509, 3],
			"rotation": {"angle": -45, "axis": "z", "origin": [2.72169, -4.82491, -4]},
			"faces": {
				"north": {"uv": [2, 4.5, 4, 7], "texture": "#2"},
				"east": {"uv": [0, 0, 0, 2.5], "texture": "#2"},
				"south": {"uv": [4, 4.5, 6, 7], "texture": "#2"},
				"west": {"uv": [0, 0, 0, 2.5], "texture": "#2"},
				"up": {"uv": [2, 0, 0, 0], "texture": "#2"},
				"down": {"uv": [2, 0, 0, 0], "texture": "#2"}
			}
		},
		{
			"from": [3, 9, 1],
			"to": [7, 17, 5],
			"rotation": {"angle": -22.5, "axis": "z", "origin": [13, -7, -2]},
			"faces": {
				"north": {"uv": [11.5, 0, 10.5, 2], "texture": "#2"},
				"east": {"uv": [8.5, 12.0625, 7.5, 14], "texture": "#2"},
				"south": {"uv": [8.5, 12, 7.5, 14], "texture": "#2"},
				"west": {"uv": [8.5, 12, 7.5, 14], "texture": "#2"},
				"up": {"uv": [12, 7, 13, 6], "texture": "#2"},
				"down": {"uv": [6.5, 12, 7.5, 13], "texture": "#2"}
			}
		},
		{
			"from": [-6.66099, 19.66542, 2],
			"to": [-2.66099, 27.66542, 4],
			"rotation": {"angle": -45, "axis": "z", "origin": [2.33901, -4.33458, -5]},
			"faces": {
				"north": {"uv": [11.5, 0, 10.5, 2], "texture": "#2"},
				"east": {"uv": [8.5, 12, 8, 14], "texture": "#2"},
				"south": {"uv": [11.5, 2, 10.5, 4], "texture": "#2"},
				"west": {"uv": [8, 12, 7.5, 14], "texture": "#2"},
				"up": {"uv": [12, 12, 13, 11.5], "texture": "#2"},
				"down": {"uv": [12, 12, 13, 12.5], "texture": "#2"}
			}
		},
		{
			"from": [-6.95389, 26.95831, 2],
			"to": [5.04611, 30.95831, 4],
			"rotation": {"angle": -45, "axis": "z", "origin": [3.04611, -5.04169, -4]},
			"faces": {
				"north": {"uv": [6, 9, 3, 10], "texture": "#2"},
				"east": {"uv": [6, 9, 5.5, 10], "texture": "#2"},
				"south": {"uv": [3, 9, 6, 10], "texture": "#2"},
				"west": {"uv": [3.5, 9, 3, 10], "texture": "#2"},
				"up": {"uv": [3, 9.5, 6, 9], "texture": "#2"},
				"down": {"uv": [3, 9.5, 6, 10], "texture": "#2"}
			}
		}
	],
	"display": {
		"thirdperson_righthand": {
			"translation": [0, 4.25, 3.5],
			"scale": [0.3, 0.3, 0.3]
		},
		"thirdperson_lefthand": {
			"translation": [0, 3.5, 3.5],
			"scale": [0.3, 0.3, 0.3]
		},
		"firstperson_righthand": {
			"rotation": [180, 47.25, 180],
			"translation": [1.5, 5.5, -2.5],
			"scale": [0.3, 0.3, 0.3]
		},
		"firstperson_lefthand": {
			"rotation": [180, 47.25, 180],
			"translation": [2.25, 5.25, -2.5],
			"scale": [0.3, 0.3, 0.3]
		},
		"ground": {
			"translation": [0, 3.75, 1.75],
			"scale": [0.3, 0.3, 0.3]
		},
		"gui": {
			"rotation": [-154.82, 47.29, 179.22],
			"translation": [1.25, -0.5, 0],
			"scale": [0.4, 0.4, 0.5]
		},
		"head": {
			"translation": [0.75, 3, -0.5],
			"scale": [0.9, 0.9, 0.9]
		},
		"fixed": {
			"translation": [0, 5.5, 2.75]
		}
	},
	"groups": [
		{
			"name": "group",
			"origin": [5.72169, -12.82491, -2],
			"color": 0,
			"children": [
				{
					"name": "group",
					"origin": [0, 0, 0],
					"color": 0,
					"children": [0, 1, 2, 3]
				},
				4,
				5,
				6,
				7,
				8,
				9,
				{
					"name": "group",
					"origin": [5.72169, -12.82491, -2],
					"color": 0,
					"children": [10, 11, 12, 13]
				},
				{
					"name": "group",
					"origin": [10.27831, -12.82491, -2],
					"color": 0,
					"children": [14, 15, 16, 17]
				}
			]
		}
	]
}