{
	"credit": "Made with Blockbench",
	"texture_size": [64, 64],
	"textures": {
		"10": "./main"
	},
	"elements": [
		{
			"from": [3, 6, 1],
			"to": [12, 11, 1],
			"rotation": {"angle": 22.5, "axis": "x", "origin": [7, 3, -4]},
			"faces": {
				"north": {"uv": [4.25, 4, 6.5, 5.25], "texture": "#10"},
				"east": {"uv": [0, 0, 0, 1.25], "texture": "#10"},
				"south": {"uv": [0, 4.5, 2.25, 5.75], "texture": "#10"},
				"west": {"uv": [0, 0, 0, 1.25], "texture": "#10"},
				"up": {"uv": [2.25, 0, 0, 0], "texture": "#10"},
				"down": {"uv": [2.25, 0, 0, 0], "texture": "#10"}
			}
		},
		{
			"from": [3, 2, 1],
			"to": [12, 6, 1],
			"rotation": {"angle": 22.5, "axis": "x", "origin": [7, -2, -4]},
			"faces": {
				"north": {"uv": [4.5, 5.25, 6.75, 6.25], "texture": "#10"},
				"east": {"uv": [0, 0, 0, 1.25], "texture": "#10"},
				"south": {"uv": [0, 4.5, 2.25, 5.75], "texture": "#10"},
				"west": {"uv": [0, 0, 0, 1.25], "texture": "#10"},
				"up": {"uv": [2.25, 0, 0, 0], "texture": "#10"},
				"down": {"uv": [2.25, 0, 0, 0], "texture": "#10"}
			}
		},
		{
			"from": [3, 4, 1],
			"to": [12, 9, 1],
			"rotation": {"angle": 22.5, "axis": "x", "origin": [7, 1, -4]},
			"faces": {
				"north": {"uv": [2.25, 5.25, 4.5, 6.5], "texture": "#10"},
				"east": {"uv": [0, 0, 0, 1.25], "texture": "#10"},
				"south": {"uv": [0, 4.5, 2.25, 5.75], "texture": "#10"},
				"west": {"uv": [0, 0, 0, 1.25], "texture": "#10"},
				"up": {"uv": [2.25, 0, 0, 0], "texture": "#10"},
				"down": {"uv": [2.25, 0, 0, 0], "texture": "#10"}
			}
		},
		{
			"from": [3, 0, 4],
			"to": [12, 9, 12],
			"rotation": {"angle": 0, "axis": "y", "origin": [7, 0, 7]},
			"faces": {
				"north": {"uv": [0, 0, 2.25, 2.25], "texture": "#10"},
				"east": {"uv": [2.25, 0, 4.25, 2.25], "texture": "#10"},
				"south": {"uv": [0, 2.25, 2.25, 4.5], "texture": "#10"},
				"west": {"uv": [2.25, 2.25, 4.25, 4.5], "texture": "#10"},
				"up": {"uv": [6.5, 2, 4.25, 0], "texture": "#10"},
				"down": {"uv": [6.5, 2, 4.25, 4], "texture": "#10"}
			}
		},
		{
			"from": [6, 2, 11],
			"to": [7, 7, 13],
			"rotation": {"angle": 0, "axis": "y", "origin": [8, 0, 14]},
			"faces": {
				"north": {"uv": [6.5, 3.75, 6.75, 5], "texture": "#10"},
				"east": {"uv": [3, 8.75, 3.5, 10], "texture": "#10"},
				"south": {"uv": [5.75, 9.25, 6, 10.5], "texture": "#10"},
				"west": {"uv": [3.5, 8.75, 4, 10], "texture": "#10"},
				"up": {"uv": [4.25, 5, 4, 4.5], "texture": "#10"},
				"down": {"uv": [8.5, 3, 8.25, 3.5], "texture": "#10"}
			}
		},
		{
			"from": [8, 2, 11],
			"to": [9, 7, 13],
			"rotation": {"angle": 0, "axis": "y", "origin": [10, 0, 14]},
			"faces": {
				"north": {"uv": [6.5, 3.75, 6.75, 5], "texture": "#10"},
				"east": {"uv": [3, 8.75, 3.5, 10], "texture": "#10"},
				"south": {"uv": [5.75, 9.25, 6, 10.5], "texture": "#10"},
				"west": {"uv": [3.5, 8.75, 4, 10], "texture": "#10"},
				"up": {"uv": [4.25, 5, 4, 4.5], "texture": "#10"},
				"down": {"uv": [8.5, 3, 8.25, 3.5], "texture": "#10"}
			}
		},
		{
			"from": [6.05, 1, 12],
			"to": [6.95, 8, 14],
			"rotation": {"angle": -22.5, "axis": "x", "origin": [8, 0, 15]},
			"faces": {
				"north": {"uv": [5.5, 8.75, 5.71875, 10.5], "texture": "#10"},
				"east": {"uv": [5.75, 7.5, 6.25, 9.25], "texture": "#10"},
				"south": {"uv": [9.25, 3.75, 9.46875, 5.5], "texture": "#10"},
				"west": {"uv": [6.25, 8.25, 6.75, 10], "texture": "#10"},
				"up": {"uv": [10.21875, 2, 10, 1.5], "texture": "#10"},
				"down": {"uv": [3.21875, 10, 3, 10.5], "texture": "#10"}
			}
		},
		{
			"from": [8.05, 1, 12],
			"to": [8.95, 8, 14],
			"rotation": {"angle": -22.5, "axis": "x", "origin": [10, 0, 15]},
			"faces": {
				"north": {"uv": [5.5, 8.75, 5.71875, 10.5], "texture": "#10"},
				"east": {"uv": [5.75, 7.5, 6.25, 9.25], "texture": "#10"},
				"south": {"uv": [9.25, 3.75, 9.46875, 5.5], "texture": "#10"},
				"west": {"uv": [6.25, 8.25, 6.75, 10], "texture": "#10"},
				"up": {"uv": [10.21875, 2, 10, 1.5], "texture": "#10"},
				"down": {"uv": [3.21875, 10, 3, 10.5], "texture": "#10"}
			}
		},
		{
			"from": [2, 2, 4.01],
			"to": [5, 5, 7],
			"rotation": {"angle": 0, "axis": "y", "origin": [-1, 0, 7]},
			"faces": {
				"north": {"uv": [7.5, 4.75, 8.25, 5.5], "texture": "#10"},
				"east": {"uv": [7.75, 1.25, 8.5, 2], "texture": "#10"},
				"south": {"uv": [7.5, 4.75, 8.25, 5.5], "texture": "#10"},
				"west": {"uv": [4.75, 8.75, 5.5, 9.5], "texture": "#10"},
				"up": {"uv": [9.5, 6.75, 8.75, 6], "texture": "#10"},
				"down": {"uv": [9.5, 6.75, 8.75, 7.5], "texture": "#10"}
			}
		},
		{
			"from": [10, 2, 4.01],
			"to": [13, 5, 7],
			"rotation": {"angle": 0, "axis": "y", "origin": [16, 0, 7]},
			"faces": {
				"north": {"uv": [0.75, 9, 1.5, 9.75], "texture": "#10"},
				"east": {"uv": [1.5, 9, 2.25, 9.75], "texture": "#10"},
				"south": {"uv": [0.75, 9, 1.5, 9.75], "texture": "#10"},
				"west": {"uv": [9, 7.5, 9.75, 8.25], "texture": "#10"},
				"up": {"uv": [9, 9.75, 8.25, 9], "texture": "#10"},
				"down": {"uv": [9.75, 8.25, 9, 9], "texture": "#10"}
			}
		},
		{
			"from": [2, 5, 5],
			"to": [5, 10, 6],
			"rotation": {"angle": 0, "axis": "y", "origin": [-1, 3, 7]},
			"faces": {
				"north": {"uv": [5, 7.5, 5.75, 8.75], "texture": "#10"},
				"east": {"uv": [6, 9.25, 6.25, 10.5], "texture": "#10"},
				"south": {"uv": [5, 7.5, 5.75, 8.75], "texture": "#10"},
				"west": {"uv": [6, 9.25, 6.25, 10.5], "texture": "#10"},
				"up": {"uv": [10.25, 5.5, 9.5, 5.25], "texture": "#10"},
				"down": {"uv": [10.25, 5.25, 9.5, 5.5], "texture": "#10"}
			}
		},
		{
			"from": [10, 5, 5],
			"to": [13, 10, 6],
			"rotation": {"angle": 0, "axis": "y", "origin": [16, 3, 7]},
			"faces": {
				"north": {"uv": [0.75, 7.75, 1.5, 9], "texture": "#10"},
				"east": {"uv": [6, 9.25, 6.25, 10.5], "texture": "#10"},
				"south": {"uv": [1.5, 7.75, 2.25, 9], "texture": "#10"},
				"west": {"uv": [9.5, 6, 9.75, 7.25], "texture": "#10"},
				"up": {"uv": [10.5, 8.25, 9.75, 8], "texture": "#10"},
				"down": {"uv": [9, 9.75, 8.25, 10], "texture": "#10"}
			}
		},
		{
			"from": [2, 8, 7],
			"to": [5, 10, 8],
			"rotation": {"angle": 0, "axis": "y", "origin": [-1, 3, 9]},
			"faces": {
				"north": {"uv": [9.25, 1.5, 10, 2], "texture": "#10"},
				"east": {"uv": [8.25, 4.75, 8.5, 5.25], "texture": "#10"},
				"south": {"uv": [9.25, 5.5, 10, 6], "texture": "#10"},
				"west": {"uv": [9.25, 5.5, 10, 6], "texture": "#10"},
				"up": {"uv": [10.25, 7.5, 9.5, 7.25], "texture": "#10"},
				"down": {"uv": [10.5, 7, 9.75, 7.25], "texture": "#10"}
			}
		},
		{
			"from": [10, 8, 7],
			"to": [13, 10, 8],
			"rotation": {"angle": 0, "axis": "y", "origin": [16, 3, 9]},
			"faces": {
				"north": {"uv": [4, 8.5, 4.75, 9.5], "texture": "#10"},
				"east": {"uv": [10, 0.5, 10.25, 1], "texture": "#10"},
				"south": {"uv": [10, 0.5, 10.25, 1], "texture": "#10"},
				"west": {"uv": [10, 1, 10.25, 1.5], "texture": "#10"},
				"up": {"uv": [10.5, 8.5, 9.75, 8.25], "texture": "#10"},
				"down": {"uv": [10.5, 8.5, 9.75, 8.75], "texture": "#10"}
			}
		},
		{
			"from": [2, 6.01, 6],
			"to": [5, 10.01, 10],
			"rotation": {"angle": 0, "axis": "y", "origin": [-1, 3, 8]},
			"faces": {
				"north": {"uv": [9.25, 1.5, 10, 2], "texture": "#10"},
				"east": {"uv": [6.25, 7.25, 7.25, 8.25], "texture": "#10"},
				"south": {"uv": [8.5, 0, 9.25, 1], "texture": "#10"},
				"west": {"uv": [7.25, 7.25, 8.25, 8.25], "texture": "#10"},
				"up": {"uv": [9.25, 2, 8.5, 1], "texture": "#10"},
				"down": {"uv": [9.25, 3, 8.5, 4], "texture": "#10"}
			}
		},
		{
			"from": [10, 6.01, 6],
			"to": [13, 10.01, 10],
			"rotation": {"angle": 0, "axis": "y", "origin": [16, 3, 8]},
			"faces": {
				"north": {"uv": [4, 8.5, 4.75, 9.5], "texture": "#10"},
				"east": {"uv": [7.5, 3.75, 8.5, 4.75], "texture": "#10"},
				"south": {"uv": [8.5, 4, 9.25, 5], "texture": "#10"},
				"west": {"uv": [4, 7.5, 5, 8.5], "texture": "#10"},
				"up": {"uv": [9.25, 6, 8.5, 5], "texture": "#10"},
				"down": {"uv": [0.75, 8.75, 0, 9.75], "texture": "#10"}
			}
		},
		{
			"from": [6, 6.01, 4.01],
			"to": [9, 10.01, 9.01],
			"rotation": {"angle": 0, "axis": "y", "origin": [12, 3, 6]},
			"faces": {
				"north": {"uv": [4, 8.5, 4.75, 9.5], "texture": "#10"},
				"east": {"uv": [6.25, 6.25, 7.5, 7.25], "texture": "#10"},
				"south": {"uv": [8.5, 4, 9.25, 5], "texture": "#10"},
				"west": {"uv": [4, 7.5, 5, 8.5], "texture": "#10"},
				"up": {"uv": [9.25, 6, 8.5, 5], "texture": "#10"},
				"down": {"uv": [0.75, 8.75, 0, 9.75], "texture": "#10"}
			}
		},
		{
			"from": [7, 9.01, 2.01],
			"to": [7, 13.01, 7.01],
			"rotation": {"angle": 22.5, "axis": "x", "origin": [12, 6, 4]},
			"faces": {
				"north": {"uv": [4, 8.5, 4.75, 9.5], "texture": "#10"},
				"east": {"uv": [6.5, 0, 7.75, 1], "texture": "#10"},
				"south": {"uv": [8.5, 4, 9.25, 5], "texture": "#10"},
				"west": {"uv": [6.5, 1, 7.75, 2], "texture": "#10"},
				"up": {"uv": [9.25, 6, 8.5, 5], "texture": "#10"},
				"down": {"uv": [0.75, 8.75, 0, 9.75], "texture": "#10"}
			}
		},
		{
			"from": [2, 6, 4.01],
			"to": [5, 10, 5.01],
			"rotation": {"angle": 0, "axis": "y", "origin": [-1, 3, 6]},
			"faces": {
				"north": {"uv": [7.5, 6.25, 8.25, 7.25], "texture": "#10"},
				"east": {"uv": [2.25, 7.75, 2.5, 8.75], "texture": "#10"},
				"south": {"uv": [8.25, 8, 9, 9], "texture": "#10"},
				"west": {"uv": [0, 9.75, 0.25, 10.75], "texture": "#10"},
				"up": {"uv": [10.5, 7.75, 9.75, 7.5], "texture": "#10"},
				"down": {"uv": [10.5, 7.75, 9.75, 8], "texture": "#10"}
			}
		},
		{
			"from": [10, 6, 4.01],
			"to": [13, 10, 5.01],
			"rotation": {"angle": 0, "axis": "y", "origin": [16, 3, 6]},
			"faces": {
				"north": {"uv": [8.75, 2, 9.5, 3], "texture": "#10"},
				"east": {"uv": [2.25, 9.75, 2.5, 10.75], "texture": "#10"},
				"south": {"uv": [2.25, 8.75, 3, 9.75], "texture": "#10"},
				"west": {"uv": [2.5, 9.75, 2.75, 10.75], "texture": "#10"},
				"up": {"uv": [10.5, 9, 9.75, 8.75], "texture": "#10"},
				"down": {"uv": [9.75, 9.75, 9, 10], "texture": "#10"}
			}
		},
		{
			"from": [6.3, 4, 4.01],
			"to": [9.3, 6, 5.01],
			"rotation": {"angle": 45, "axis": "z", "origin": [4, 1, 6]},
			"faces": {
				"north": {"uv": [9.5, 7.25, 10.25, 7.5], "texture": "#10"},
				"east": {"uv": [9.75, 9.5, 10, 10], "texture": "#10"},
				"south": {"uv": [9.5, 7.25, 10.25, 7.5], "texture": "#10"},
				"west": {"uv": [9.75, 9.5, 10, 10], "texture": "#10"},
				"up": {"uv": [10.25, 5.5, 9.5, 5.25], "texture": "#10"},
				"down": {"uv": [10.25, 5.25, 9.5, 5.5], "texture": "#10"}
			}
		},
		{
			"from": [5.7, 4, 4.01],
			"to": [8.7, 6, 5.01],
			"rotation": {"angle": -45, "axis": "z", "origin": [11, 1, 6]},
			"faces": {
				"north": {"uv": [9.5, 3.75, 10.25, 4.25], "texture": "#10"},
				"east": {"uv": [10, 0, 10.25, 0.5], "texture": "#10"},
				"south": {"uv": [9.5, 3.75, 10.25, 4.25], "texture": "#10"},
				"west": {"uv": [10, 0, 10.25, 0.5], "texture": "#10"},
				"up": {"uv": [9, 10, 8.25, 9.75], "texture": "#10"},
				"down": {"uv": [9, 9.75, 8.25, 10], "texture": "#10"}
			}
		},
		{
			"from": [6.3, 4, 6.01],
			"to": [9.3, 6, 8.01],
			"rotation": {"angle": 45, "axis": "z", "origin": [4, 1, 8]},
			"faces": {
				"north": {"uv": [9.5, 7.25, 10.25, 7.5], "texture": "#10"},
				"east": {"uv": [0.25, 9.75, 0.75, 10.25], "texture": "#10"},
				"south": {"uv": [9.5, 2, 10.25, 2.5], "texture": "#10"},
				"west": {"uv": [0.75, 9.75, 1.25, 10.25], "texture": "#10"},
				"up": {"uv": [10.25, 3, 9.5, 2.5], "texture": "#10"},
				"down": {"uv": [10.25, 7.25, 9.5, 7.5], "texture": "#10"}
			}
		},
		{
			"from": [5.7, 4, 6.01],
			"to": [8.7, 6, 8.01],
			"rotation": {"angle": -45, "axis": "z", "origin": [11, 1, 8]},
			"faces": {
				"north": {"uv": [9.75, 8.25, 10.5, 8.5], "texture": "#10"},
				"east": {"uv": [9.75, 6, 10.25, 6.5], "texture": "#10"},
				"south": {"uv": [4, 9.5, 4.75, 10], "texture": "#10"},
				"west": {"uv": [9.75, 6.5, 10.25, 7], "texture": "#10"},
				"up": {"uv": [10.25, 4.75, 9.5, 4.25], "texture": "#10"},
				"down": {"uv": [10.5, 8.25, 9.75, 8.5], "texture": "#10"}
			}
		},
		{
			"from": [4.175, -2.3, 4.6],
			"to": [6.725, 0.25, 11.4],
			"rotation": {"angle": 45, "axis": "z", "origin": [1.2, -2.55, 4.6]},
			"faces": {
				"north": {"uv": [9, 9, 9.625, 9.625], "texture": "#10"},
				"east": {"uv": [2.25, 4.5, 3.9375, 5.125], "texture": "#10"},
				"south": {"uv": [9.25, 0, 9.875, 0.625], "texture": "#10"},
				"west": {"uv": [6.5, 3, 8.1875, 3.625], "texture": "#10"},
				"up": {"uv": [7.375, 5.4375, 6.75, 3.75], "texture": "#10"},
				"down": {"uv": [0.625, 7, 0, 8.6875], "texture": "#10"}
			}
		},
		{
			"from": [8.275, -2.3, 4.6],
			"to": [10.825, 0.25, 11.4],
			"rotation": {"angle": -45, "axis": "z", "origin": [13.8, -2.55, 4.6]},
			"faces": {
				"north": {"uv": [9.25, 0.75, 9.875, 1.375], "texture": "#10"},
				"east": {"uv": [6.75, 5.5, 8.4375, 6.125], "texture": "#10"},
				"south": {"uv": [9.25, 3, 9.875, 3.625], "texture": "#10"},
				"west": {"uv": [0.75, 7, 2.4375, 7.625], "texture": "#10"},
				"up": {"uv": [3.125, 8.6875, 2.5, 7], "texture": "#10"},
				"down": {"uv": [3.875, 7, 3.25, 8.6875], "texture": "#10"}
			}
		},
		{
			"from": [3.1, 0, 8.5],
			"to": [6, 2, 10.5],
			"rotation": {"angle": 45, "axis": "x", "origin": [3, 0, 14]},
			"faces": {
				"north": {"uv": [4.75, 9.5, 5.46875, 10], "texture": "#10"},
				"east": {"uv": [1.75, 5.75, 2.25, 6.25], "texture": "#10"},
				"south": {"uv": [4.75, 9.5, 5.46875, 10], "texture": "#10"},
				"west": {"uv": [1.75, 5.75, 2.25, 6.25], "texture": "#10"},
				"up": {"uv": [10.21875, 5.25, 9.5, 4.75], "texture": "#10"},
				"down": {"uv": [5.46875, 9.5, 4.75, 10], "texture": "#10"}
			}
		},
		{
			"from": [7.1, 1, 8.5],
			"to": [8, 3, 10.5],
			"rotation": {"angle": 45, "axis": "x", "origin": [6, 1, 14]},
			"faces": {
				"north": {"uv": [10, 3, 10.21875, 3.5], "texture": "#10"},
				"east": {"uv": [1.25, 9.75, 1.75, 10.25], "texture": "#10"},
				"south": {"uv": [3.25, 10, 3.46875, 10.5], "texture": "#10"},
				"west": {"uv": [1.75, 9.75, 2.25, 10.25], "texture": "#10"},
				"up": {"uv": [3.71875, 10.5, 3.5, 10], "texture": "#10"},
				"down": {"uv": [3.96875, 10, 3.75, 10.5], "texture": "#10"}
			}
		},
		{
			"from": [9, 0, 8.5],
			"to": [11.9, 2, 10.5],
			"rotation": {"angle": 45, "axis": "x", "origin": [9, 0, 14]},
			"faces": {
				"north": {"uv": [4.75, 9.5, 5.46875, 10], "texture": "#10"},
				"east": {"uv": [1.75, 5.75, 2.25, 6.25], "texture": "#10"},
				"south": {"uv": [4.75, 9.5, 5.46875, 10], "texture": "#10"},
				"west": {"uv": [1.75, 5.75, 2.25, 6.25], "texture": "#10"},
				"up": {"uv": [10.21875, 5.25, 9.5, 4.75], "texture": "#10"},
				"down": {"uv": [5.46875, 9.5, 4.75, 10], "texture": "#10"}
			}
		},
		{
			"from": [4, 4.5, 12],
			"to": [5, 6.5, 12],
			"rotation": {"angle": 0, "axis": "y", "origin": [3, 1, 12]},
			"faces": {
				"north": {"uv": [8.75, 7.5, 9, 8], "texture": "#10"},
				"east": {"uv": [0, 0, 0, 0.5], "texture": "#10"},
				"south": {"uv": [2.75, 9.75, 3, 10.25], "texture": "#10"},
				"west": {"uv": [0, 0, 0, 0.5], "texture": "#10"},
				"up": {"uv": [0.25, 0, 0, 0], "texture": "#10"},
				"down": {"uv": [0.25, 0, 0, 0], "texture": "#10"}
			}
		},
		{
			"from": [10, 4.5, 12],
			"to": [11, 6.5, 12],
			"rotation": {"angle": 0, "axis": "y", "origin": [9, 1, 12]},
			"faces": {
				"north": {"uv": [8.75, 7.5, 9, 8], "texture": "#10"},
				"east": {"uv": [0, 0, 0, 0.5], "texture": "#10"},
				"south": {"uv": [9.75, 9, 10, 9.5], "texture": "#10"},
				"west": {"uv": [0, 0, 0, 0.5], "texture": "#10"},
				"up": {"uv": [0.25, 0, 0, 0], "texture": "#10"},
				"down": {"uv": [0.25, 0, 0, 0], "texture": "#10"}
			}
		},
		{
			"from": [3.05, 3, 8.5],
			"to": [11.95, 5, 10.5],
			"rotation": {"angle": 45, "axis": "x", "origin": [3, 3, 14]},
			"faces": {
				"north": {"uv": [1.75, 6.5, 3.96875, 7], "texture": "#10"},
				"east": {"uv": [4, 6.5, 4.5, 7], "texture": "#10"},
				"south": {"uv": [6.5, 2, 8.71875, 2.5], "texture": "#10"},
				"west": {"uv": [4, 7, 4.5, 7.5], "texture": "#10"},
				"up": {"uv": [8.71875, 3, 6.5, 2.5], "texture": "#10"},
				"down": {"uv": [3.96875, 6.5, 1.75, 7], "texture": "#10"}
			}
		},
		{
			"from": [3.001, 8, 0],
			"to": [3.001, 13, 7],
			"rotation": {"angle": 0, "axis": "y", "origin": [1, 2, 7]},
			"faces": {
				"north": {"uv": [0, 0, 0, 1.25], "texture": "#10"},
				"east": {"uv": [0, 5.75, 1.75, 7], "texture": "#10"},
				"south": {"uv": [0, 0, 0, 1.25], "texture": "#10"},
				"west": {"uv": [4.5, 6.25, 6.25, 7.5], "texture": "#10"},
				"up": {"uv": [0, 1.75, 0, 0], "texture": "#10"},
				"down": {"uv": [0, 0, 0, 1.75], "texture": "#10"}
			}
		},
		{
			"from": [12, 8, 0],
			"to": [12, 13, 7],
			"rotation": {"angle": 0, "axis": "y", "origin": [14, 2, 7]},
			"faces": {
				"north": {"uv": [7.75, 0, 8.5, 1.25], "texture": "#10"},
				"east": {"uv": [0, 5.75, 1.75, 7], "texture": "#10"},
				"south": {"uv": [0, 0, 0, 1.25], "texture": "#10"},
				"west": {"uv": [4.5, 6.25, 6.25, 7.5], "texture": "#10"},
				"up": {"uv": [0, 1.75, 0, 0], "texture": "#10"},
				"down": {"uv": [0, 0, 0, 1.75], "texture": "#10"}
			}
		},
		{
			"from": [3, 13, 0],
			"to": [5, 13, 7],
			"rotation": {"angle": 0, "axis": "y", "origin": [1, 2, 7]},
			"faces": {
				"north": {"uv": [0, 0, 0, 1.25], "texture": "#10"},
				"east": {"uv": [0, 0, 0, 1.25], "texture": "#10"},
				"south": {"uv": [0, 0, 0, 1.25], "texture": "#10"},
				"west": {"uv": [4.5, 6.25, 6.25, 7.5], "texture": "#10"},
				"up": {"uv": [8.75, 8, 8.25, 6.25], "texture": "#10"},
				"down": {"uv": [7.25, 8.25, 6.75, 10], "texture": "#10"}
			}
		},
		{
			"from": [10, 13, 0],
			"to": [12, 13, 7],
			"rotation": {"angle": 0, "axis": "y", "origin": [14, 2, 7]},
			"faces": {
				"north": {"uv": [7.75, 0, 8.5, 1.25], "texture": "#10"},
				"east": {"uv": [0, 5.75, 1.75, 7], "texture": "#10"},
				"south": {"uv": [0, 0, 0, 1.25], "texture": "#10"},
				"west": {"uv": [0, 0, 1.75, 0], "texture": "#10"},
				"up": {"uv": [7.75, 10, 7.25, 8.25], "texture": "#10"},
				"down": {"uv": [8.25, 8.25, 7.75, 10], "texture": "#10"}
			}
		},
		{
			"from": [3, 8, 0],
			"to": [6, 13, 0],
			"rotation": {"angle": 0, "axis": "y", "origin": [1, 2, 7]},
			"faces": {
				"north": {"uv": [8.46875, 0, 7.75, 1], "texture": "#10"},
				"east": {"uv": [0, 0, 0, 1.25], "texture": "#10"},
				"south": {"uv": [7.75, 0, 8.5, 1.25], "texture": "#10"},
				"west": {"uv": [4.5, 6.25, 6.25, 7.5], "texture": "#10"},
				"up": {"uv": [0, 1.75, 0, 0], "texture": "#10"},
				"down": {"uv": [0, 0, 0, 1.75], "texture": "#10"}
			}
		},
		{
			"from": [9, 8, 0],
			"to": [12, 13, 0],
			"rotation": {"angle": 0, "axis": "y", "origin": [14, 2, 7]},
			"faces": {
				"north": {"uv": [7.75, 0, 8.5, 1.25], "texture": "#10"},
				"east": {"uv": [0, 5.75, 1.75, 7], "texture": "#10"},
				"south": {"uv": [8.46875, 0, 7.75, 1.25], "texture": "#10"},
				"west": {"uv": [0, 0, 1.75, 0], "texture": "#10"},
				"up": {"uv": [0, 1.75, 0, 0], "texture": "#10"},
				"down": {"uv": [0, 0, 0, 1.75], "texture": "#10"}
			}
		}
	],
	"display": {
		"thirdperson_righthand": {
			"rotation": [42, 180, 0],
			"translation": [0, 0, 1.5],
			"scale": [0.47, 0.52, 0.67]
		},
		"thirdperson_lefthand": {
			"rotation": [42, 180, 0],
			"translation": [0, 0, 1.5],
			"scale": [0.47, 0.52, 0.67]
		},
		"firstperson_righthand": {
			"rotation": [0, 180, 0],
			"translation": [0, 4.5, 1.5],
			"scale": [0.47, 0.52, 0.67]
		},
		"firstperson_lefthand": {
			"rotation": [0, 180, 0],
			"translation": [0, 4.5, 1.5],
			"scale": [0.47, 0.52, 0.67]
		},
		"gui": {
			"rotation": [15.84, -40.69, 2.68],
			"translation": [-0.25, 0.25, 0],
			"scale": [0.8, 0.8, 0.8]
		},
		"head": {
			"rotation": [0, 180, 0],
			"translation": [-0.5, 5.75, -0.5],
			"scale": [1.78297, 1.78, 2.03367]
		}
	}
}