{
	"credit": "Made with Blockbench",
	"texture_size": [32, 32],
	"textures": {
		"0": "./rafilnm",
		"particle": "./rafilnm"
	},
	"elements": [
		{
			"from": [0.25, 8.75, 9],
			"to": [1.25, 10.75, 25],
			"rotation": {"angle": 0, "axis": "y", "origin": [0.25, -0.25, 0]},
			"faces": {
				"north": {"uv": [2, 9, 10, 8], "texture": "#0"},
				"east": {"uv": [2, 9, 10, 8], "texture": "#0"},
				"south": {"uv": [2, 9, 10, 8], "texture": "#0"},
				"west": {"uv": [2, 9, 10, 8], "texture": "#0"},
				"up": {"uv": [2, 9, 10, 8], "texture": "#0"},
				"down": {"uv": [2, 9, 10, 8], "texture": "#0"}
			}
		},
		{
			"from": [14.75, 8.75, 9],
			"to": [15.75, 10.75, 25],
			"rotation": {"angle": 0, "axis": "y", "origin": [15.75, -0.25, 0]},
			"faces": {
				"north": {"uv": [2, 8, 10, 9], "texture": "#0"},
				"east": {"uv": [2, 8, 10, 9], "texture": "#0"},
				"south": {"uv": [2, 8, 10, 9], "texture": "#0"},
				"west": {"uv": [2, 8, 10, 9], "texture": "#0"},
				"up": {"uv": [2, 8, 10, 9], "texture": "#0"},
				"down": {"uv": [2, 8, 10, 9], "texture": "#0"}
			}
		},
		{
			"from": [0.25, 8.75, 25],
			"to": [15.75, 10.75, 26],
			"rotation": {"angle": 0, "axis": "y", "origin": [8, 2.15, 25.5]},
			"faces": {
				"north": {"uv": [2, 8, 9.75, 9], "texture": "#0"},
				"east": {"uv": [2, 8, 9.75, 9], "texture": "#0"},
				"south": {"uv": [2, 8, 9.75, 9], "texture": "#0"},
				"west": {"uv": [2, 8, 9.75, 9], "texture": "#0"},
				"up": {"uv": [2, 8, 9.75, 9], "texture": "#0"},
				"down": {"uv": [2, 8, 9.75, 9], "texture": "#0"}
			}
		},
		{
			"from": [0, 3, 7],
			"to": [16, 17, 9],
			"rotation": {"angle": 0, "axis": "y", "origin": [0, 3, 0]},
			"faces": {
				"north": {"uv": [8, 0, 16, 7], "texture": "#0"},
				"east": {"uv": [8, 0, 9, 7], "texture": "#0"},
				"south": {"uv": [16, 0, 8, 7], "texture": "#0"},
				"west": {"uv": [15, 0, 16, 7], "texture": "#0"},
				"up": {"uv": [8, 0, 16, 1], "texture": "#0"},
				"down": {"uv": [8, 6, 16, 7], "texture": "#0"}
			}
		},
		{
			"from": [2, -1.67878, 7.53284],
			"to": [14, 0.32122, 9.53284],
			"rotation": {"angle": -22.5, "axis": "x", "origin": [-2, 0.32122, 0.53284]},
			"faces": {
				"north": {"uv": [10, 15, 16, 16], "texture": "#0"},
				"east": {"uv": [10, 15, 11, 16], "texture": "#0"},
				"south": {"uv": [16, 15, 10, 16], "texture": "#0"},
				"west": {"uv": [15, 15, 16, 16], "texture": "#0"},
				"up": {"uv": [10, 15, 16, 16], "texture": "#0"},
				"down": {"uv": [10, 15, 16, 16], "texture": "#0"}
			}
		},
		{
			"from": [0, 17, 7],
			"to": [2, 21, 9],
			"rotation": {"angle": 0, "axis": "y", "origin": [0, 3, 0]},
			"faces": {
				"north": {"uv": [2, 0, 3, 2], "texture": "#0"},
				"east": {"uv": [2, 0, 3, 2], "texture": "#0"},
				"south": {"uv": [2, 0, 3, 2], "texture": "#0"},
				"west": {"uv": [2, 0, 3, 2], "texture": "#0"},
				"up": {"uv": [2, 0, 3, 2], "texture": "#0"},
				"down": {"uv": [2, 0, 3, 2], "texture": "#0"}
			}
		},
		{
			"from": [14, 17, 7],
			"to": [16, 21, 9],
			"rotation": {"angle": 0, "axis": "y", "origin": [0, 3, 0]},
			"faces": {
				"north": {"uv": [3, 0, 2, 2], "texture": "#0"},
				"east": {"uv": [3, 0, 2, 2], "texture": "#0"},
				"south": {"uv": [3, 0, 2, 2], "texture": "#0"},
				"west": {"uv": [3, 0, 2, 2], "texture": "#0"},
				"up": {"uv": [3, 0, 2, 2], "texture": "#0"},
				"down": {"uv": [3, 0, 2, 2], "texture": "#0"}
			}
		},
		{
			"from": [6, 17, 7],
			"to": [10, 23, 9],
			"rotation": {"angle": 0, "axis": "y", "origin": [0, 3, 0]},
			"faces": {
				"north": {"uv": [0, 0, 2, 3], "texture": "#0"},
				"east": {"uv": [0, 0, 1, 3], "texture": "#0"},
				"south": {"uv": [2, 0, 0, 3], "texture": "#0"},
				"west": {"uv": [1, 0, 2, 3], "texture": "#0"},
				"up": {"uv": [2, 0, 0, 1], "texture": "#0"},
				"down": {"uv": [0, 0, 2, 1], "texture": "#0"}
			}
		},
		{
			"from": [-4.98327, 5, 6.00211],
			"to": [-2.98327, 21, 8.00211],
			"rotation": {"angle": 22.5, "axis": "y", "origin": [1.01673, 3, -0.99789]},
			"faces": {
				"north": {"uv": [0, 8, 1, 16], "texture": "#0"},
				"east": {"uv": [0, 8, 1, 16], "texture": "#0"},
				"south": {"uv": [0, 8, 1, 16], "texture": "#0"},
				"west": {"uv": [0, 8, 1, 16], "texture": "#0"},
				"up": {"uv": [0, 8, 1, 9], "texture": "#0"},
				"down": {"uv": [0, 15, 1, 16], "texture": "#0"}
			}
		},
		{
			"from": [17.67465, 5, -1.41904],
			"to": [19.67465, 21, 0.58096],
			"rotation": {"angle": -22.5, "axis": "y", "origin": [-4.32535, 9, -1.41904]},
			"faces": {
				"north": {"uv": [0, 8, 1, 16], "texture": "#0"},
				"east": {"uv": [0, 8, 1, 16], "texture": "#0"},
				"south": {"uv": [0, 8, 1, 16], "texture": "#0"},
				"west": {"uv": [0, 8, 1, 16], "texture": "#0"},
				"up": {"uv": [0, 8, 1, 9], "texture": "#0"},
				"down": {"uv": [0, 15, 1, 16], "texture": "#0"}
			}
		}
	],
	"display": {
		"thirdperson_righthand": {
			"translation": [0, 0.25, 0],
			"scale": [0.3, 0.3, 0.3]
		},
		"thirdperson_lefthand": {
			"translation": [0, 0.25, 0],
			"scale": [0.3, 0.3, 0.3]
		},
		"firstperson_righthand": {
			"rotation": [1, 134, 0],
			"translation": [-3.5, 5.5, 2.75],
			"scale": [0.3, 0.3, 0.3]
		},
		"firstperson_lefthand": {
			"rotation": [1, 134, 0],
			"translation": [-2.75, 5.5, 2.75],
			"scale": [0.3, 0.3, 0.3]
		},
		"ground": {
			"translation": [-0.5, 0, -2],
			"scale": [0.5, 0.5, 0.5]
		},
		"gui": {
			"rotation": [-154.82, 47.29, 179.22],
			"translation": [-3, -2, 0],
			"scale": [0.54922, 0.54922, 0.54922]
		},
		"head": {
			"translation": [0, -2, -7.75]
		},
		"fixed": {
			"translation": [0, -2.75, -1.5]
		}
	},
	"groups": [
		{
			"name": "group",
			"origin": [15.5, 3.75, 11.25],
			"color": 0,
			"children": [0, 1, 2, 3, 4, 5, 6, 7, 8, 9]
		}
	]
}