{
	"credit": "Made with Blockbench",
	"textures": {
		"0": "./flowercrown",
		"particle": "./flowercrown"
	},
	"elements": [
		{
			"from": [26, 2.5, 11],
			"to": [26, 8.5, 17],
			"rotation": {"angle": 0, "axis": "y", "origin": [15, 0, 6]},
			"faces": {
				"north": {"uv": [0, 0, 0, 6], "texture": "#0"},
				"east": {"uv": [0, 0, 6, 6], "texture": "#0"},
				"south": {"uv": [0, 0, 0, 6], "texture": "#0"},
				"west": {"uv": [6, 0, 0, 6], "texture": "#0"},
				"up": {"uv": [0, 6, 0, 0], "texture": "#0"},
				"down": {"uv": [0, 0, 0, 6], "texture": "#0"}
			}
		},
		{
			"from": [26, 6.5, 4],
			"to": [26, 12.5, 10],
			"rotation": {"angle": 45, "axis": "x", "origin": [15, 8, 2]},
			"faces": {
				"north": {"uv": [0, 0, 0, 6], "texture": "#0"},
				"east": {"uv": [0, 0, 6, 6], "texture": "#0"},
				"south": {"uv": [0, 0, 0, 6], "texture": "#0"},
				"west": {"uv": [6, 0, 0, 6], "texture": "#0"},
				"up": {"uv": [16, 16, 16, 16], "texture": "#0"},
				"down": {"uv": [16, 16, 16, 16], "texture": "#0"}
			}
		},
		{
			"from": [26.1, 2.5, 2],
			"to": [26.1, 6.5, 6],
			"rotation": {"angle": 22.5, "axis": "x", "origin": [15, -1, 0]},
			"faces": {
				"north": {"uv": [6, 0, 10, 4], "texture": "#0"},
				"east": {"uv": [6, 0, 10, 4], "texture": "#0"},
				"south": {"uv": [6, 0, 10, 4], "texture": "#0"},
				"west": {"uv": [10, 0, 6, 4], "texture": "#0"},
				"up": {"uv": [6, 0, 10, 4], "texture": "#0"},
				"down": {"uv": [6, 0, 10, 4], "texture": "#0"}
			}
		},
		{
			"from": [25.9, 0.23481, 11.58],
			"to": [25.9, 4.23481, 15.58],
			"rotation": {"angle": -22.5, "axis": "x", "origin": [15.4, 2.73481, 9.38984]},
			"faces": {
				"north": {"uv": [6, 0, 10, 4], "rotation": 180, "texture": "#0"},
				"east": {"uv": [6, 4, 10, 0], "texture": "#0"},
				"south": {"uv": [6, 0, 10, 4], "texture": "#0"},
				"west": {"uv": [6, 4, 10, 0], "rotation": 90, "texture": "#0"},
				"up": {"uv": [6, 0, 10, 4], "rotation": 180, "texture": "#0"},
				"down": {"uv": [6, 0, 10, 4], "texture": "#0"}
			}
		},
		{
			"from": [25.9, 0.5, 1],
			"to": [25.9, 4.5, 5],
			"rotation": {"angle": -22.5, "axis": "x", "origin": [15, 0, 1]},
			"faces": {
				"north": {"uv": [6, 0, 10, 4], "rotation": 180, "texture": "#0"},
				"east": {"uv": [10, 0, 6, 4], "rotation": 270, "texture": "#0"},
				"south": {"uv": [6, 0, 10, 4], "texture": "#0"},
				"west": {"uv": [6, 0, 10, 4], "rotation": 90, "texture": "#0"},
				"up": {"uv": [6, 0, 10, 4], "rotation": 180, "texture": "#0"},
				"down": {"uv": [6, 0, 10, 4], "texture": "#0"}
			}
		},
		{
			"from": [26.1, 6.5, 11],
			"to": [26.1, 10.5, 15],
			"rotation": {"angle": 22.5, "axis": "x", "origin": [15, 0, 1]},
			"faces": {
				"north": {"uv": [6, 0, 10, 4], "rotation": 180, "texture": "#0"},
				"east": {"uv": [6, 0, 10, 4], "rotation": 270, "texture": "#0"},
				"south": {"uv": [6, 0, 10, 4], "texture": "#0"},
				"west": {"uv": [10, 0, 6, 4], "rotation": 90, "texture": "#0"},
				"up": {"uv": [6, 0, 10, 4], "rotation": 180, "texture": "#0"},
				"down": {"uv": [6, 0, 10, 4], "texture": "#0"}
			}
		},
		{
			"from": [25.9, -4.5, 16],
			"to": [25.9, -0.5, 20],
			"rotation": {"angle": -22.5, "axis": "x", "origin": [15, 0, 1]},
			"faces": {
				"north": {"uv": [6, 0, 10, 4], "rotation": 180, "texture": "#0"},
				"east": {"uv": [6, 0, 10, 4], "rotation": 180, "texture": "#0"},
				"south": {"uv": [6, 0, 10, 4], "texture": "#0"},
				"west": {"uv": [6, 0, 10, 4], "rotation": 270, "texture": "#0"},
				"up": {"uv": [6, 0, 10, 4], "texture": "#0"},
				"down": {"uv": [6, 0, 10, 4], "rotation": 180, "texture": "#0"}
			}
		},
		{
			"from": [25.8, -0.9, 12.5],
			"to": [25.8, 3.1, 16.5],
			"rotation": {"angle": -22.5, "axis": "x", "origin": [15, -9, 6]},
			"faces": {
				"north": {"uv": [6, 0, 10, 4], "rotation": 180, "texture": "#0"},
				"east": {"uv": [10, 0, 6, 4], "rotation": 180, "texture": "#0"},
				"south": {"uv": [6, 0, 10, 4], "rotation": 180, "texture": "#0"},
				"west": {"uv": [6, 0, 10, 4], "rotation": 180, "texture": "#0"},
				"up": {"uv": [6, 0, 10, 4], "texture": "#0"},
				"down": {"uv": [6, 0, 10, 4], "texture": "#0"}
			}
		},
		{
			"from": [26.2, 8.3, 12.5],
			"to": [26.2, 14.3, 18.5],
			"rotation": {"angle": 22.5, "axis": "x", "origin": [15, 0, 0]},
			"faces": {
				"north": {"uv": [0, 0, 0, 6], "texture": "#0"},
				"east": {"uv": [10, 0, 16, 6], "texture": "#0"},
				"south": {"uv": [0, 0, 0, 6], "texture": "#0"},
				"west": {"uv": [10, 0, 16, 6], "texture": "#0"},
				"up": {"uv": [0, 0, 0, 6], "texture": "#0"},
				"down": {"uv": [0, 0, 0, 6], "texture": "#0"}
			}
		},
		{
			"from": [26.2, -0.5, 12.5],
			"to": [26.2, 5.5, 18.5],
			"rotation": {"angle": -45, "axis": "x", "origin": [15, -4, 12]},
			"faces": {
				"north": {"uv": [0, 0, 0, 6], "texture": "#0"},
				"east": {"uv": [10, 0, 16, 6], "texture": "#0"},
				"south": {"uv": [0, 0, 0, 6], "texture": "#0"},
				"west": {"uv": [10, 0, 16, 6], "texture": "#0"},
				"up": {"uv": [0, 0, 0, 6], "texture": "#0"},
				"down": {"uv": [0, 0, 0, 6], "texture": "#0"}
			}
		},
		{
			"from": [26.2, 0, 0],
			"to": [26.2, 6, 6],
			"rotation": {"angle": 0, "axis": "y", "origin": [15, 0, 0]},
			"faces": {
				"north": {"uv": [0, 0, 0, 6], "texture": "#0"},
				"east": {"uv": [10, 0, 16, 6], "texture": "#0"},
				"south": {"uv": [0, 0, 0, 6], "texture": "#0"},
				"west": {"uv": [0, 0, 6, 6], "texture": "#0"},
				"up": {"uv": [0, 0, 0, 6], "texture": "#0"},
				"down": {"uv": [0, 0, 0, 6], "texture": "#0"}
			}
		},
		{
			"from": [4.4, 2.5, 11],
			"to": [4.4, 8.5, 17],
			"rotation": {"angle": 0, "axis": "y", "origin": [-7, 0, 6]},
			"faces": {
				"north": {"uv": [0, 0, 0, 6], "texture": "#0"},
				"east": {"uv": [0, 0, 6, 6], "texture": "#0"},
				"south": {"uv": [0, 0, 0, 6], "texture": "#0"},
				"west": {"uv": [6, 0, 0, 6], "texture": "#0"},
				"up": {"uv": [0, 6, 0, 0], "texture": "#0"},
				"down": {"uv": [0, 0, 0, 6], "texture": "#0"}
			}
		},
		{
			"from": [4.4, 6.5, 4],
			"to": [4.4, 12.5, 10],
			"rotation": {"angle": 45, "axis": "x", "origin": [-7, 8, 2]},
			"faces": {
				"north": {"uv": [0, 0, 0, 6], "texture": "#0"},
				"east": {"uv": [0, 0, 6, 6], "texture": "#0"},
				"south": {"uv": [0, 0, 0, 6], "texture": "#0"},
				"west": {"uv": [6, 0, 0, 6], "texture": "#0"},
				"up": {"uv": [16, 16, 16, 16], "texture": "#0"},
				"down": {"uv": [16, 16, 16, 16], "texture": "#0"}
			}
		},
		{
			"from": [4.3, 2.5, 2],
			"to": [4.3, 6.5, 6],
			"rotation": {"angle": 22.5, "axis": "x", "origin": [-7, -1, 0]},
			"faces": {
				"north": {"uv": [6, 0, 10, 4], "texture": "#0"},
				"east": {"uv": [6, 0, 10, 4], "texture": "#0"},
				"south": {"uv": [6, 0, 10, 4], "texture": "#0"},
				"west": {"uv": [10, 0, 6, 4], "texture": "#0"},
				"up": {"uv": [6, 0, 10, 4], "texture": "#0"},
				"down": {"uv": [6, 0, 10, 4], "texture": "#0"}
			}
		},
		{
			"from": [4.5, 0.23481, 11.58],
			"to": [4.5, 4.23481, 15.58],
			"rotation": {"angle": -22.5, "axis": "x", "origin": [-6.6, 2.73481, 9.38984]},
			"faces": {
				"north": {"uv": [6, 0, 10, 4], "rotation": 180, "texture": "#0"},
				"east": {"uv": [6, 4, 10, 0], "texture": "#0"},
				"south": {"uv": [6, 0, 10, 4], "texture": "#0"},
				"west": {"uv": [6, 4, 10, 0], "rotation": 90, "texture": "#0"},
				"up": {"uv": [6, 0, 10, 4], "rotation": 180, "texture": "#0"},
				"down": {"uv": [6, 0, 10, 4], "texture": "#0"}
			}
		},
		{
			"from": [4.3, 0.5, 1],
			"to": [4.3, 4.5, 5],
			"rotation": {"angle": -22.5, "axis": "x", "origin": [-7, 0, 1]},
			"faces": {
				"north": {"uv": [6, 0, 10, 4], "rotation": 180, "texture": "#0"},
				"east": {"uv": [10, 0, 6, 4], "rotation": 270, "texture": "#0"},
				"south": {"uv": [6, 0, 10, 4], "texture": "#0"},
				"west": {"uv": [6, 0, 10, 4], "rotation": 90, "texture": "#0"},
				"up": {"uv": [6, 0, 10, 4], "rotation": 180, "texture": "#0"},
				"down": {"uv": [6, 0, 10, 4], "texture": "#0"}
			}
		},
		{
			"from": [4.3, 6.5, 11],
			"to": [4.3, 10.5, 15],
			"rotation": {"angle": 22.5, "axis": "x", "origin": [-7, 0, 1]},
			"faces": {
				"north": {"uv": [6, 0, 10, 4], "rotation": 180, "texture": "#0"},
				"east": {"uv": [6, 0, 10, 4], "rotation": 270, "texture": "#0"},
				"south": {"uv": [6, 0, 10, 4], "texture": "#0"},
				"west": {"uv": [10, 0, 6, 4], "rotation": 90, "texture": "#0"},
				"up": {"uv": [6, 0, 10, 4], "rotation": 180, "texture": "#0"},
				"down": {"uv": [6, 0, 10, 4], "texture": "#0"}
			}
		},
		{
			"from": [4.5, -4.5, 16],
			"to": [4.5, -0.5, 20],
			"rotation": {"angle": -22.5, "axis": "x", "origin": [-7, 0, 1]},
			"faces": {
				"north": {"uv": [6, 0, 10, 4], "rotation": 180, "texture": "#0"},
				"east": {"uv": [6, 0, 10, 4], "rotation": 180, "texture": "#0"},
				"south": {"uv": [6, 0, 10, 4], "texture": "#0"},
				"west": {"uv": [6, 0, 10, 4], "rotation": 270, "texture": "#0"},
				"up": {"uv": [6, 0, 10, 4], "texture": "#0"},
				"down": {"uv": [6, 0, 10, 4], "rotation": 180, "texture": "#0"}
			}
		},
		{
			"from": [4.6, -0.9, 12.5],
			"to": [4.6, 3.1, 16.5],
			"rotation": {"angle": -22.5, "axis": "x", "origin": [-7, -9, 6]},
			"faces": {
				"north": {"uv": [6, 0, 10, 4], "rotation": 180, "texture": "#0"},
				"east": {"uv": [10, 0, 6, 4], "rotation": 180, "texture": "#0"},
				"south": {"uv": [6, 0, 10, 4], "rotation": 180, "texture": "#0"},
				"west": {"uv": [6, 0, 10, 4], "rotation": 180, "texture": "#0"},
				"up": {"uv": [6, 0, 10, 4], "texture": "#0"},
				"down": {"uv": [6, 0, 10, 4], "texture": "#0"}
			}
		},
		{
			"from": [4.2, 8.3, 12.5],
			"to": [4.2, 14.3, 18.5],
			"rotation": {"angle": 22.5, "axis": "x", "origin": [-7, 0, 0]},
			"faces": {
				"north": {"uv": [0, 0, 0, 6], "texture": "#0"},
				"east": {"uv": [10, 0, 16, 6], "texture": "#0"},
				"south": {"uv": [0, 0, 0, 6], "texture": "#0"},
				"west": {"uv": [10, 0, 16, 6], "texture": "#0"},
				"up": {"uv": [0, 0, 0, 6], "texture": "#0"},
				"down": {"uv": [0, 0, 0, 6], "texture": "#0"}
			}
		},
		{
			"from": [4.2, -0.5, 12.5],
			"to": [4.2, 5.5, 18.5],
			"rotation": {"angle": -45, "axis": "x", "origin": [-7, -4, 12]},
			"faces": {
				"north": {"uv": [0, 0, 0, 6], "texture": "#0"},
				"east": {"uv": [10, 0, 16, 6], "texture": "#0"},
				"south": {"uv": [0, 0, 0, 6], "texture": "#0"},
				"west": {"uv": [10, 0, 16, 6], "rotation": 90, "texture": "#0"},
				"up": {"uv": [0, 0, 0, 6], "texture": "#0"},
				"down": {"uv": [0, 0, 0, 6], "texture": "#0"}
			}
		},
		{
			"from": [4.2, 0, 0],
			"to": [4.2, 6, 6],
			"rotation": {"angle": 0, "axis": "y", "origin": [-7, 0, 0]},
			"faces": {
				"north": {"uv": [0, 0, 0, 6], "texture": "#0"},
				"east": {"uv": [10, 0, 16, 6], "texture": "#0"},
				"south": {"uv": [0, 0, 0, 6], "texture": "#0"},
				"west": {"uv": [10, 0, 16, 6], "texture": "#0"},
				"up": {"uv": [0, 0, 0, 6], "texture": "#0"},
				"down": {"uv": [0, 0, 0, 6], "texture": "#0"}
			}
		},
		{
			"from": [16.5, 11.3, 20.8],
			"to": [22.5, 17.3, 20.8],
			"rotation": {"angle": -22.5, "axis": "z", "origin": [-2, 0, 0]},
			"faces": {
				"north": {"uv": [10, 0, 16, 6], "texture": "#0"},
				"east": {"uv": [0, 0, 0, 6], "texture": "#0"},
				"south": {"uv": [10, 0, 16, 6], "texture": "#0"},
				"west": {"uv": [0, 0, 0, 6], "texture": "#0"},
				"up": {"uv": [0, 0, 0, 6], "rotation": 270, "texture": "#0"},
				"down": {"uv": [0, 0, 0, 6], "rotation": 90, "texture": "#0"}
			}
		},
		{
			"from": [15, 2.5, 20.6],
			"to": [21, 8.5, 20.6],
			"rotation": {"angle": 0, "axis": "y", "origin": [-2, 0, 6]},
			"faces": {
				"north": {"uv": [0, 0, 6, 6], "texture": "#0"},
				"east": {"uv": [0, 0, 0, 6], "texture": "#0"},
				"south": {"uv": [6, 0, 0, 6], "texture": "#0"},
				"west": {"uv": [0, 0, 0, 6], "texture": "#0"},
				"up": {"uv": [0, 6, 0, 0], "rotation": 270, "texture": "#0"},
				"down": {"uv": [0, 0, 0, 6], "rotation": 90, "texture": "#0"}
			}
		},
		{
			"from": [17.5, -9.5, 20.6],
			"to": [23.5, -3.5, 20.6],
			"rotation": {"angle": 45, "axis": "z", "origin": [1, -12, 6]},
			"faces": {
				"north": {"uv": [0, 0, 6, 6], "texture": "#0"},
				"east": {"uv": [0, 0, 0, 6], "texture": "#0"},
				"south": {"uv": [0, 6, 6, 0], "rotation": 270, "texture": "#0"},
				"west": {"uv": [0, 0, 0, 6], "texture": "#0"},
				"up": {"uv": [0, 6, 0, 0], "rotation": 270, "texture": "#0"},
				"down": {"uv": [0, 0, 0, 6], "rotation": 90, "texture": "#0"}
			}
		},
		{
			"from": [4.5, 0.5, 20.8],
			"to": [10.5, 6.5, 20.8],
			"rotation": {"angle": 0, "axis": "z", "origin": [1, -12, 6]},
			"faces": {
				"north": {"uv": [0, 0, 6, 6], "rotation": 90, "texture": "#0"},
				"east": {"uv": [0, 0, 0, 6], "texture": "#0"},
				"south": {"uv": [16, 6, 10, 0], "rotation": 180, "texture": "#0"},
				"west": {"uv": [0, 6, 0, 0], "rotation": 180, "texture": "#0"},
				"up": {"uv": [0, 0, 0, 6], "rotation": 270, "texture": "#0"},
				"down": {"uv": [0, 0, 0, 6], "rotation": 270, "texture": "#0"}
			}
		},
		{
			"from": [14.4, 10, 20.7],
			"to": [18.4, 14, 20.7],
			"rotation": {"angle": -22.5, "axis": "z", "origin": [-2, 0, 1]},
			"faces": {
				"north": {"uv": [6, 0, 10, 4], "rotation": 270, "texture": "#0"},
				"east": {"uv": [6, 0, 10, 4], "texture": "#0"},
				"south": {"uv": [10, 0, 6, 4], "rotation": 90, "texture": "#0"},
				"west": {"uv": [6, 0, 10, 4], "rotation": 180, "texture": "#0"},
				"up": {"uv": [6, 0, 10, 4], "rotation": 90, "texture": "#0"},
				"down": {"uv": [6, 0, 10, 4], "rotation": 90, "texture": "#0"}
			}
		},
		{
			"from": [20.5, -7, 20.5],
			"to": [24.5, -3, 20.5],
			"rotation": {"angle": 22.5, "axis": "z", "origin": [-2, 0, 1]},
			"faces": {
				"north": {"uv": [6, 0, 10, 4], "rotation": 180, "texture": "#0"},
				"east": {"uv": [6, 0, 10, 4], "texture": "#0"},
				"south": {"uv": [6, 0, 10, 4], "rotation": 270, "texture": "#0"},
				"west": {"uv": [6, 0, 10, 4], "rotation": 180, "texture": "#0"},
				"up": {"uv": [6, 0, 10, 4], "rotation": 270, "texture": "#0"},
				"down": {"uv": [6, 0, 10, 4], "rotation": 270, "texture": "#0"}
			}
		},
		{
			"from": [14.5, -5.5, 20.5],
			"to": [18.5, -1.5, 20.5],
			"rotation": {"angle": 22.5, "axis": "z", "origin": [-1.6, 2.73481, 9.38984]},
			"faces": {
				"north": {"uv": [6, 4, 10, 0], "texture": "#0"},
				"east": {"uv": [6, 0, 10, 4], "texture": "#0"},
				"south": {"uv": [6, 4, 10, 0], "rotation": 90, "texture": "#0"},
				"west": {"uv": [6, 0, 10, 4], "rotation": 180, "texture": "#0"},
				"up": {"uv": [6, 0, 10, 4], "rotation": 90, "texture": "#0"},
				"down": {"uv": [6, 0, 10, 4], "rotation": 90, "texture": "#0"}
			}
		},
		{
			"from": [13, -8, 20.8],
			"to": [19, -2, 20.8],
			"rotation": {"angle": 45, "axis": "z", "origin": [5, -3, 12]},
			"faces": {
				"north": {"uv": [10, 0, 16, 6], "rotation": 270, "texture": "#0"},
				"east": {"uv": [0, 0, 0, 6], "texture": "#0"},
				"south": {"uv": [10, 0, 16, 6], "rotation": 90, "texture": "#0"},
				"west": {"uv": [0, 0, 0, 6], "rotation": 180, "texture": "#0"},
				"up": {"uv": [0, 0, 0, 6], "rotation": 90, "texture": "#0"},
				"down": {"uv": [0, 0, 0, 6], "rotation": 90, "texture": "#0"}
			}
		},
		{
			"from": [5.5, 6.5, 20.7],
			"to": [9.5, 10.5, 20.7],
			"rotation": {"angle": -22.5, "axis": "z", "origin": [-6, -1, 0]},
			"faces": {
				"north": {"uv": [6, 0, 10, 4], "texture": "#0"},
				"east": {"uv": [6, 0, 10, 4], "texture": "#0"},
				"south": {"uv": [10, 0, 6, 4], "texture": "#0"},
				"west": {"uv": [6, 0, 10, 4], "texture": "#0"},
				"up": {"uv": [6, 0, 10, 4], "rotation": 270, "texture": "#0"},
				"down": {"uv": [6, 0, 10, 4], "rotation": 90, "texture": "#0"}
			}
		},
		{
			"from": [17, -0.9, 20.4],
			"to": [21, 3.1, 20.4],
			"rotation": {"angle": 22.5, "axis": "z", "origin": [10, -9, 32]},
			"faces": {
				"north": {"uv": [10, 0, 6, 4], "rotation": 180, "texture": "#0"},
				"east": {"uv": [6, 0, 10, 4], "rotation": 180, "texture": "#0"},
				"south": {"uv": [6, 0, 10, 4], "rotation": 180, "texture": "#0"},
				"west": {"uv": [6, 0, 10, 4], "rotation": 180, "texture": "#0"},
				"up": {"uv": [6, 0, 10, 4], "rotation": 270, "texture": "#0"},
				"down": {"uv": [6, 0, 10, 4], "rotation": 90, "texture": "#0"}
			}
		},
		{
			"from": [4, -3.5, 20.7],
			"to": [8, 0.5, 20.7],
			"rotation": {"angle": 22.5, "axis": "z", "origin": [-7, 0, 1]},
			"faces": {
				"north": {"uv": [10, 0, 6, 4], "rotation": 270, "texture": "#0"},
				"east": {"uv": [6, 0, 10, 4], "texture": "#0"},
				"south": {"uv": [6, 0, 10, 4], "rotation": 90, "texture": "#0"},
				"west": {"uv": [6, 0, 10, 4], "rotation": 180, "texture": "#0"},
				"up": {"uv": [6, 0, 10, 4], "rotation": 90, "texture": "#0"},
				"down": {"uv": [6, 0, 10, 4], "rotation": 90, "texture": "#0"}
			}
		}
	],
	"display": {
		"thirdperson_righthand": {
			"translation": [-1.75, 2.5, 0],
			"scale": [0.3, 0.3, 0.3]
		},
		"thirdperson_lefthand": {
			"translation": [2.5, 2.5, 0],
			"scale": [0.3, 0.3, 0.3]
		},
		"firstperson_righthand": {
			"translation": [0, -13, 0]
		},
		"firstperson_lefthand": {
			"translation": [0, -13, 0]
		},
		"ground": {
			"translation": [-2.5, 2.5, -0.25],
			"scale": [0.3, 0.3, 0.3]
		},
		"gui": {
			"rotation": [-154.82, 47.29, 179.22],
			"translation": [1.5, 0.5, 0],
			"scale": [0.45, 0.45, 0.45]
		},
		"head": {
			"translation": [-5, 6, -2.25],
			"scale": [0.7, 0.7, 0.7]
		},
		"fixed": {
			"translation": [-3, 3.5, -5.75],
			"scale": [0.5, 0.5, 0.5]
		}
	},
	"groups": [
		{
			"name": "group",
			"origin": [0, 0, 0],
			"color": 0,
			"children": [
				0,
				1,
				2,
				3,
				4,
				5,
				6,
				7,
				8,
				9,
				10,
				{
					"name": "group",
					"origin": [0, 0, 0],
					"color": 0,
					"children": []
				}
			]
		},
		{
			"name": "group",
			"origin": [0, 0, 0],
			"color": 0,
			"children": [11, 12, 13, 14, 15, 16, 17, 18, 19, 20, 21]
		},
		{
			"name": "group",
			"origin": [-7, 0, 0],
			"color": 0,
			"children": [22, 23, 24, 25, 26, 27, 28, 29, 30, 31, 32]
		}
	]
}