{
	"credit": "Made with Blockbench",
	"texture_size": [32, 32],
	"textures": {
		"2": "./texture"
	},
	"elements": [
		{
			"from": [7.39825, 6.7965, 4.99125],
			"to": [8.60175, 9.2035, 11.00875],
			"rotation": {"angle": 0, "axis": "y", "origin": [7.39825, 6.7965, 4.99125]},
			"faces": {
				"north": {"uv": [5.5, 2, 6.125, 3.1875], "texture": "#2"},
				"east": {"uv": [0, 0, 3, 1.1875], "texture": "#2"},
				"south": {"uv": [5.5, 3.5, 6.125, 4.6875], "texture": "#2"},
				"west": {"uv": [0, 0, 3, 1.1875], "texture": "#2"},
				"up": {"uv": [0.625, 6.5, 0, 3.5], "texture": "#2"},
				"down": {"uv": [1.625, 3.5, 1, 6.5], "texture": "#2"}
			}
		},
		{
			"from": [7.39825, 9.2035, 4.99125],
			"to": [8.60175, 9.2035, 11.00875],
			"rotation": {"angle": 0, "axis": "y", "origin": [7.39825, 6.7965, 4.99125]},
			"faces": {
				"north": {"uv": [0, 0, 0.625, 0], "texture": "#2"},
				"east": {"uv": [0, 0, 3, 0], "texture": "#2"},
				"south": {"uv": [0, 0, 0.625, 0], "texture": "#2"},
				"west": {"uv": [0, 0, 3, 0], "texture": "#2"},
				"up": {"uv": [2.625, 6.5, 2, 3.5], "texture": "#2"},
				"down": {"uv": [4.625, 0, 4, 3], "texture": "#2"}
			}
		},
		{
			"from": [7.5186, 4.6302, 10.52735],
			"to": [8.4814, 7.0372, 11.49015],
			"rotation": {"angle": -22.5, "axis": "x", "origin": [8, 4.99125, 10.407]},
			"faces": {
				"north": {"uv": [4.5, 8.5, 5, 9.6875], "texture": "#2"},
				"east": {"uv": [5, 8.5, 5.5, 9.6875], "texture": "#2"},
				"south": {"uv": [5.5, 8.5, 6, 9.6875], "texture": "#2"},
				"west": {"uv": [9, 0, 9.5, 1.1875], "texture": "#2"},
				"up": {"uv": [6.5, 8, 6, 7.5], "texture": "#2"},
				"down": {"uv": [10, 1, 9.5, 1.5], "texture": "#2"}
			}
		},
		{
			"from": [7.39825, 4.47044, 10.40255],
			"to": [8.60175, 5.07219, 11.60605],
			"rotation": {"angle": 0, "axis": "y", "origin": [8, 4.59079, 11.18482]},
			"faces": {
				"north": {"uv": [7, 10.5, 7.625, 10.8125], "texture": "#2"},
				"east": {"uv": [7, 10.5, 7.625, 10.8125], "texture": "#2"},
				"south": {"uv": [7, 10.5, 7.625, 10.8125], "texture": "#2"},
				"west": {"uv": [7, 10.5, 7.625, 10.8125], "texture": "#2"},
				"up": {"uv": [2.125, 10.125, 1.5, 9.5], "texture": "#2"},
				"down": {"uv": [10.125, 2, 9.5, 2.625], "texture": "#2"}
			}
		},
		{
			"from": [7.38321, 6.36922, 10.30134],
			"to": [8.61679, 7.57272, 16.31884],
			"rotation": {"angle": 22.5, "axis": "x", "origin": [8, 6.60992, 14.75429]},
			"faces": {
				"north": {"uv": [9.5, 0, 10.125, 0.625], "texture": "#2"},
				"east": {"uv": [0, 1.5, 3, 2.125], "texture": "#2"},
				"south": {"uv": [0.5, 9.5, 1.125, 10.125], "texture": "#2"},
				"west": {"uv": [0, 2.5, 3, 3.125], "texture": "#2"},
				"up": {"uv": [3.625, 3, 3, 0], "texture": "#2"},
				"down": {"uv": [3.625, 3, 3, 6], "texture": "#2"}
			}
		},
		{
			"from": [7.38321, 5.16572, 13.91184],
			"to": [8.61679, 6.36922, 16.31884],
			"rotation": {"angle": 22.5, "axis": "x", "origin": [8, 6.60992, 14.75429]},
			"faces": {
				"north": {"uv": [2.5, 9.5, 3.125, 10.125], "texture": "#2"},
				"east": {"uv": [5.5, 5, 6.6875, 5.625], "texture": "#2"},
				"south": {"uv": [9.5, 3, 10.125, 3.625], "texture": "#2"},
				"west": {"uv": [3, 6, 4.1875, 6.625], "texture": "#2"},
				"up": {"uv": [5.125, 7.1875, 4.5, 6], "texture": "#2"},
				"down": {"uv": [6.125, 6, 5.5, 7.1875], "texture": "#2"}
			}
		},
		{
			"from": [7.50356, 5.28607, 16.31884],
			"to": [8.49644, 7.45237, 16.67989],
			"rotation": {"angle": 22.5, "axis": "x", "origin": [8, 6.60992, 14.75429]},
			"faces": {
				"north": {"uv": [9, 9, 9.5, 10.0625], "texture": "#2"},
				"east": {"uv": [6.5, 10.5, 6.6875, 11.5625], "texture": "#2"},
				"south": {"uv": [0, 9.5, 0.5, 10.5625], "texture": "#2"},
				"west": {"uv": [10.5, 6.5, 10.6875, 7.5625], "texture": "#2"},
				"up": {"uv": [10.5, 11.1875, 10, 11], "texture": "#2"},
				"down": {"uv": [11.5, 10, 11, 10.1875], "texture": "#2"}
			}
		},
		{
			"from": [7.69913, 7.0372, 11.00875],
			"to": [8.30088, 8.2407, 13.17505],
			"rotation": {"angle": 0, "axis": "y", "origin": [7.69913, 7.39825, 12.39278]},
			"faces": {
				"north": {"uv": [8, 10.5, 8.3125, 11.125], "texture": "#2"},
				"east": {"uv": [0, 8.5, 1.0625, 9.125], "texture": "#2"},
				"south": {"uv": [10.5, 8, 10.8125, 8.625], "texture": "#2"},
				"west": {"uv": [1.5, 8.5, 2.5625, 9.125], "texture": "#2"},
				"up": {"uv": [4.8125, 11.0625, 4.5, 10], "texture": "#2"},
				"down": {"uv": [5.3125, 10, 5, 11.0625], "texture": "#2"}
			}
		},
		{
			"from": [6.7965, 7.96991, 3.186],
			"to": [9.2035, 9.17341, 5.593],
			"rotation": {"angle": 45, "axis": "y", "origin": [8, 8, 4.3895]},
			"faces": {
				"north": {"uv": [0, 6.5, 1.1875, 7.125], "texture": "#2"},
				"east": {"uv": [1.5, 6.5, 2.6875, 7.125], "texture": "#2"},
				"south": {"uv": [6.5, 2, 7.6875, 2.625], "texture": "#2"},
				"west": {"uv": [6.5, 3, 7.6875, 3.625], "texture": "#2"},
				"up": {"uv": [5.1875, 4.1875, 4, 3], "texture": "#2"},
				"down": {"uv": [5.1875, 4.5, 4, 5.6875], "texture": "#2"}
			}
		},
		{
			"from": [7.69913, 5.66653, 8.6104],
			"to": [8.30088, 5.90723, 10.41565],
			"rotation": {"angle": 0, "axis": "y", "origin": [8.06018, 5.06478, 9.45285]},
			"faces": {
				"north": {"uv": [1.5, 11.5, 1.8125, 11.625], "texture": "#2"},
				"east": {"uv": [3, 11, 3.875, 11.125], "texture": "#2"},
				"south": {"uv": [11.5, 1.5, 11.8125, 1.625], "texture": "#2"},
				"west": {"uv": [11, 3, 11.875, 3.125], "texture": "#2"},
				"up": {"uv": [5.3125, 2.875, 5, 2], "texture": "#2"},
				"down": {"uv": [10.3125, 5, 10, 5.875], "texture": "#2"}
			}
		},
		{
			"from": [7.69913, 5.64388, 8.25583],
			"to": [8.30088, 6.96773, 8.49653],
			"rotation": {"angle": -22.5, "axis": "x", "origin": [8, 6.54651, 8.37618]},
			"faces": {
				"north": {"uv": [10.5, 5.5, 10.8125, 6.1875], "texture": "#2"},
				"east": {"uv": [10.5, 11, 10.625, 11.6875], "texture": "#2"},
				"south": {"uv": [6, 10.5, 6.3125, 11.1875], "texture": "#2"},
				"west": {"uv": [11, 10.5, 11.125, 11.1875], "texture": "#2"},
				"up": {"uv": [2.3125, 11.625, 2, 11.5], "texture": "#2"},
				"down": {"uv": [11.8125, 2, 11.5, 2.125], "texture": "#2"}
			}
		},
		{
			"from": [7.81948, 6.09504, 9.44075],
			"to": [8.18053, 6.93749, 9.68145],
			"rotation": {"angle": 22.5, "axis": "x", "origin": [8, 6.51627, 9.5611]},
			"faces": {
				"north": {"uv": [0, 11.5, 0.1875, 11.9375], "texture": "#2"},
				"east": {"uv": [1, 11.5, 1.125, 11.9375], "texture": "#2"},
				"south": {"uv": [11.5, 0, 11.6875, 0.4375], "texture": "#2"},
				"west": {"uv": [11.5, 1, 11.625, 1.4375], "texture": "#2"},
				"up": {"uv": [11.6875, 3.625, 11.5, 3.5], "texture": "#2"},
				"down": {"uv": [4.1875, 11.5, 4, 11.625], "texture": "#2"}
			}
		},
		{
			"from": [3.891, 8.57166, 2.6875],
			"to": [6.298, 9.77516, 3.891],
			"rotation": {"angle": 45, "axis": "y", "origin": [6.298, 8.57166, 2.6875]},
			"faces": {
				"north": {"uv": [6.5, 4, 7.6875, 4.625], "texture": "#2"},
				"east": {"uv": [3.5, 9.5, 4.125, 10.125], "texture": "#2"},
				"south": {"uv": [6.5, 6, 7.6875, 6.625], "texture": "#2"},
				"west": {"uv": [9.5, 4, 10.125, 4.625], "texture": "#2"},
				"up": {"uv": [4.1875, 7.625, 3, 7], "texture": "#2"},
				"down": {"uv": [8.1875, 5, 7, 5.625], "texture": "#2"}
			}
		},
		{
			"from": [1.36365, 8.57166, 2.6875],
			"to": [3.77065, 9.77516, 3.891],
			"rotation": {"angle": 45, "axis": "y", "origin": [3.77065, 8.57166, 2.6875]},
			"faces": {
				"north": {"uv": [6.5, 7, 7.6875, 7.625], "texture": "#2"},
				"east": {"uv": [6, 9.5, 6.625, 10.125], "texture": "#2"},
				"south": {"uv": [0, 7.5, 1.1875, 8.125], "texture": "#2"},
				"west": {"uv": [9.5, 6, 10.125, 6.625], "texture": "#2"},
				"up": {"uv": [2.6875, 8.125, 1.5, 7.5], "texture": "#2"},
				"down": {"uv": [5.6875, 7.5, 4.5, 8.125], "texture": "#2"}
			}
		},
		{
			"from": [0.62403, 8.67998, 3.14703],
			"to": [1.6109, 9.66685, 4.1339],
			"rotation": {"angle": 45, "axis": "y", "origin": [3.46429, 8.67998, 3.14703]},
			"faces": {
				"north": {"uv": [10, 1, 10.5, 1.5], "texture": "#2"},
				"south": {"uv": [5.5, 10, 6, 10.5], "texture": "#2"},
				"west": {"uv": [9.5, 10, 10, 10.5], "texture": "#2"},
				"up": {"uv": [10.5, 10.5, 10, 10], "texture": "#2"},
				"down": {"uv": [11, 0, 10.5, 0.5], "texture": "#2"}
			}
		},
		{
			"from": [1.16843, 8.7984, 5.14999],
			"to": [1.91845, 9.54842, 5.90001],
			"rotation": {"angle": -22.5, "axis": "y", "origin": [1.30274, 9.17341, 6.0064]},
			"faces": {
				"east": {"uv": [8.5, 10.5, 8.875, 10.875], "texture": "#2"},
				"south": {"uv": [9, 10.5, 9.375, 10.875], "texture": "#2"},
				"west": {"uv": [10.5, 9, 10.875, 9.375], "texture": "#2"},
				"up": {"uv": [9.875, 10.875, 9.5, 10.5], "texture": "#2"},
				"down": {"uv": [10.875, 9.5, 10.5, 9.875], "texture": "#2"}
			}
		},
		{
			"from": [1.24214, 8.86591, 5.8564],
			"to": [1.85716, 9.48092, 6.47141],
			"rotation": {"angle": 0, "axis": "y", "origin": [1.24877, 9.17341, 6.76565]},
			"faces": {
				"east": {"uv": [11, 3.5, 11.3125, 3.8125], "texture": "#2"},
				"south": {"uv": [4, 11, 4.3125, 11.3125], "texture": "#2"},
				"west": {"uv": [11, 4, 11.3125, 4.3125], "texture": "#2"},
				"up": {"uv": [11.3125, 4.8125, 11, 4.5], "texture": "#2"},
				"down": {"uv": [11.3125, 5, 11, 5.3125], "texture": "#2"}
			}
		},
		{
			"from": [4.63162, 8.66794, 2.35021],
			"to": [5.61849, 9.65481, 3.33708],
			"rotation": {"angle": 45, "axis": "y", "origin": [5.26804, 9.16138, 2.27351]},
			"faces": {
				"north": {"uv": [0.5, 10.5, 1, 11], "texture": "#2"},
				"east": {"uv": [10.5, 0.5, 11, 1], "texture": "#2"},
				"west": {"uv": [1, 10.5, 1.5, 11], "texture": "#2"},
				"up": {"uv": [11, 1.5, 10.5, 1], "texture": "#2"},
				"down": {"uv": [2, 10.5, 1.5, 11], "texture": "#2"}
			}
		},
		{
			"from": [4.75925, 8.78637, 1.84947],
			"to": [5.50927, 9.53639, 2.59949],
			"rotation": {"angle": 22.5, "axis": "y", "origin": [5.26804, 9.16138, 2.27351]},
			"faces": {
				"north": {"uv": [10, 10.5, 10.375, 10.875], "texture": "#2"},
				"east": {"uv": [10.5, 10, 10.875, 10.375], "texture": "#2"},
				"west": {"uv": [10.5, 10.5, 10.875, 10.875], "texture": "#2"},
				"up": {"uv": [0.375, 11.375, 0, 11], "texture": "#2"},
				"down": {"uv": [11.375, 0, 11, 0.375], "texture": "#2"}
			}
		},
		{
			"from": [4.65849, 8.85387, 1.46175],
			"to": [5.27351, 9.46888, 2.07677],
			"rotation": {"angle": 0, "axis": "y", "origin": [5.26804, 9.16138, 2.27351]},
			"faces": {
				"north": {"uv": [5.5, 11, 5.8125, 11.3125], "texture": "#2"},
				"east": {"uv": [11, 5.5, 11.3125, 5.8125], "texture": "#2"},
				"west": {"uv": [11, 6, 11.3125, 6.3125], "texture": "#2"},
				"up": {"uv": [11.3125, 6.8125, 11, 6.5], "texture": "#2"},
				"down": {"uv": [7.3125, 11, 7, 11.3125], "texture": "#2"}
			}
		},
		{
			"from": [3.22479, 8.69201, 3.4826],
			"to": [5.63179, 9.65481, 4.4454],
			"rotation": {"angle": 0, "axis": "y", "origin": [4.42829, 9.17341, 3.964]},
			"faces": {
				"north": {"uv": [8.5, 5, 9.6875, 5.5], "texture": "#2"},
				"east": {"uv": [10.5, 1.5, 11, 2], "texture": "#2"},
				"south": {"uv": [8.5, 5.5, 9.6875, 6], "texture": "#2"},
				"west": {"uv": [2, 10.5, 2.5, 11], "texture": "#2"},
				"up": {"uv": [10.1875, 2, 9, 1.5], "texture": "#2"},
				"down": {"uv": [4.1875, 9, 3, 9.5], "texture": "#2"}
			}
		},
		{
			"from": [9.702, 8.57166, 2.6875],
			"to": [12.109, 9.77516, 3.891],
			"rotation": {"angle": -45, "axis": "y", "origin": [9.702, 8.57166, 2.6875]},
			"faces": {
				"north": {"uv": [8, 2, 9.1875, 2.625], "texture": "#2"},
				"east": {"uv": [7, 9.5, 7.625, 10.125], "texture": "#2"},
				"south": {"uv": [3, 8, 4.1875, 8.625], "texture": "#2"},
				"west": {"uv": [9.5, 7, 10.125, 7.625], "texture": "#2"},
				"up": {"uv": [9.1875, 3.625, 8, 3], "texture": "#2"},
				"down": {"uv": [9.1875, 4, 8, 4.625], "texture": "#2"}
			}
		},
		{
			"from": [10.36821, 8.69201, 3.4826],
			"to": [12.77521, 9.65481, 4.4454],
			"rotation": {"angle": 0, "axis": "y", "origin": [11.57171, 9.17341, 3.964]},
			"faces": {
				"north": {"uv": [6, 9, 7.1875, 9.5], "texture": "#2"},
				"east": {"uv": [10.5, 2, 11, 2.5], "texture": "#2"},
				"south": {"uv": [7.5, 9, 8.6875, 9.5], "texture": "#2"},
				"west": {"uv": [2.5, 10.5, 3, 11], "texture": "#2"},
				"up": {"uv": [10.1875, 8.5, 9, 8], "texture": "#2"},
				"down": {"uv": [10.1875, 8.5, 9, 9], "texture": "#2"}
			}
		},
		{
			"from": [10.38151, 8.66794, 2.35021],
			"to": [11.36838, 9.65481, 3.33708],
			"rotation": {"angle": -45, "axis": "y", "origin": [10.73196, 9.16138, 2.27351]},
			"faces": {
				"north": {"uv": [10.5, 2.5, 11, 3], "texture": "#2"},
				"east": {"uv": [3, 10.5, 3.5, 11], "texture": "#2"},
				"west": {"uv": [10.5, 3, 11, 3.5], "texture": "#2"},
				"up": {"uv": [4, 11, 3.5, 10.5], "texture": "#2"},
				"down": {"uv": [11, 3.5, 10.5, 4], "texture": "#2"}
			}
		},
		{
			"from": [10.49073, 8.78637, 1.84947],
			"to": [11.24075, 9.53639, 2.59949],
			"rotation": {"angle": -22.5, "axis": "y", "origin": [10.73196, 9.16138, 2.27351]},
			"faces": {
				"north": {"uv": [0.5, 11, 0.875, 11.375], "texture": "#2"},
				"east": {"uv": [11, 0.5, 11.375, 0.875], "texture": "#2"},
				"west": {"uv": [1, 11, 1.375, 11.375], "texture": "#2"},
				"up": {"uv": [11.375, 1.375, 11, 1], "texture": "#2"},
				"down": {"uv": [1.875, 11, 1.5, 11.375], "texture": "#2"}
			}
		},
		{
			"from": [10.72649, 8.85387, 1.46175],
			"to": [11.34151, 9.46888, 2.07677],
			"rotation": {"angle": 0, "axis": "y", "origin": [10.73196, 9.16138, 2.27351]},
			"faces": {
				"north": {"uv": [11, 7, 11.3125, 7.3125], "texture": "#2"},
				"east": {"uv": [7.5, 11, 7.8125, 11.3125], "texture": "#2"},
				"west": {"uv": [11, 7.5, 11.3125, 7.8125], "texture": "#2"},
				"up": {"uv": [11.3125, 8.3125, 11, 8], "texture": "#2"},
				"down": {"uv": [8.8125, 11, 8.5, 11.3125], "texture": "#2"}
			}
		},
		{
			"from": [12.22935, 8.57166, 2.6875],
			"to": [14.63635, 9.77516, 3.891],
			"rotation": {"angle": -45, "axis": "y", "origin": [12.22935, 8.57166, 2.6875]},
			"faces": {
				"north": {"uv": [6, 8, 7.1875, 8.625], "texture": "#2"},
				"east": {"uv": [8, 9.5, 8.625, 10.125], "texture": "#2"},
				"south": {"uv": [8, 6, 9.1875, 6.625], "texture": "#2"},
				"west": {"uv": [9.5, 9, 10.125, 9.625], "texture": "#2"},
				"up": {"uv": [9.1875, 7.625, 8, 7], "texture": "#2"},
				"down": {"uv": [8.6875, 8, 7.5, 8.625], "texture": "#2"}
			}
		},
		{
			"from": [14.3891, 8.67998, 3.14703],
			"to": [15.37597, 9.66685, 4.1339],
			"rotation": {"angle": -45, "axis": "y", "origin": [12.53571, 8.67998, 3.14703]},
			"faces": {
				"north": {"uv": [4, 10.5, 4.5, 11], "texture": "#2"},
				"east": {"uv": [10.5, 4, 11, 4.5], "texture": "#2"},
				"south": {"uv": [10.5, 4.5, 11, 5], "texture": "#2"},
				"up": {"uv": [11, 5.5, 10.5, 5], "texture": "#2"},
				"down": {"uv": [6, 10.5, 5.5, 11], "texture": "#2"}
			}
		},
		{
			"from": [14.08155, 8.7984, 5.14999],
			"to": [14.83157, 9.54842, 5.90001],
			"rotation": {"angle": 22.5, "axis": "y", "origin": [14.69726, 9.17341, 6.0064]},
			"faces": {
				"east": {"uv": [11, 1.5, 11.375, 1.875], "texture": "#2"},
				"south": {"uv": [2, 11, 2.375, 11.375], "texture": "#2"},
				"west": {"uv": [11, 2, 11.375, 2.375], "texture": "#2"},
				"up": {"uv": [2.875, 11.375, 2.5, 11], "texture": "#2"},
				"down": {"uv": [11.375, 2.5, 11, 2.875], "texture": "#2"}
			}
		},
		{
			"from": [14.14284, 8.86591, 5.8564],
			"to": [14.75786, 9.48092, 6.47141],
			"rotation": {"angle": 0, "axis": "y", "origin": [14.75123, 9.17341, 6.76565]},
			"faces": {
				"east": {"uv": [11, 8.5, 11.3125, 8.8125], "texture": "#2"},
				"south": {"uv": [9, 11, 9.3125, 11.3125], "texture": "#2"},
				"west": {"uv": [11, 9, 11.3125, 9.3125], "texture": "#2"},
				"up": {"uv": [9.8125, 11.3125, 9.5, 11], "texture": "#2"},
				"down": {"uv": [11.3125, 9.5, 11, 9.8125], "texture": "#2"}
			}
		},
		{
			"from": [7.73523, 9.05908, 10.69584],
			"to": [8.26477, 9.58862, 10.96061],
			"rotation": {"angle": -45, "axis": "z", "origin": [8, 9.32385, 10.69584]},
			"faces": {
				"north": {"uv": [0.5, 11.5, 0.75, 11.75], "texture": "#2"},
				"east": {"uv": [2.5, 11.5, 2.625, 11.75], "texture": "#2"},
				"south": {"uv": [11.5, 0.5, 11.75, 0.75], "texture": "#2"},
				"west": {"uv": [11.5, 2.5, 11.625, 2.75], "texture": "#2"},
				"up": {"uv": [3.25, 11.625, 3, 11.5], "texture": "#2"},
				"down": {"uv": [3.75, 11.5, 3.5, 11.625], "texture": "#2"}
			}
		},
		{
			"from": [1.2, 9.4, 5.99001],
			"to": [8.4385, 9.4, 6.49001],
			"rotation": {"angle": 0, "axis": "y", "origin": [19.76209, 9.84149, 4.46142]},
			"faces": {
				"north": {"uv": [0, 0, 3.625, 0], "texture": "#2"},
				"east": {"uv": [0, 0, 0.25, 0], "texture": "#2"},
				"south": {"uv": [0, 0, 3.625, 0], "texture": "#2"},
				"west": {"uv": [0, 0, 0.25, 0], "texture": "#2"},
				"up": {"uv": [8.625, 0.25, 5, 0], "texture": "#2"},
				"down": {"uv": [8.625, 0.5, 5, 0.75], "texture": "#2"}
			}
		},
		{
			"from": [7.5615, 9.4, 5.99001],
			"to": [14.8, 9.4, 6.49001],
			"rotation": {"angle": 0, "axis": "y", "origin": [-3.76209, 9.84149, 4.46142]},
			"faces": {
				"north": {"uv": [0, 0, 3.625, 0], "texture": "#2"},
				"east": {"uv": [0, 0, 0.25, 0], "texture": "#2"},
				"south": {"uv": [0, 0, 3.625, 0], "texture": "#2"},
				"west": {"uv": [0, 0, 0.25, 0], "texture": "#2"},
				"up": {"uv": [8.625, 1.25, 5, 1], "texture": "#2"},
				"down": {"uv": [8.625, 1.5, 5, 1.75], "texture": "#2"}
			}
		}
	],
	"gui_light": "front",
	"display": {
		"thirdperson_righthand": {
			"translation": [0, 1.5, -1.5],
			"scale": [1.53125, 1.39258, 1.55664]
		},
		"thirdperson_lefthand": {
			"rotation": [154.88, 35.74, 178.66],
			"translation": [-7.75, -8.25, 7],
			"scale": [1.53125, 1.39258, 1.55664]
		},
		"firstperson_righthand": {
			"rotation": [7.39, 4.13, 25.72],
			"translation": [4.25, 2.5, 0],
			"scale": [1.31055, 1.31055, 1.31055]
		},
		"firstperson_lefthand": {
			"rotation": [7.39, 4.13, 25.72],
			"translation": [4.25, 2.5, 0],
			"scale": [1.31055, 1.31055, 1.31055]
		},
		"ground": {
			"rotation": [-76, -96, -76],
			"translation": [0, 0.5, 0],
			"scale": [1.59, 1.55, 1.59]
		},
		"gui": {
			"rotation": [59, -43, 8.71],
			"translation": [-0.5, 0.25, 0],
			"scale": [0.90836, 0.82734, 0.84414]
		},
		"head": {
			"rotation": [90, -54.5, -179.81],
			"translation": [2.75, -19, 6.25],
			"scale": [2.3, 2.21, 2.30727]
		},
		"fixed": {
			"rotation": [-124.75, 0, 0],
			"translation": [0, -5.25, -5.25],
			"scale": [4, 4, 4]
		}
	},
	"groups": [
		{
			"name": "crossbow",
			"origin": [8, 8, 8],
			"color": 0,
			"children": [0, 1, 2, 3, 4, 5, 6, 7, 8, 9, 10, 11, 12, 13, 14, 15, 16, 17, 18, 19, 20, 21, 22, 23, 24, 25, 26, 27, 28, 29, 30, 31, 32]
		}
	]
}