{"textures":{"0":"modelengine:entity/reaping_claw"},"elements":[{"from":[4.65,6.4185553,6.3015213],"to":[11.35,14.458555,6.3015213],"faces":{"south":{"uv":[3.0,7.5,4.25,9.0],"tintindex":0,"rotation":0,"texture":"#0"},"north":{"uv":[4.25,7.5,3.0,9.0],"tintindex":0,"rotation":0,"texture":"#0"}},"rotation":{"origin":[4.6904054,9.108374,18.863033],"angle":45.0,"axis":"x"}},{"from":[4.65,8.048716,8.078715],"to":[11.35,16.088715,8.078715],"faces":{"south":{"uv":[4.25,4.0,5.5,5.5],"tintindex":0,"rotation":0,"texture":"#0"},"north":{"uv":[5.5,4.0,4.25,5.5],"tintindex":0,"rotation":0,"texture":"#0"}}}],"display":{"gui":{"rotation":[30,225,0]}}}