{
	"credit": "Made with Blockbench",
	"texture_size": [64, 64],
	"textures": {
		"1": "./main",
		"2": "./anfeb",
		"3": "./duriasu",
		"4": "./allsu",
		"particle": "./anfeb"
	},
	"elements": [
		{
			"from": [-1, 0, 4.3],
			"to": [1, 12, 6.3],
			"rotation": {"angle": 22.5, "axis": "y", "origin": [8, 9, 8]},
			"faces": {
				"north": {"uv": [2.75, 7.5, 3.25, 10], "texture": "#4"},
				"east": {"uv": [3.25, 7.5, 3.75, 10], "texture": "#4"},
				"south": {"uv": [3.75, 7.5, 4.25, 10], "texture": "#4"},
				"west": {"uv": [4.25, 7.5, 4.75, 10], "texture": "#4"},
				"up": {"uv": [8.75, 8.5, 8.25, 8], "texture": "#4"},
				"down": {"uv": [9, 0, 8.5, 0.5], "texture": "#4"}
			}
		},
		{
			"from": [15, 0, 4.3],
			"to": [17, 12, 6.3],
			"rotation": {"angle": -22.5, "axis": "y", "origin": [8, 9, 8]},
			"faces": {
				"north": {"uv": [4.75, 7.5, 5.25, 10], "texture": "#4"},
				"east": {"uv": [5.25, 7.5, 5.75, 10], "texture": "#4"},
				"south": {"uv": [5.75, 7.5, 6.25, 10], "texture": "#4"},
				"west": {"uv": [6.25, 7.5, 6.75, 10], "texture": "#4"},
				"up": {"uv": [1, 9, 0.5, 8.5], "texture": "#4"},
				"down": {"uv": [9, 0.5, 8.5, 1], "texture": "#4"}
			}
		},
		{
			"from": [2, 6, 9],
			"to": [14, 8, 9],
			"rotation": {"angle": 0, "axis": "y", "origin": [8, 7, 8]},
			"faces": {
				"north": {"uv": [0, 6, 3, 6.5], "texture": "#4"},
				"east": {"uv": [0, 0, 0, 0.5], "texture": "#4"},
				"south": {"uv": [3, 6, 6, 6.5], "texture": "#4"},
				"west": {"uv": [0, 0, 0, 0.5], "texture": "#4"},
				"up": {"uv": [3, 0, 0, 0], "texture": "#4"},
				"down": {"uv": [3, 0, 0, 0], "texture": "#4"}
			}
		},
		{
			"from": [10, 6, 7.5],
			"to": [14.5, 8, 7.75],
			"rotation": {"angle": 0, "axis": "y", "origin": [8, 7, 8]},
			"faces": {
				"north": {"uv": [0.5, 8, 1.625, 8.5], "texture": "#4"},
				"east": {"uv": [9.5, 3.75, 9.5625, 4.25], "texture": "#4"},
				"south": {"uv": [8, 1.5, 9.125, 2], "texture": "#4"},
				"west": {"uv": [9.5, 4.25, 9.5625, 4.75], "texture": "#4"},
				"up": {"uv": [2.625, 9.5625, 1.5, 9.5], "texture": "#4"},
				"down": {"uv": [10.625, 3, 9.5, 3.0625], "texture": "#4"}
			}
		},
		{
			"from": [1.5, 6, 7.5],
			"to": [6, 8, 7.75],
			"rotation": {"angle": 0, "axis": "y", "origin": [8, 7, 8]},
			"faces": {
				"north": {"uv": [8, 2, 9.125, 2.5], "texture": "#4"},
				"east": {"uv": [9.5, 4.75, 9.5625, 5.25], "texture": "#4"},
				"south": {"uv": [8, 2.5, 9.125, 3], "texture": "#4"},
				"west": {"uv": [9.5, 5.25, 9.5625, 5.75], "texture": "#4"},
				"up": {"uv": [10.625, 3.3125, 9.5, 3.25], "texture": "#4"},
				"down": {"uv": [10.625, 3.5, 9.5, 3.5625], "texture": "#4"}
			}
		},
		{
			"from": [14, 6, 7],
			"to": [16, 8, 9],
			"rotation": {"angle": 0, "axis": "y", "origin": [8, 7, 8]},
			"faces": {
				"north": {"uv": [1, 8.5, 1.5, 9], "texture": "#4"},
				"east": {"uv": [8.5, 1, 9, 1.5], "texture": "#4"},
				"south": {"uv": [1.5, 8.5, 2, 9], "texture": "#4"},
				"west": {"uv": [2, 8.5, 2.5, 9], "texture": "#4"},
				"up": {"uv": [9, 5, 8.5, 4.5], "texture": "#4"},
				"down": {"uv": [9, 5, 8.5, 5.5], "texture": "#4"}
			}
		},
		{
			"from": [0, 6, 7],
			"to": [2, 8, 9],
			"rotation": {"angle": 0, "axis": "y", "origin": [8, 7, 8]},
			"faces": {
				"north": {"uv": [1.5, 8.5, 1, 9], "texture": "#4"},
				"east": {"uv": [2.5, 8.5, 2, 9], "texture": "#4"},
				"south": {"uv": [2, 8.5, 1.5, 9], "texture": "#4"},
				"west": {"uv": [9, 1, 8.5, 1.5], "texture": "#4"},
				"up": {"uv": [8.5, 5, 9, 4.5], "texture": "#4"},
				"down": {"uv": [8.5, 5, 9, 5.5], "texture": "#4"}
			}
		},
		{
			"from": [5, 4.5, 7.25],
			"to": [7, 6.5, 8.75],
			"rotation": {"angle": 45, "axis": "z", "origin": [3, 7, 8]},
			"faces": {
				"north": {"uv": [8.75, 8, 9.25, 8.5], "texture": "#4"},
				"east": {"uv": [9.25, 7, 9.625, 7.5], "texture": "#4"},
				"south": {"uv": [8.75, 8.5, 9.25, 9], "texture": "#4"},
				"west": {"uv": [7.75, 9.25, 8.125, 9.75], "texture": "#4"},
				"up": {"uv": [9.75, 8.375, 9.25, 8], "texture": "#4"},
				"down": {"uv": [9.75, 8.5, 9.25, 8.875], "texture": "#4"}
			}
		},
		{
			"from": [13.501, 6.001, 7.02],
			"to": [15.499, 7.999, 8.768],
			"rotation": {"angle": -45, "axis": "z", "origin": [13, 7, 8]},
			"faces": {
				"north": {"uv": [9, 0, 9.5, 0.5], "texture": "#4"},
				"east": {"uv": [9, 5.5, 9.4375, 6], "texture": "#4"},
				"south": {"uv": [0.5, 9, 1, 9.5], "texture": "#4"},
				"west": {"uv": [8.25, 9, 8.6875, 9.5], "texture": "#4"},
				"up": {"uv": [9.25, 9.4375, 8.75, 9], "texture": "#4"},
				"down": {"uv": [9.75, 1.5, 9.25, 1.9375], "texture": "#4"}
			}
		},
		{
			"from": [0.501, 6.001, 7.02],
			"to": [2.499, 7.999, 8.768],
			"rotation": {"angle": 45, "axis": "z", "origin": [3, 7, 8]},
			"faces": {
				"north": {"uv": [9, 0.5, 9.5, 1], "texture": "#4"},
				"east": {"uv": [9.25, 2, 9.6875, 2.5], "texture": "#4"},
				"south": {"uv": [1, 9, 1.5, 9.5], "texture": "#4"},
				"west": {"uv": [9.25, 2.5, 9.6875, 3], "texture": "#4"},
				"up": {"uv": [9.75, 6.4375, 9.25, 6], "texture": "#4"},
				"down": {"uv": [9.75, 6.5, 9.25, 6.9375], "texture": "#4"}
			}
		},
		{
			"from": [9, 4.5, 7.25],
			"to": [11, 6.5, 8.75],
			"rotation": {"angle": -45, "axis": "z", "origin": [13, 7, 8]},
			"faces": {
				"north": {"uv": [9, 1, 9.5, 1.5], "texture": "#4"},
				"east": {"uv": [9.25, 9, 9.625, 9.5], "texture": "#4"},
				"south": {"uv": [1.5, 9, 2, 9.5], "texture": "#4"},
				"west": {"uv": [0, 9.5, 0.375, 10], "texture": "#4"},
				"up": {"uv": [10, 0.375, 9.5, 0], "texture": "#4"},
				"down": {"uv": [1, 9.5, 0.5, 9.875], "texture": "#4"}
			}
		},
		{
			"from": [0, -3, 7],
			"to": [16, 6, 9],
			"rotation": {"angle": 0, "axis": "y", "origin": [15, 10, 8]},
			"faces": {
				"north": {"uv": [0, 0, 2.625, 1.46875], "texture": "#4"},
				"east": {"uv": [0, 8, 0.5, 9.5], "texture": "#4"},
				"south": {"uv": [0, 1.5, 4, 3], "texture": "#4"},
				"west": {"uv": [8, 0, 8.5, 1.5], "texture": "#4"},
				"up": {"uv": [8, 2, 4, 1.5], "texture": "#4"},
				"down": {"uv": [8, 2, 4, 2.5], "texture": "#4"}
			}
		},
		{
			"from": [0, 11, 7],
			"to": [16, 14, 9],
			"rotation": {"angle": 0, "axis": "y", "origin": [1, 12, 8]},
			"faces": {
				"north": {"uv": [0, 3, 4, 3.75], "texture": "#4"},
				"east": {"uv": [8, 4.5, 8.5, 5.25], "texture": "#4"},
				"south": {"uv": [0, 3.75, 4, 4.5], "texture": "#4"},
				"west": {"uv": [8, 5.25, 8.5, 6], "texture": "#4"},
				"up": {"uv": [8, 3, 4, 2.5], "texture": "#4"},
				"down": {"uv": [8, 3, 4, 3.5], "texture": "#4"}
			}
		},
		{
			"from": [2, 13, 6],
			"to": [13, 15, 8],
			"rotation": {"angle": 45, "axis": "x", "origin": [1, 12, 8]},
			"faces": {
				"north": {"uv": [6, 6, 8.75, 6.5], "texture": "#4"},
				"east": {"uv": [2, 9, 2.5, 9.5], "texture": "#4"},
				"south": {"uv": [0, 6.5, 2.75, 7], "texture": "#4"},
				"west": {"uv": [9, 3, 9.5, 3.5], "texture": "#4"},
				"up": {"uv": [5.5, 7, 2.75, 6.5], "texture": "#4"},
				"down": {"uv": [8.25, 6.5, 5.5, 7], "texture": "#4"}
			}
		},
		{
			"from": [2, -2, 3],
			"to": [13, 0.4, 5],
			"rotation": {"angle": -45, "axis": "x", "origin": [1, 4, 8]},
			"faces": {
				"north": {"uv": [0, 7, 2.75, 7.5], "texture": "#4"},
				"east": {"uv": [9, 3.5, 9.5, 4], "texture": "#4"},
				"south": {"uv": [2.75, 7, 5.5, 7.5], "texture": "#4"},
				"west": {"uv": [9, 4, 9.5, 4.5], "texture": "#4"},
				"up": {"uv": [8.25, 7.5, 5.5, 7], "texture": "#4"},
				"down": {"uv": [2.75, 7.5, 0, 8], "texture": "#4"}
			}
		},
		{
			"from": [0, 8, 7],
			"to": [16, 11, 9],
			"rotation": {"angle": 0, "axis": "y", "origin": [1, 12, 8]},
			"faces": {
				"north": {"uv": [4, 0, 8, 0.75], "texture": "#4"},
				"east": {"uv": [7.75, 8, 8.25, 8.75], "texture": "#4"},
				"south": {"uv": [4, 0.75, 8, 1.5], "texture": "#4"},
				"west": {"uv": [8.25, 6.5, 8.75, 7.25], "texture": "#4"},
				"up": {"uv": [8, 4, 4, 3.5], "texture": "#4"},
				"down": {"uv": [8, 4, 4, 4.5], "texture": "#4"}
			}
		},
		{
			"from": [6, 6, 7],
			"to": [10, 8, 9],
			"rotation": {"angle": 0, "axis": "y", "origin": [1, 10, 8]},
			"faces": {
				"north": {"uv": [1.75, 8, 2.75, 8.5], "texture": "#4"},
				"east": {"uv": [9, 4.5, 9.5, 5], "texture": "#4"},
				"south": {"uv": [8, 3, 9, 3.5], "texture": "#4"},
				"west": {"uv": [9, 5, 9.5, 5.5], "texture": "#4"},
				"up": {"uv": [9, 4, 8, 3.5], "texture": "#4"},
				"down": {"uv": [9, 4, 8, 4.5], "texture": "#4"}
			}
		},
		{
			"from": [8.44895, 5.5114, 6.95969],
			"to": [25.90015, 10.5213, 6.95969],
			"rotation": {"angle": 0, "axis": "y", "origin": [16.3096, 7.24275, 5.19458]},
			"faces": {
				"north": {"uv": [2.5, 10.75, 11.125, 13.5], "texture": "#2"},
				"east": {"uv": [0, 0, 0, 1.75], "texture": "#2"},
				"south": {"uv": [11.125, 13.5, 2.5, 10.75], "texture": "#2"},
				"west": {"uv": [0, 0, 0, 1.75], "texture": "#2"},
				"up": {"uv": [3.875, 0, 0, 0], "texture": "#2"},
				"down": {"uv": [3.875, 0, 0, 0], "texture": "#2"}
			}
		},
		{
			"from": [3, 3, 5],
			"to": [7, 6, 5],
			"rotation": {"angle": -22.5, "axis": "y", "origin": [0, 0, 0]},
			"faces": {
				"north": {"uv": [0, 0, 8, 8], "rotation": 270, "texture": "#3"},
				"east": {"uv": [8, 0, 0, 0], "rotation": 90, "texture": "#3"},
				"south": {"uv": [0, 0, 8, 8], "rotation": 90, "texture": "#3"},
				"west": {"uv": [8, 0, 0, 0], "rotation": 90, "texture": "#3"},
				"up": {"uv": [0, 0, 0, 8], "rotation": 90, "texture": "#3"},
				"down": {"uv": [0, 0, 0, 8], "rotation": 90, "texture": "#3"}
			}
		},
		{
			"from": [-9.90015, 5.5114, 6.95969],
			"to": [7.55105, 10.5213, 6.95969],
			"rotation": {"angle": 0, "axis": "y", "origin": [-0.3096, 7.24275, 5.19458]},
			"faces": {
				"north": {"uv": [11.125, 10.75, 2.5, 13.5], "texture": "#2"},
				"east": {"uv": [0, 0, 0, 1.75], "texture": "#2"},
				"south": {"uv": [2.5, 13.5, 11.125, 10.75], "texture": "#2"},
				"west": {"uv": [0, 0, 0, 1.75], "texture": "#2"},
				"up": {"uv": [0, 0, 3.875, 0], "texture": "#2"},
				"down": {"uv": [0, 0, 3.875, 0], "texture": "#2"}
			}
		},
		{
			"from": [-2, 1, 7.02],
			"to": [2, 4, 7.02],
			"rotation": {"angle": 22.5, "axis": "z", "origin": [0, 0, 0]},
			"faces": {
				"north": {"uv": [0, 0, 8, 8], "rotation": 270, "texture": "#3"},
				"east": {"uv": [8, 0, 0, 0], "rotation": 90, "texture": "#3"},
				"south": {"uv": [0, 0, 8, 8], "rotation": 90, "texture": "#3"},
				"west": {"uv": [8, 0, 0, 0], "rotation": 90, "texture": "#3"},
				"up": {"uv": [0, 0, 0, 8], "rotation": 90, "texture": "#3"},
				"down": {"uv": [0, 0, 0, 8], "rotation": 90, "texture": "#3"}
			}
		},
		{
			"from": [-4, -4, 7.02],
			"to": [0, -1, 7.02],
			"rotation": {"angle": 45, "axis": "z", "origin": [0, 0, 0]},
			"faces": {
				"north": {"uv": [0, 0, 8, 8], "rotation": 270, "texture": "#3"},
				"east": {"uv": [8, 0, 0, 0], "rotation": 90, "texture": "#3"},
				"south": {"uv": [0, 0, 8, 8], "rotation": 90, "texture": "#3"},
				"west": {"uv": [8, 0, 0, 0], "rotation": 90, "texture": "#3"},
				"up": {"uv": [0, 0, 0, 8], "rotation": 90, "texture": "#3"},
				"down": {"uv": [0, 0, 0, 8], "rotation": 90, "texture": "#3"}
			}
		},
		{
			"from": [16, -4, 7.01],
			"to": [20, -1, 7.01],
			"rotation": {"angle": -45, "axis": "z", "origin": [16, 0, 0]},
			"faces": {
				"north": {"uv": [0, 8, 8, 0], "rotation": 270, "texture": "#3"},
				"east": {"uv": [8, 0, 0, 0], "rotation": 90, "texture": "#3"},
				"south": {"uv": [0, 8, 8, 0], "rotation": 90, "texture": "#3"},
				"west": {"uv": [8, 0, 0, 0], "rotation": 90, "texture": "#3"},
				"up": {"uv": [0, 8, 0, 0], "rotation": 90, "texture": "#3"},
				"down": {"uv": [0, 8, 0, 0], "rotation": 90, "texture": "#3"}
			}
		},
		{
			"from": [14, 1, 7.01],
			"to": [18, 4, 7.01],
			"rotation": {"angle": -22.5, "axis": "z", "origin": [16, 0, 0]},
			"faces": {
				"north": {"uv": [0, 8, 8, 0], "rotation": 270, "texture": "#3"},
				"east": {"uv": [8, 0, 0, 0], "rotation": 90, "texture": "#3"},
				"south": {"uv": [0, 8, 8, 0], "rotation": 90, "texture": "#3"},
				"west": {"uv": [8, 0, 0, 0], "rotation": 90, "texture": "#3"},
				"up": {"uv": [0, 8, 0, 0], "rotation": 90, "texture": "#3"},
				"down": {"uv": [0, 8, 0, 0], "rotation": 90, "texture": "#3"}
			}
		},
		{
			"from": [9, -6, 7.2],
			"to": [12, -2, 7.2],
			"rotation": {"angle": 0, "axis": "y", "origin": [16, 0, 0]},
			"faces": {
				"north": {"uv": [8, 0, 0, 8], "texture": "#3"},
				"east": {"uv": [0, 0, 0, 8], "texture": "#3"},
				"south": {"uv": [8, 0, 0, 8], "texture": "#3"},
				"west": {"uv": [0, 0, 0, 8], "texture": "#3"},
				"up": {"uv": [0, 0, 8, 0], "texture": "#3"},
				"down": {"uv": [0, 0, 8, 0], "texture": "#3"}
			}
		},
		{
			"from": [6, -4, 7],
			"to": [10, 1, 7],
			"rotation": {"angle": 22.5, "axis": "x", "origin": [0, 0, 0]},
			"faces": {
				"north": {"uv": [0, 0, 8, 8], "texture": "#3"},
				"east": {"uv": [0, 0, 0, 8], "texture": "#3"},
				"south": {"uv": [0, 0, 8, 8], "texture": "#3"},
				"west": {"uv": [0, 0, 0, 8], "texture": "#3"},
				"up": {"uv": [8, 0, 0, 0], "texture": "#3"},
				"down": {"uv": [8, 0, 0, 0], "texture": "#3"}
			}
		},
		{
			"from": [4, -7, 7.02],
			"to": [7, -3, 7.02],
			"faces": {
				"north": {"uv": [0, 0, 8, 8], "texture": "#3"},
				"east": {"uv": [0, 0, 0, 8], "texture": "#3"},
				"south": {"uv": [0, 0, 8, 8], "texture": "#3"},
				"west": {"uv": [0, 0, 0, 8], "texture": "#3"},
				"up": {"uv": [8, 0, 0, 0], "texture": "#3"},
				"down": {"uv": [8, 0, 0, 0], "texture": "#3"}
			}
		},
		{
			"from": [9, 3, 5],
			"to": [13, 6, 5],
			"rotation": {"angle": 22.5, "axis": "y", "origin": [16, 0, 0]},
			"faces": {
				"north": {"uv": [0, 8, 8, 0], "rotation": 270, "texture": "#3"},
				"east": {"uv": [8, 0, 0, 0], "rotation": 90, "texture": "#3"},
				"south": {"uv": [0, 8, 8, 0], "rotation": 90, "texture": "#3"},
				"west": {"uv": [8, 0, 0, 0], "rotation": 90, "texture": "#3"},
				"up": {"uv": [0, 8, 0, 0], "rotation": 90, "texture": "#3"},
				"down": {"uv": [0, 8, 0, 0], "rotation": 90, "texture": "#3"}
			}
		},
		{
			"from": [14.75, 3, 10],
			"to": [22.75, 7, 14],
			"rotation": {"angle": 22.5, "axis": "z", "origin": [3.75, 3, 8]},
			"faces": {
				"north": {"uv": [1.5, 4.5, 3.5, 5.5], "texture": "#1"},
				"east": {"uv": [1, 12, 0, 13], "texture": "#1"},
				"south": {"uv": [7.5, 5, 5.5, 6], "texture": "#1"},
				"west": {"uv": [11, 11.5, 10, 12.5], "texture": "#1"},
				"up": {"uv": [5.5, 7, 7.5, 6], "texture": "#1"},
				"down": {"uv": [0, 6.5, 2, 7.5], "texture": "#1"}
			}
		},
		{
			"from": [14.75, 7, 10],
			"to": [18.75, 9, 14],
			"rotation": {"angle": 22.5, "axis": "z", "origin": [3.75, 3, 8]},
			"faces": {
				"north": {"uv": [4.5, 4, 5.5, 4.5], "texture": "#1"},
				"east": {"uv": [0, 6, 1, 6.5], "texture": "#1"},
				"south": {"uv": [12.5, 6, 13.5, 6.5], "texture": "#1"},
				"west": {"uv": [12.5, 6.5, 13.5, 7], "texture": "#1"},
				"up": {"uv": [12.5, 9, 11.5, 8], "texture": "#1"},
				"down": {"uv": [12.5, 9, 11.5, 10], "texture": "#1"}
			}
		},
		{
			"from": [18.75, 3, 14],
			"to": [22.75, 7, 20],
			"rotation": {"angle": 22.5, "axis": "z", "origin": [3.75, 3, 8]},
			"faces": {
				"north": {"uv": [10.5, 9, 11.5, 10], "texture": "#1"},
				"east": {"uv": [10, 4.5, 8.5, 5.5], "texture": "#1"},
				"south": {"uv": [13, 2, 12, 3], "texture": "#1"},
				"west": {"uv": [10, 3.5, 8.5, 4.5], "texture": "#1"},
				"up": {"uv": [8.5, 7, 9.5, 5.5], "texture": "#1"},
				"down": {"uv": [10, 0, 9, 1.5], "texture": "#1"}
			}
		},
		{
			"from": [19.75, 3, 20],
			"to": [21.75, 7, 24],
			"rotation": {"angle": 22.5, "axis": "z", "origin": [3.75, 3, 8]},
			"faces": {
				"north": {"uv": [10, 0, 10.5, 1], "texture": "#1"},
				"east": {"uv": [12, 12, 11, 13], "texture": "#1"},
				"south": {"uv": [9, 12.5, 9.5, 13.5], "texture": "#1"},
				"west": {"uv": [13, 10, 12, 11], "texture": "#1"},
				"up": {"uv": [12.5, 10, 13, 9], "texture": "#1"},
				"down": {"uv": [10, 12.5, 9.5, 13.5], "texture": "#1"}
			}
		},
		{
			"from": [20.75, 3, 20],
			"to": [20.75, 9, 30],
			"rotation": {"angle": 22.5, "axis": "z", "origin": [3.75, 3, 8]},
			"faces": {
				"north": {"uv": [0, 0, 0, 1.5], "texture": "#1"},
				"east": {"uv": [5, 1.5, 2.5, 3], "texture": "#1"},
				"south": {"uv": [0, 0, 0, 1.5], "texture": "#1"},
				"west": {"uv": [2.5, 1.5, 5, 3], "texture": "#1"},
				"up": {"uv": [0, 2.5, 0, 0], "texture": "#1"},
				"down": {"uv": [0, 0, 0, 2.5], "texture": "#1"}
			}
		},
		{
			"from": [14.75, 3, 30],
			"to": [20.75, 9, 30],
			"rotation": {"angle": 22.5, "axis": "z", "origin": [3.75, 3, 8]},
			"faces": {
				"north": {"uv": [0, 4.5, 1.5, 6], "texture": "#1"},
				"east": {"uv": [0, 0, 0, 1.5], "texture": "#1"},
				"south": {"uv": [1.5, 4.5, 0, 6], "texture": "#1"},
				"west": {"uv": [0, 0, 0, 1.5], "texture": "#1"},
				"up": {"uv": [1.5, 0, 0, 0], "texture": "#1"},
				"down": {"uv": [1.5, 0, 0, 0], "texture": "#1"}
			}
		},
		{
			"from": [-7.25, 6, 10],
			"to": [0.75, 10, 14],
			"rotation": {"angle": -22.5, "axis": "z", "origin": [3.75, 3, 8]},
			"faces": {
				"north": {"uv": [5.5, 4, 7.5, 5], "texture": "#1"},
				"east": {"uv": [10, 11.5, 11, 12.5], "texture": "#1"},
				"south": {"uv": [5.5, 5, 7.5, 6], "texture": "#1"},
				"west": {"uv": [0, 12, 1, 13], "texture": "#1"},
				"up": {"uv": [7.5, 7, 5.5, 6], "texture": "#1"},
				"down": {"uv": [2, 6.5, 0, 7.5], "texture": "#1"}
			}
		},
		{
			"from": [-3.25, 10, 10],
			"to": [0.75, 12, 14],
			"rotation": {"angle": -22.5, "axis": "z", "origin": [3.75, 3, 8]},
			"faces": {
				"north": {"uv": [7, 12.5, 8, 13], "texture": "#1"},
				"east": {"uv": [13.5, 6.5, 12.5, 7], "texture": "#1"},
				"south": {"uv": [12.5, 7.5, 13.5, 8], "texture": "#1"},
				"west": {"uv": [0, 6, 1, 6.5], "texture": "#1"},
				"up": {"uv": [11.5, 9, 12.5, 8], "texture": "#1"},
				"down": {"uv": [2, 12, 1, 13], "texture": "#1"}
			}
		},
		{
			"from": [-7.25, 6, 14],
			"to": [-3.25, 10, 20],
			"rotation": {"angle": -22.5, "axis": "z", "origin": [3.75, 3, 8]},
			"faces": {
				"north": {"uv": [12, 1, 13, 2], "texture": "#1"},
				"east": {"uv": [8.5, 3.5, 10, 4.5], "texture": "#1"},
				"south": {"uv": [12, 2, 13, 3], "texture": "#1"},
				"west": {"uv": [8.5, 4.5, 10, 5.5], "texture": "#1"},
				"up": {"uv": [9.5, 7, 8.5, 5.5], "texture": "#1"},
				"down": {"uv": [10, 0, 9, 1.5], "texture": "#1"}
			}
		},
		{
			"from": [-6.25, 6, 20],
			"to": [-4.25, 10, 24],
			"rotation": {"angle": -22.5, "axis": "z", "origin": [3.75, 3, 8]},
			"faces": {
				"north": {"uv": [11.75, 14.5, 12.25, 15.5], "texture": "#1"},
				"east": {"uv": [12, 10, 13, 11], "texture": "#1"},
				"south": {"uv": [9, 12.5, 9.5, 13.5], "texture": "#1"},
				"west": {"uv": [11, 12, 12, 13], "texture": "#1"},
				"up": {"uv": [13, 10, 12.5, 9], "texture": "#1"},
				"down": {"uv": [10, 12.5, 9.5, 13.5], "texture": "#1"}
			}
		},
		{
			"from": [-5.25, 6, 20],
			"to": [-5.25, 12, 30],
			"rotation": {"angle": -22.5, "axis": "z", "origin": [3.75, 3, 8]},
			"faces": {
				"north": {"uv": [0, 0, 0, 1.5], "texture": "#1"},
				"east": {"uv": [2.5, 0, 5, 1.5], "texture": "#1"},
				"south": {"uv": [0, 0, 0, 1.5], "texture": "#1"},
				"west": {"uv": [2.5, 1.5, 5, 3], "texture": "#1"},
				"up": {"uv": [0, 2.5, 0, 0], "texture": "#1"},
				"down": {"uv": [0, 0, 0, 2.5], "texture": "#1"}
			}
		},
		{
			"from": [-5.25, 6, 30],
			"to": [0.75, 12, 30],
			"rotation": {"angle": -22.5, "axis": "z", "origin": [3.75, 3, 8]},
			"faces": {
				"north": {"uv": [3, 3, 4.5, 4.5], "texture": "#1"},
				"east": {"uv": [0, 0, 0, 1.5], "texture": "#1"},
				"south": {"uv": [0, 4.5, 1.5, 6], "texture": "#1"},
				"west": {"uv": [0, 0, 0, 1.5], "texture": "#1"},
				"up": {"uv": [1.5, 0, 0, 0], "texture": "#1"},
				"down": {"uv": [1.5, 0, 0, 0], "texture": "#1"}
			}
		},
		{
			"from": [-4.25, 8, 12],
			"to": [3.75, 12, 16],
			"rotation": {"angle": -22.5, "axis": "z", "origin": [-13.25, 13, 8]},
			"faces": {
				"north": {"uv": [2, 6.5, 4, 7.5], "texture": "#1"},
				"east": {"uv": [12, 11, 13, 12], "texture": "#1"},
				"south": {"uv": [6.5, 3, 8.5, 4], "texture": "#1"},
				"west": {"uv": [12, 12, 13, 13], "texture": "#1"},
				"up": {"uv": [9, 1, 7, 0], "texture": "#1"},
				"down": {"uv": [9, 1, 7, 2], "texture": "#1"}
			}
		},
		{
			"from": [-4.25, 8, 16],
			"to": [-0.25, 12, 22],
			"rotation": {"angle": -22.5, "axis": "z", "origin": [-13.25, 13, 8]},
			"faces": {
				"north": {"uv": [3, 12.5, 4, 13.5], "texture": "#1"},
				"east": {"uv": [9, 7, 10.5, 8], "texture": "#1"},
				"south": {"uv": [12.5, 3, 13.5, 4], "texture": "#1"},
				"west": {"uv": [7.5, 9, 9, 10], "texture": "#1"},
				"up": {"uv": [10, 9.5, 9, 8], "texture": "#1"},
				"down": {"uv": [10.5, 1.5, 9.5, 3], "texture": "#1"}
			}
		},
		{
			"from": [-3.25, 8, 22],
			"to": [-1.25, 12, 26],
			"rotation": {"angle": -22.5, "axis": "z", "origin": [-13.25, 13, 8]},
			"faces": {
				"north": {"uv": [10, 12.5, 10.5, 13.5], "texture": "#1"},
				"east": {"uv": [4, 12.5, 5, 13.5], "texture": "#1"},
				"south": {"uv": [10.5, 12.5, 11, 13.5], "texture": "#1"},
				"west": {"uv": [12.5, 4, 13.5, 5], "texture": "#1"},
				"up": {"uv": [0.5, 14, 0, 13], "texture": "#1"},
				"down": {"uv": [13.5, 0, 13, 1], "texture": "#1"}
			}
		},
		{
			"from": [8.75, -8, 12],
			"to": [16.75, -4, 16],
			"rotation": {"angle": 22.5, "axis": "z", "origin": [-13.25, 13, 8]},
			"faces": {
				"north": {"uv": [4, 6.5, 2, 7.5], "texture": "#1"},
				"east": {"uv": [13, 11, 12, 12], "texture": "#1"},
				"south": {"uv": [8.5, 3, 6.5, 4], "texture": "#1"},
				"west": {"uv": [13, 12, 12, 13], "texture": "#1"},
				"up": {"uv": [7, 1, 9, 0], "texture": "#1"},
				"down": {"uv": [7, 1, 9, 2], "texture": "#1"}
			}
		},
		{
			"from": [12.75, -8, 16],
			"to": [16.75, -4, 22],
			"rotation": {"angle": 22.5, "axis": "z", "origin": [-13.25, 13, 8]},
			"faces": {
				"north": {"uv": [4, 12.5, 3, 13.5], "texture": "#1"},
				"east": {"uv": [10.5, 7, 9, 8], "texture": "#1"},
				"south": {"uv": [13.5, 3, 12.5, 4], "texture": "#1"},
				"west": {"uv": [9, 9, 7.5, 10], "texture": "#1"},
				"up": {"uv": [9, 9.5, 10, 8], "texture": "#1"},
				"down": {"uv": [9.5, 1.5, 10.5, 3], "texture": "#1"}
			}
		},
		{
			"from": [13.75, -8, 22],
			"to": [15.75, -4, 26],
			"rotation": {"angle": 22.5, "axis": "z", "origin": [-13.25, 13, 8]},
			"faces": {
				"north": {"uv": [10.5, 12.5, 10, 13.5], "texture": "#1"},
				"east": {"uv": [5, 12.5, 4, 13.5], "texture": "#1"},
				"south": {"uv": [11, 12.5, 10.5, 13.5], "texture": "#1"},
				"west": {"uv": [13.5, 4, 12.5, 5], "texture": "#1"},
				"up": {"uv": [0.5, 14, 0, 13], "texture": "#1"},
				"down": {"uv": [13.5, 0, 13, 1], "texture": "#1"}
			}
		},
		{
			"from": [14.75, 3, 10],
			"to": [22.75, 7, 14],
			"rotation": {"angle": 22.5, "axis": "z", "origin": [3.75, 3, 8]},
			"faces": {
				"north": {"uv": [1.5, 4.5, 3.5, 5.5], "texture": "#1"},
				"east": {"uv": [1, 12, 0, 13], "texture": "#1"},
				"south": {"uv": [7.5, 5, 5.5, 6], "texture": "#1"},
				"west": {"uv": [11, 11.5, 10, 12.5], "texture": "#1"},
				"up": {"uv": [5.5, 7, 7.5, 6], "texture": "#1"},
				"down": {"uv": [0, 6.5, 2, 7.5], "texture": "#1"}
			}
		},
		{
			"from": [14.75, 7, 10],
			"to": [18.75, 9, 14],
			"rotation": {"angle": 22.5, "axis": "z", "origin": [3.75, 3, 8]},
			"faces": {
				"north": {"uv": [4.5, 4, 5.5, 4.5], "texture": "#1"},
				"east": {"uv": [0, 6, 1, 6.5], "texture": "#1"},
				"south": {"uv": [12.5, 6, 13.5, 6.5], "texture": "#1"},
				"west": {"uv": [12.5, 6.5, 13.5, 7], "texture": "#1"},
				"up": {"uv": [12.5, 9, 11.5, 8], "texture": "#1"},
				"down": {"uv": [12.5, 9, 11.5, 10], "texture": "#1"}
			}
		},
		{
			"from": [18.75, 3, 14],
			"to": [22.75, 7, 20],
			"rotation": {"angle": 22.5, "axis": "z", "origin": [3.75, 3, 8]},
			"faces": {
				"north": {"uv": [10.5, 9, 11.5, 10], "texture": "#1"},
				"east": {"uv": [10, 4.5, 8.5, 5.5], "texture": "#1"},
				"south": {"uv": [13, 2, 12, 3], "texture": "#1"},
				"west": {"uv": [10, 3.5, 8.5, 4.5], "texture": "#1"},
				"up": {"uv": [8.5, 7, 9.5, 5.5], "texture": "#1"},
				"down": {"uv": [10, 0, 9, 1.5], "texture": "#1"}
			}
		},
		{
			"from": [19.75, 3, 20],
			"to": [21.75, 7, 24],
			"rotation": {"angle": 22.5, "axis": "z", "origin": [3.75, 3, 8]},
			"faces": {
				"north": {"uv": [10, 0, 10.5, 1], "texture": "#1"},
				"east": {"uv": [12, 12, 11, 13], "texture": "#1"},
				"south": {"uv": [9, 12.5, 9.5, 13.5], "texture": "#1"},
				"west": {"uv": [13, 10, 12, 11], "texture": "#1"},
				"up": {"uv": [12.5, 10, 13, 9], "texture": "#1"},
				"down": {"uv": [10, 12.5, 9.5, 13.5], "texture": "#1"}
			}
		},
		{
			"from": [20.75, 3, 20],
			"to": [20.75, 9, 30],
			"rotation": {"angle": 22.5, "axis": "z", "origin": [3.75, 3, 8]},
			"faces": {
				"north": {"uv": [0, 0, 0, 1.5], "texture": "#1"},
				"east": {"uv": [5, 1.5, 2.5, 3], "texture": "#1"},
				"south": {"uv": [0, 0, 0, 1.5], "texture": "#1"},
				"west": {"uv": [2.5, 1.5, 5, 3], "texture": "#1"},
				"up": {"uv": [0, 2.5, 0, 0], "texture": "#1"},
				"down": {"uv": [0, 0, 0, 2.5], "texture": "#1"}
			}
		},
		{
			"from": [14.75, 3, 30],
			"to": [20.75, 9, 30],
			"rotation": {"angle": 22.5, "axis": "z", "origin": [3.75, 3, 8]},
			"faces": {
				"north": {"uv": [0, 4.5, 1.5, 6], "texture": "#1"},
				"east": {"uv": [0, 0, 0, 1.5], "texture": "#1"},
				"south": {"uv": [1.5, 4.5, 0, 6], "texture": "#1"},
				"west": {"uv": [0, 0, 0, 1.5], "texture": "#1"},
				"up": {"uv": [1.5, 0, 0, 0], "texture": "#1"},
				"down": {"uv": [1.5, 0, 0, 0], "texture": "#1"}
			}
		},
		{
			"from": [-7.25, 6, 10],
			"to": [0.75, 10, 14],
			"rotation": {"angle": -22.5, "axis": "z", "origin": [3.75, 3, 8]},
			"faces": {
				"north": {"uv": [5.5, 4, 7.5, 5], "texture": "#1"},
				"east": {"uv": [10, 11.5, 11, 12.5], "texture": "#1"},
				"south": {"uv": [5.5, 5, 7.5, 6], "texture": "#1"},
				"west": {"uv": [0, 12, 1, 13], "texture": "#1"},
				"up": {"uv": [7.5, 7, 5.5, 6], "texture": "#1"},
				"down": {"uv": [2, 6.5, 0, 7.5], "texture": "#1"}
			}
		},
		{
			"from": [-3.25, 10, 10],
			"to": [0.75, 12, 14],
			"rotation": {"angle": -22.5, "axis": "z", "origin": [3.75, 3, 8]},
			"faces": {
				"north": {"uv": [7, 12.5, 8, 13], "texture": "#1"},
				"east": {"uv": [13.5, 6.5, 12.5, 7], "texture": "#1"},
				"south": {"uv": [12.5, 7.5, 13.5, 8], "texture": "#1"},
				"west": {"uv": [0, 6, 1, 6.5], "texture": "#1"},
				"up": {"uv": [11.5, 9, 12.5, 8], "texture": "#1"},
				"down": {"uv": [2, 12, 1, 13], "texture": "#1"}
			}
		},
		{
			"from": [-7.25, 6, 14],
			"to": [-3.25, 10, 20],
			"rotation": {"angle": -22.5, "axis": "z", "origin": [3.75, 3, 8]},
			"faces": {
				"north": {"uv": [12, 1, 13, 2], "texture": "#1"},
				"east": {"uv": [8.5, 3.5, 10, 4.5], "texture": "#1"},
				"south": {"uv": [12, 2, 13, 3], "texture": "#1"},
				"west": {"uv": [8.5, 4.5, 10, 5.5], "texture": "#1"},
				"up": {"uv": [9.5, 7, 8.5, 5.5], "texture": "#1"},
				"down": {"uv": [10, 0, 9, 1.5], "texture": "#1"}
			}
		},
		{
			"from": [-6.25, 6, 20],
			"to": [-4.25, 10, 24],
			"rotation": {"angle": -22.5, "axis": "z", "origin": [3.75, 3, 8]},
			"faces": {
				"north": {"uv": [11.75, 14.5, 12.25, 15.5], "texture": "#1"},
				"east": {"uv": [12, 10, 13, 11], "texture": "#1"},
				"south": {"uv": [9, 12.5, 9.5, 13.5], "texture": "#1"},
				"west": {"uv": [11, 12, 12, 13], "texture": "#1"},
				"up": {"uv": [13, 10, 12.5, 9], "texture": "#1"},
				"down": {"uv": [10, 12.5, 9.5, 13.5], "texture": "#1"}
			}
		},
		{
			"from": [-5.25, 6, 20],
			"to": [-5.25, 12, 30],
			"rotation": {"angle": -22.5, "axis": "z", "origin": [3.75, 3, 8]},
			"faces": {
				"north": {"uv": [0, 0, 0, 1.5], "texture": "#1"},
				"east": {"uv": [2.5, 0, 5, 1.5], "texture": "#1"},
				"south": {"uv": [0, 0, 0, 1.5], "texture": "#1"},
				"west": {"uv": [2.5, 1.5, 5, 3], "texture": "#1"},
				"up": {"uv": [0, 2.5, 0, 0], "texture": "#1"},
				"down": {"uv": [0, 0, 0, 2.5], "texture": "#1"}
			}
		},
		{
			"from": [-5.25, 6, 30],
			"to": [0.75, 12, 30],
			"rotation": {"angle": -22.5, "axis": "z", "origin": [3.75, 3, 8]},
			"faces": {
				"north": {"uv": [3, 3, 4.5, 4.5], "texture": "#1"},
				"east": {"uv": [0, 0, 0, 1.5], "texture": "#1"},
				"south": {"uv": [0, 4.5, 1.5, 6], "texture": "#1"},
				"west": {"uv": [0, 0, 0, 1.5], "texture": "#1"},
				"up": {"uv": [1.5, 0, 0, 0], "texture": "#1"},
				"down": {"uv": [1.5, 0, 0, 0], "texture": "#1"}
			}
		},
		{
			"from": [-4.25, 8, 12],
			"to": [3.75, 12, 16],
			"rotation": {"angle": -22.5, "axis": "z", "origin": [-13.25, 13, 8]},
			"faces": {
				"north": {"uv": [2, 6.5, 4, 7.5], "texture": "#1"},
				"east": {"uv": [12, 11, 13, 12], "texture": "#1"},
				"south": {"uv": [6.5, 3, 8.5, 4], "texture": "#1"},
				"west": {"uv": [12, 12, 13, 13], "texture": "#1"},
				"up": {"uv": [9, 1, 7, 0], "texture": "#1"},
				"down": {"uv": [9, 1, 7, 2], "texture": "#1"}
			}
		},
		{
			"from": [-4.25, 8, 16],
			"to": [-0.25, 12, 22],
			"rotation": {"angle": -22.5, "axis": "z", "origin": [-13.25, 13, 8]},
			"faces": {
				"north": {"uv": [3, 12.5, 4, 13.5], "texture": "#1"},
				"east": {"uv": [9, 7, 10.5, 8], "texture": "#1"},
				"south": {"uv": [12.5, 3, 13.5, 4], "texture": "#1"},
				"west": {"uv": [7.5, 9, 9, 10], "texture": "#1"},
				"up": {"uv": [10, 9.5, 9, 8], "texture": "#1"},
				"down": {"uv": [10.5, 1.5, 9.5, 3], "texture": "#1"}
			}
		},
		{
			"from": [-3.25, 8, 22],
			"to": [-1.25, 12, 26],
			"rotation": {"angle": -22.5, "axis": "z", "origin": [-13.25, 13, 8]},
			"faces": {
				"north": {"uv": [10, 12.5, 10.5, 13.5], "texture": "#1"},
				"east": {"uv": [4, 12.5, 5, 13.5], "texture": "#1"},
				"south": {"uv": [10.5, 12.5, 11, 13.5], "texture": "#1"},
				"west": {"uv": [12.5, 4, 13.5, 5], "texture": "#1"},
				"up": {"uv": [0.5, 14, 0, 13], "texture": "#1"},
				"down": {"uv": [13.5, 0, 13, 1], "texture": "#1"}
			}
		},
		{
			"from": [8.75, -8, 12],
			"to": [16.75, -4, 16],
			"rotation": {"angle": 22.5, "axis": "z", "origin": [-13.25, 13, 8]},
			"faces": {
				"north": {"uv": [4, 6.5, 2, 7.5], "texture": "#1"},
				"east": {"uv": [13, 11, 12, 12], "texture": "#1"},
				"south": {"uv": [8.5, 3, 6.5, 4], "texture": "#1"},
				"west": {"uv": [13, 12, 12, 13], "texture": "#1"},
				"up": {"uv": [7, 1, 9, 0], "texture": "#1"},
				"down": {"uv": [7, 1, 9, 2], "texture": "#1"}
			}
		},
		{
			"from": [12.75, -8, 16],
			"to": [16.75, -4, 22],
			"rotation": {"angle": 22.5, "axis": "z", "origin": [-13.25, 13, 8]},
			"faces": {
				"north": {"uv": [4, 12.5, 3, 13.5], "texture": "#1"},
				"east": {"uv": [10.5, 7, 9, 8], "texture": "#1"},
				"south": {"uv": [13.5, 3, 12.5, 4], "texture": "#1"},
				"west": {"uv": [9, 9, 7.5, 10], "texture": "#1"},
				"up": {"uv": [9, 9.5, 10, 8], "texture": "#1"},
				"down": {"uv": [9.5, 1.5, 10.5, 3], "texture": "#1"}
			}
		},
		{
			"from": [13.75, -8, 22],
			"to": [15.75, -4, 26],
			"rotation": {"angle": 22.5, "axis": "z", "origin": [-13.25, 13, 8]},
			"faces": {
				"north": {"uv": [10.5, 12.5, 10, 13.5], "texture": "#1"},
				"east": {"uv": [5, 12.5, 4, 13.5], "texture": "#1"},
				"south": {"uv": [11, 12.5, 10.5, 13.5], "texture": "#1"},
				"west": {"uv": [13.5, 4, 12.5, 5], "texture": "#1"},
				"up": {"uv": [0.5, 14, 0, 13], "texture": "#1"},
				"down": {"uv": [13.5, 0, 13, 1], "texture": "#1"}
			}
		}
	],
	"display": {
		"thirdperson_righthand": {
			"rotation": [76.37, -25.63, -2.87],
			"translation": [1.5, 0.5, 2],
			"scale": [0.39844, 0.39844, 0.39844]
		},
		"thirdperson_lefthand": {
			"rotation": [76.37, -25.63, -2.87],
			"translation": [1.5, 0.5, 2],
			"scale": [0.39844, 0.39844, 0.39844]
		},
		"firstperson_righthand": {
			"rotation": [162.11, 52.75, -166.71],
			"translation": [1.5, 5, -1.5],
			"scale": [0.46875, 0.46875, 0.46875]
		},
		"firstperson_lefthand": {
			"rotation": [162.11, 52.75, -166.71],
			"translation": [1.5, 5, -1.5],
			"scale": [0.46875, 0.46875, 0.46875]
		},
		"ground": {
			"translation": [0, 0, 2.25],
			"scale": [0.57, 0.54, 0.59]
		},
		"gui": {
			"rotation": [24, 143, 0],
			"translation": [-2.25, -0.75, 0],
			"scale": [0.45, 0.45, 0.45]
		},
		"head": {
			"translation": [0, 2.75, -7.75],
			"scale": [0.82031, 0.79297, 0.83398]
		},
		"fixed": {
			"translation": [0, 0, -1.5],
			"scale": [1.33008, 1.33008, 1.33008]
		}
	},
	"groups": [
		{
			"name": "group",
			"origin": [15.5, 4.25, 11.25],
			"color": 0,
			"children": [
				0,
				1,
				2,
				3,
				4,
				5,
				6,
				7,
				8,
				9,
				10,
				11,
				12,
				13,
				14,
				15,
				16,
				{
					"name": "group",
					"origin": [15.5, 3.75, 11.25],
					"color": 0,
					"children": []
				},
				17,
				18,
				19,
				20,
				21,
				22,
				23,
				24,
				25,
				26,
				27
			]
		},
		{
			"name": "group",
			"origin": [0, 0, 0],
			"color": 0,
			"children": [
				28,
				29,
				30,
				31,
				32,
				33,
				{
					"name": "group",
					"origin": [0, 0, 0],
					"color": 0,
					"children": [
						34,
						35,
						36,
						37,
						38,
						39,
						{
							"name": "group",
							"origin": [0, 0, 0],
							"color": 0,
							"children": [40, 41, 42]
						},
						{
							"name": "group",
							"origin": [0, 0, 0],
							"color": 0,
							"children": [43, 44, 45]
						}
					]
				},
				{
					"name": "group",
					"origin": [0, 0, 0],
					"color": 0,
					"children": [
						46,
						47,
						48,
						49,
						50,
						51,
						{
							"name": "group",
							"origin": [0, 0, 0],
							"color": 0,
							"children": [
								52,
								53,
								54,
								55,
								56,
								57,
								{
									"name": "group",
									"origin": [0, 0, 0],
									"color": 0,
									"children": [58, 59, 60]
								},
								{
									"name": "group",
									"origin": [0, 0, 0],
									"color": 0,
									"children": [61, 62, 63]
								}
							]
						}
					]
				}
			]
		}
	]
}