{"textures":{"0":"modelengine:entity/monk_chi_blast"},"elements":[{"from":[11.8,11.799999,11.8],"to":[4.200001,4.2,4.200001],"faces":{"east":{"uv":[0.0,2.25,2.0,4.25],"tintindex":0,"rotation":0,"texture":"#0"},"south":{"uv":[2.25,0.0,4.25,2.0],"tintindex":0,"rotation":0,"texture":"#0"},"north":{"uv":[0.0,0.0,2.0,2.0],"tintindex":0,"rotation":0,"texture":"#0"},"west":{"uv":[2.25,2.25,4.25,4.25],"tintindex":0,"rotation":0,"texture":"#0"},"up":{"uv":[2.0,6.5,0.0,4.5],"tintindex":0,"rotation":0,"texture":"#0"},"down":{"uv":[6.5,0.0,4.5,2.0],"tintindex":0,"rotation":0,"texture":"#0"}}},{"from":[5.5,5.5,5.5],"to":[10.5,10.5,10.5],"faces":{"east":{"uv":[7.5,1.25,8.75,2.5],"tintindex":0,"rotation":0,"texture":"#0"},"south":{"uv":[7.75,2.75,9.0,4.0],"tintindex":0,"rotation":0,"texture":"#0"},"north":{"uv":[0.0,6.75,1.25,8.0],"tintindex":0,"rotation":0,"texture":"#0"},"west":{"uv":[7.75,4.25,9.0,5.5],"tintindex":0,"rotation":0,"texture":"#0"},"up":{"uv":[6.0,9.0,4.75,7.75],"tintindex":0,"rotation":0,"texture":"#0"},"down":{"uv":[9.0,5.75,7.75,7.0],"tintindex":0,"rotation":0,"texture":"#0"}}}],"display":{"gui":{"rotation":[30,225,0]}}}