{"textures":{"0":"modelengine:entity/fx_aether_strike","1":"honor:honor_texture/garagang"},"elements":[{"from":[7.595516,-0.76260567,7.1355095],"to":[8.326244,-0.33787727,7.731598],"faces":{"east":{"uv":[7.59375,2.0,7.25,2.20313],"tintindex":0,"rotation":0,"texture":"#1"},"south":{"uv":[1.0,8.75,1.25,8.95313],"tintindex":0,"rotation":0,"texture":"#1"},"north":{"uv":[8.75,0.75,9.0,0.95313],"tintindex":0,"rotation":0,"texture":"#1"},"west":{"uv":[7.25,2.0,7.59375,2.20313],"tintindex":0,"rotation":0,"texture":"#1"},"up":{"uv":[5.0,8.59375,4.75,8.25],"tintindex":0,"rotation":0,"texture":"#1"},"down":{"uv":[5.25,8.25,5.0,8.59375],"tintindex":0,"rotation":0,"texture":"#1"}},"rotation":{"origin":[7.9608803,-0.7730808,6.8471713],"angle":-45.0,"axis":"x"}},{"from":[7.59368,-1.2904873,7.045452],"to":[8.32808,-0.64968777,7.645212],"faces":{"east":{"uv":[7.59375,2.0,7.25,2.20313],"tintindex":0,"rotation":0,"texture":"#1"},"south":{"uv":[1.0,8.75,1.25,8.95313],"tintindex":0,"rotation":0,"texture":"#1"},"north":{"uv":[8.75,0.75,9.0,0.95313],"tintindex":0,"rotation":0,"texture":"#1"},"west":{"uv":[7.25,2.0,7.59375,2.20313],"tintindex":0,"rotation":0,"texture":"#1"},"up":{"uv":[5.0,8.59375,4.75,8.25],"tintindex":0,"rotation":0,"texture":"#1"},"down":{"uv":[5.25,8.25,5.0,8.59375],"tintindex":0,"rotation":0,"texture":"#1"}},"rotation":{"origin":[7.9608803,-0.7730808,6.8471713],"angle":22.5,"axis":"x"}},{"from":[7.51016,9.671529,8.01801],"to":[8.35976,10.048089,8.38161],"faces":{"east":{"uv":[3.0,8.5,3.296875,8.640625],"tintindex":0,"rotation":0,"texture":"#0"},"south":{"uv":[7.75,8.0,8.046875,8.234375],"tintindex":0,"rotation":0,"texture":"#0"},"north":{"uv":[3.0,8.5,3.296875,8.640625],"tintindex":0,"rotation":0,"texture":"#0"},"west":{"uv":[3.0,8.5,3.296875,8.640625],"tintindex":0,"rotation":0,"texture":"#0"},"up":{"uv":[7.796875,6.84375,7.5,6.5],"tintindex":0,"rotation":0,"texture":"#0"},"down":{"uv":[7.796875,7.0,7.5,7.34375],"tintindex":0,"rotation":0,"texture":"#0"}},"rotation":{"origin":[7.93496,10.55887,7.104301],"angle":22.5,"axis":"x"}},{"from":[7.868,13.00481,6.668],"to":[7.9580717,19.247211,18.0512],"faces":{"east":{"uv":[0.0,4.25,3.953125,6.421875],"tintindex":0,"rotation":0,"texture":"#0"},"south":{"uv":[6.25,8.5,6.265625,10.671875],"tintindex":0,"rotation":0,"texture":"#0"},"north":{"uv":[6.0,8.5,6.015625,10.671875],"tintindex":0,"rotation":0,"texture":"#0"},"west":{"uv":[4.0,4.25,7.953125,6.421875],"tintindex":0,"rotation":0,"texture":"#0"},"up":{"uv":[8.265625,3.953125,8.25,0.0],"tintindex":0,"rotation":0,"texture":"#0"},"down":{"uv":[2.265625,8.25,2.25,12.203125],"tintindex":0,"rotation":0,"texture":"#0"}}},{"from":[7.5692,14.799965,7.6227417],"to":[8.3036,15.399725,8.479542],"faces":{"east":{"uv":[2.5,8.25,2.796875,8.453125],"tintindex":0,"rotation":0,"texture":"#0"},"south":{"uv":[8.25,6.25,8.5,6.453125],"tintindex":0,"rotation":0,"texture":"#0"},"north":{"uv":[8.25,6.0,8.5,6.203125],"tintindex":0,"rotation":0,"texture":"#0"},"west":{"uv":[3.0,8.25,3.296875,8.453125],"tintindex":0,"rotation":0,"texture":"#0"},"up":{"uv":[8.25,7.296875,8.0,7.0],"tintindex":0,"rotation":0,"texture":"#0"},"down":{"uv":[7.5,8.0,7.25,8.296875],"tintindex":0,"rotation":0,"texture":"#0"}}},{"from":[7.508,14.383804,7.5475016],"to":[8.3647995,15.127565,8.663141],"faces":{"east":{"uv":[8.0,6.5,8.296875,6.765625],"tintindex":0,"rotation":0,"texture":"#0"},"south":{"uv":[8.0,6.5,8.296875,6.765625],"tintindex":0,"rotation":0,"texture":"#0"},"north":{"uv":[8.0,6.5,8.296875,6.765625],"tintindex":0,"rotation":0,"texture":"#0"},"west":{"uv":[8.0,6.5,8.296875,6.765625],"tintindex":0,"rotation":0,"texture":"#0"},"up":{"uv":[7.796875,3.390625,7.5,3.0],"tintindex":0,"rotation":0,"texture":"#0"},"down":{"uv":[7.796875,3.5,7.5,3.890625],"tintindex":0,"rotation":0,"texture":"#0"}},"rotation":{"origin":[7.9364,14.683685,8.141321],"angle":-22.5,"axis":"x"}},{"from":[7.91984,0.2153635,10.653942],"to":[7.9184,4.7934046,12.777942],"faces":{"east":{"uv":[6.23438,6.5,5.5,8.09375],"tintindex":0,"rotation":0,"texture":"#1"},"west":{"uv":[5.5,6.5,6.23438,8.09375],"tintindex":0,"rotation":0,"texture":"#1"}},"rotation":{"origin":[7.5764,13.235636,7.6938415],"angle":22.5,"axis":"x"}},{"from":[7.91912,-4.506178,5.625035],"to":[7.91912,0.073302746,9.190475],"faces":{"east":{"uv":[4.73438,6.5,3.5,8.09375],"tintindex":0,"rotation":0,"texture":"#1"},"west":{"uv":[3.5,6.5,4.73438,8.09375],"tintindex":0,"rotation":0,"texture":"#1"}}},{"from":[7.868,16.42481,5.7032003],"to":[7.9760723,21.32081,10.5992],"faces":{"east":{"uv":[4.5,2.25,6.203125,3.953125],"tintindex":0,"rotation":0,"texture":"#0"},"south":{"uv":[8.25,4.25,8.28125,5.953125],"tintindex":0,"rotation":0,"texture":"#0"},"north":{"uv":[8.25,4.25,8.28125,5.953125],"tintindex":0,"rotation":0,"texture":"#0"},"west":{"uv":[4.5,2.25,6.203125,3.953125],"tintindex":0,"rotation":0,"texture":"#0"},"up":{"uv":[4.53125,9.953125,4.5,8.25],"tintindex":0,"rotation":0,"texture":"#0"},"down":{"uv":[4.78125,8.25,4.75,9.953125],"tintindex":0,"rotation":0,"texture":"#0"}}},{"from":[7.51016,9.671529,8.10439],"to":[8.35976,10.048089,8.46799],"faces":{"east":{"uv":[8.75,0.25,8.875,0.390625],"tintindex":0,"rotation":0,"texture":"#0"},"south":{"uv":[8.75,0.25,8.875,0.390625],"tintindex":0,"rotation":0,"texture":"#0"},"north":{"uv":[8.5,3.75,8.796875,3.875],"tintindex":0,"rotation":0,"texture":"#0"},"west":{"uv":[8.75,0.25,8.875,0.390625],"tintindex":0,"rotation":0,"texture":"#0"},"up":{"uv":[8.796875,3.140625,8.5,3.0],"tintindex":0,"rotation":0,"texture":"#0"},"down":{"uv":[8.796875,3.25,8.5,3.390625],"tintindex":0,"rotation":0,"texture":"#0"}},"rotation":{"origin":[7.93496,10.55887,9.381699],"angle":-22.5,"axis":"x"}},{"from":[7.5094404,8.671154,8.618044],"to":[8.36048,9.013153,9.001084],"faces":{"east":{"uv":[0.25,8.75,0.390625,8.875],"tintindex":0,"rotation":0,"texture":"#0"},"south":{"uv":[0.25,8.75,0.390625,8.875],"tintindex":0,"rotation":0,"texture":"#0"},"north":{"uv":[8.5,3.75,8.796875,3.875],"tintindex":0,"rotation":0,"texture":"#0"},"west":{"uv":[0.25,8.75,0.390625,8.875],"tintindex":0,"rotation":0,"texture":"#0"},"up":{"uv":[8.796875,3.140625,8.5,3.0],"tintindex":0,"rotation":0,"texture":"#0"},"down":{"uv":[8.796875,3.25,8.5,3.390625],"tintindex":0,"rotation":0,"texture":"#0"}},"rotation":{"origin":[7.93496,9.505217,9.896073],"angle":22.5,"axis":"x"}},{"from":[7.5710363,14.901585,7.568605],"to":[8.301764,15.497673,7.993333],"faces":{"east":{"uv":[6.75,8.5,6.890625,8.703125],"tintindex":0,"rotation":0,"texture":"#0"},"south":{"uv":[8.25,7.25,8.5,7.453125],"tintindex":0,"rotation":0,"texture":"#0"},"north":{"uv":[8.25,7.0,8.5,7.203125],"tintindex":0,"rotation":0,"texture":"#0"},"west":{"uv":[7.0,8.5,7.140625,8.703125],"tintindex":0,"rotation":0,"texture":"#0"},"up":{"uv":[4.25,8.640625,4.0,8.5],"tintindex":0,"rotation":0,"texture":"#0"},"down":{"uv":[8.75,4.0,8.5,4.140625],"tintindex":0,"rotation":0,"texture":"#0"}},"rotation":{"origin":[7.9364,15.786013,7.558129],"angle":22.5,"axis":"x"}},{"from":[7.5094404,8.671154,7.4849157],"to":[8.36048,9.013153,7.867955],"faces":{"east":{"uv":[8.5,3.5,8.796875,3.625],"tintindex":0,"rotation":0,"texture":"#0"},"south":{"uv":[7.75,8.0,8.046875,8.234375],"tintindex":0,"rotation":0,"texture":"#0"},"north":{"uv":[8.5,3.5,8.796875,3.625],"tintindex":0,"rotation":0,"texture":"#0"},"west":{"uv":[8.5,3.5,8.796875,3.625],"tintindex":0,"rotation":0,"texture":"#0"},"up":{"uv":[7.796875,6.84375,7.5,6.5],"tintindex":0,"rotation":0,"texture":"#0"},"down":{"uv":[7.796875,7.0,7.5,7.34375],"tintindex":0,"rotation":0,"texture":"#0"}},"rotation":{"origin":[7.93496,9.505217,6.5899267],"angle":-22.5,"axis":"x"}},{"from":[7.508,9.075258,7.7351913],"to":[8.3647995,9.747019,8.7359915],"faces":{"east":{"uv":[8.0,6.5,8.296875,6.765625],"tintindex":0,"rotation":0,"texture":"#0"},"south":{"uv":[7.75,8.0,8.046875,8.234375],"tintindex":0,"rotation":0,"texture":"#0"},"north":{"uv":[7.75,8.0,8.046875,8.234375],"tintindex":0,"rotation":0,"texture":"#0"},"west":{"uv":[8.0,6.5,8.296875,6.765625],"tintindex":0,"rotation":0,"texture":"#0"},"up":{"uv":[7.796875,6.84375,7.5,6.5],"tintindex":0,"rotation":0,"texture":"#0"},"down":{"uv":[7.796875,7.0,7.5,7.34375],"tintindex":0,"rotation":0,"texture":"#0"}}},{"from":[7.508,3.7472591,7.8071914],"to":[8.3647995,4.4190187,8.951991],"faces":{"east":{"uv":[8.0,6.5,8.296875,6.765625],"tintindex":0,"rotation":0,"texture":"#0"},"south":{"uv":[8.0,6.5,8.296875,6.765625],"tintindex":0,"rotation":0,"texture":"#0"},"north":{"uv":[8.0,6.5,8.296875,6.765625],"tintindex":0,"rotation":0,"texture":"#0"},"west":{"uv":[8.0,6.5,8.296875,6.765625],"tintindex":0,"rotation":0,"texture":"#0"},"up":{"uv":[7.796875,6.84375,7.5,6.5],"tintindex":0,"rotation":0,"texture":"#0"},"down":{"uv":[7.796875,7.0,7.5,7.34375],"tintindex":0,"rotation":0,"texture":"#0"}},"rotation":{"origin":[7.9364,4.638201,7.8510823],"angle":22.5,"axis":"x"}},{"from":[7.570424,15.440096,6.7438593],"to":[8.302376,15.866047,7.3411713],"faces":{"east":{"uv":[7.25,8.5,7.453125,8.640625],"tintindex":0,"rotation":0,"texture":"#0"},"south":{"uv":[8.5,4.25,8.75,4.390625],"tintindex":0,"rotation":0,"texture":"#0"},"north":{"uv":[4.25,8.5,4.5,8.640625],"tintindex":0,"rotation":0,"texture":"#0"},"west":{"uv":[7.5,8.5,7.703125,8.640625],"tintindex":0,"rotation":0,"texture":"#0"},"up":{"uv":[8.5,7.703125,8.25,7.5],"tintindex":0,"rotation":0,"texture":"#0"},"down":{"uv":[8.0,8.25,7.75,8.453125],"tintindex":0,"rotation":0,"texture":"#0"}},"rotation":{"origin":[7.9364,15.786013,7.558129],"angle":-45.0,"axis":"x"}},{"from":[7.569812,15.549622,6.774229],"to":[8.302988,15.976797,7.3727646],"faces":{"east":{"uv":[7.75,8.5,7.953125,8.640625],"tintindex":0,"rotation":0,"texture":"#0"},"south":{"uv":[8.5,4.75,8.75,4.890625],"tintindex":0,"rotation":0,"texture":"#0"},"north":{"uv":[8.5,4.5,8.75,4.640625],"tintindex":0,"rotation":0,"texture":"#0"},"west":{"uv":[8.0,8.5,8.203125,8.640625],"tintindex":0,"rotation":0,"texture":"#0"},"up":{"uv":[8.5,7.953125,8.25,7.75],"tintindex":0,"rotation":0,"texture":"#0"},"down":{"uv":[8.25,8.25,8.0,8.453125],"tintindex":0,"rotation":0,"texture":"#0"}},"rotation":{"origin":[7.9364,15.786013,7.558129],"angle":-22.5,"axis":"x"}},{"from":[7.5692,15.656765,6.7659416],"to":[8.3036,16.513565,7.3657017],"faces":{"east":{"uv":[3.5,8.25,3.703125,8.546875],"tintindex":0,"rotation":0,"texture":"#0"},"south":{"uv":[8.0,7.5,8.25,7.796875],"tintindex":0,"rotation":0,"texture":"#0"},"north":{"uv":[7.5,8.0,7.75,8.296875],"tintindex":0,"rotation":0,"texture":"#0"},"west":{"uv":[3.75,8.25,3.953125,8.546875],"tintindex":0,"rotation":0,"texture":"#0"},"up":{"uv":[8.5,8.203125,8.25,8.0],"tintindex":0,"rotation":0,"texture":"#0"},"down":{"uv":[8.5,8.25,8.25,8.453125],"tintindex":0,"rotation":0,"texture":"#0"}}},{"from":[7.5692,15.399725,7.3657017],"to":[8.3036,16.513565,8.479542],"faces":{"east":{"uv":[7.5,1.0,7.890625,1.390625],"tintindex":0,"rotation":0,"texture":"#0"},"south":{"uv":[7.75,0.5,8.0,0.890625],"tintindex":0,"rotation":0,"texture":"#0"},"north":{"uv":[7.75,0.0,8.0,0.390625],"tintindex":0,"rotation":0,"texture":"#0"},"west":{"uv":[7.5,1.5,7.890625,1.890625],"tintindex":0,"rotation":0,"texture":"#0"},"up":{"uv":[8.0,7.890625,7.75,7.5],"tintindex":0,"rotation":0,"texture":"#0"},"down":{"uv":[8.25,0.0,8.0,0.390625],"tintindex":0,"rotation":0,"texture":"#0"}}},{"from":[7.5692,17.199005,6.7659416],"to":[8.3036,17.755924,9.507702],"faces":{"east":{"uv":[4.5,4.0,5.453125,4.1875],"tintindex":0,"rotation":0,"texture":"#0"},"south":{"uv":[8.5,2.5,8.75,2.6875],"tintindex":0,"rotation":0,"texture":"#0"},"north":{"uv":[2.5,8.5,2.75,8.6875],"tintindex":0,"rotation":0,"texture":"#0"},"west":{"uv":[5.5,4.0,6.453125,4.1875],"tintindex":0,"rotation":0,"texture":"#0"},"up":{"uv":[7.5,7.453125,7.25,6.5],"tintindex":0,"rotation":0,"texture":"#0"},"down":{"uv":[7.75,0.0,7.5,0.953125],"tintindex":0,"rotation":0,"texture":"#0"}}},{"from":[7.9580717,13.823811,2.3695998],"to":[8.012072,19.73681,8.7056],"faces":{"east":{"uv":[4.5,0.0,6.703125,2.046875],"tintindex":0,"rotation":0,"texture":"#0"},"south":{"uv":[6.5,8.5,6.515625,10.546875],"tintindex":0,"rotation":0,"texture":"#0"},"north":{"uv":[6.5,8.5,6.515625,10.546875],"tintindex":0,"rotation":0,"texture":"#0"},"west":{"uv":[0.0,6.5,2.203125,8.546875],"tintindex":0,"rotation":0,"texture":"#0"},"up":{"uv":[5.765625,10.703125,5.75,8.5],"tintindex":0,"rotation":0,"texture":"#0"},"down":{"uv":[8.515625,5.75,8.5,7.953125],"tintindex":0,"rotation":0,"texture":"#0"}}},{"from":[7.5942917,-0.9638672,7.0325356],"to":[8.327468,-0.5366907,7.631071],"faces":{"east":{"uv":[7.59375,2.0,7.25,2.20313],"tintindex":0,"rotation":0,"texture":"#1"},"south":{"uv":[1.0,8.75,1.25,8.95313],"tintindex":0,"rotation":0,"texture":"#1"},"north":{"uv":[8.75,0.75,9.0,0.95313],"tintindex":0,"rotation":0,"texture":"#1"},"west":{"uv":[7.25,2.0,7.59375,2.20313],"tintindex":0,"rotation":0,"texture":"#1"},"up":{"uv":[5.0,8.59375,4.75,8.25],"tintindex":0,"rotation":0,"texture":"#1"},"down":{"uv":[5.25,8.25,5.0,8.59375],"tintindex":0,"rotation":0,"texture":"#1"}}},{"from":[7.5692,15.528244,8.479542],"to":[8.3036,16.513565,9.593382],"faces":{"east":{"uv":[7.5,2.0,7.890625,2.34375],"tintindex":0,"rotation":0,"texture":"#0"},"south":{"uv":[8.0,2.0,8.25,2.34375],"tintindex":0,"rotation":0,"texture":"#0"},"north":{"uv":[8.0,1.5,8.25,1.84375],"tintindex":0,"rotation":0,"texture":"#0"},"west":{"uv":[7.5,2.5,7.890625,2.84375],"tintindex":0,"rotation":0,"texture":"#0"},"up":{"uv":[7.5,7.890625,7.25,7.5],"tintindex":0,"rotation":0,"texture":"#0"},"down":{"uv":[7.75,7.5,7.5,7.890625],"tintindex":0,"rotation":0,"texture":"#0"}}},{"from":[7.5692,16.513565,7.5507417],"to":[8.3036,17.199005,8.565222],"faces":{"east":{"uv":[6.5,4.0,6.859375,4.234375],"tintindex":0,"rotation":0,"texture":"#0"},"south":{"uv":[4.0,8.25,4.25,8.484375],"tintindex":0,"rotation":0,"texture":"#0"},"north":{"uv":[7.25,2.0,7.5,2.234375],"tintindex":0,"rotation":0,"texture":"#0"},"west":{"uv":[6.75,2.0,7.109375,2.234375],"tintindex":0,"rotation":0,"texture":"#0"},"up":{"uv":[8.25,0.859375,8.0,0.5],"tintindex":0,"rotation":0,"texture":"#0"},"down":{"uv":[8.25,1.0,8.0,1.359375],"tintindex":0,"rotation":0,"texture":"#0"}}},{"from":[7.59368,9.294125,7.7372217],"to":[8.2791195,14.726524,8.710661],"faces":{"east":{"uv":[5.0,6.5,5.34375,8.390625],"tintindex":0,"rotation":0,"texture":"#0"},"south":{"uv":[7.0,0.0,7.234375,1.890625],"tintindex":0,"rotation":0,"texture":"#0"},"north":{"uv":[6.75,0.0,6.984375,1.890625],"tintindex":0,"rotation":0,"texture":"#0"},"west":{"uv":[5.5,6.5,5.84375,8.390625],"tintindex":0,"rotation":0,"texture":"#0"},"up":{"uv":[8.234375,3.84375,8.0,3.5],"tintindex":0,"rotation":0,"texture":"#0"},"down":{"uv":[8.234375,4.0,8.0,4.34375],"tintindex":0,"rotation":0,"texture":"#0"}}},{"from":[7.59368,3.8146439,7.7372217],"to":[8.2791195,9.114124,8.710661],"faces":{"east":{"uv":[6.75,6.5,7.09375,8.34375],"tintindex":0,"rotation":0,"texture":"#1"},"south":{"uv":[8.0,2.0,8.23438,3.84375],"tintindex":0,"rotation":0,"texture":"#1"},"north":{"uv":[8.0,0.0,8.23438,1.84375],"tintindex":0,"rotation":0,"texture":"#1"},"west":{"uv":[7.25,0.0,7.59375,1.84375],"tintindex":0,"rotation":0,"texture":"#1"},"up":{"uv":[5.73438,8.59375,5.5,8.25],"tintindex":0,"rotation":0,"texture":"#1"},"down":{"uv":[8.48438,5.5,8.25,5.84375],"tintindex":0,"rotation":0,"texture":"#1"}}},{"from":[7.59368,0.93464375,11.211222],"to":[8.2791195,4.7941246,12.184662],"faces":{"east":{"uv":[7.25,6.5,7.59375,7.84375],"tintindex":0,"rotation":0,"texture":"#1"},"south":{"uv":[8.0,5.5,8.23438,6.84375],"tintindex":0,"rotation":0,"texture":"#1"},"north":{"uv":[8.0,4.0,8.23438,5.34375],"tintindex":0,"rotation":0,"texture":"#1"},"west":{"uv":[7.25,6.5,7.59375,7.84375],"tintindex":0,"rotation":0,"texture":"#1"},"up":{"uv":[5.98438,8.59375,5.75,8.25],"tintindex":0,"rotation":0,"texture":"#1"},"down":{"uv":[6.23438,8.25,6.0,8.59375],"tintindex":0,"rotation":0,"texture":"#1"}},"rotation":{"origin":[7.9364,13.235636,7.747842],"angle":22.5,"axis":"x"}},{"from":[7.59368,-0.3867941,5.7817583],"to":[8.32808,0.21296597,6.7825584],"faces":{"east":{"uv":[7.59375,2.0,7.25,2.20313],"tintindex":0,"rotation":0,"texture":"#1"},"south":{"uv":[1.0,8.75,1.25,8.95313],"tintindex":0,"rotation":0,"texture":"#1"},"north":{"uv":[8.75,0.75,9.0,0.95313],"tintindex":0,"rotation":0,"texture":"#1"},"west":{"uv":[7.25,2.0,7.59375,2.20313],"tintindex":0,"rotation":0,"texture":"#1"},"up":{"uv":[5.0,8.59375,4.75,8.25],"tintindex":0,"rotation":0,"texture":"#1"},"down":{"uv":[5.25,8.25,5.0,8.59375],"tintindex":0,"rotation":0,"texture":"#1"}},"rotation":{"origin":[7.9608803,-0.7730808,6.8471713],"angle":22.5,"axis":"x"}},{"from":[7.594904,-0.853117,7.064129],"to":[8.326857,-0.42716408,7.661441],"faces":{"east":{"uv":[7.59375,2.0,7.25,2.20313],"tintindex":0,"rotation":0,"texture":"#1"},"south":{"uv":[1.0,8.75,1.25,8.95313],"tintindex":0,"rotation":0,"texture":"#1"},"north":{"uv":[8.75,0.75,9.0,0.95313],"tintindex":0,"rotation":0,"texture":"#1"},"west":{"uv":[7.25,2.0,7.59375,2.20313],"tintindex":0,"rotation":0,"texture":"#1"},"up":{"uv":[5.0,8.59375,4.75,8.25],"tintindex":0,"rotation":0,"texture":"#1"},"down":{"uv":[5.25,8.25,5.0,8.59375],"tintindex":0,"rotation":0,"texture":"#1"}},"rotation":{"origin":[7.9608803,-0.7730808,6.8471713],"angle":-22.5,"axis":"x"}},{"from":[7.94,3.2112265,5.28056],"to":[7.940072,15.112106,11.38328],"faces":{"east":{"uv":[0.0,0.0,2.125,4.125],"tintindex":0,"rotation":0,"texture":"#0"},"west":{"uv":[2.25,0.0,4.375,4.125],"tintindex":0,"rotation":0,"texture":"#0"}}}],"display":{"gui":{"rotation":[30,225,0]}}}