{
	"credit": "Made with Blockbench",
	"texture_size": [64, 64],
	"textures": {
		"1": "./main",
		"particle": "./main"
	},
	"elements": [
		{
			"from": [9, 3, 7],
			"to": [17, 21, 7],
			"rotation": {"angle": 0, "axis": "y", "origin": [7, 0, 7]},
			"faces": {
				"north": {"uv": [0, 0, 2.5, 5.0625], "texture": "#1"},
				"east": {"uv": [0, 0, 0, 4.5], "texture": "#1"},
				"south": {"uv": [2.5, 0, 0, 5.0625], "texture": "#1"},
				"west": {"uv": [0, 0, 0, 4.5], "texture": "#1"},
				"up": {"uv": [4.25, 0, 0, 0], "texture": "#1"},
				"down": {"uv": [4.25, 0, 0, 0], "texture": "#1"}
			}
		},
		{
			"from": [1, 3, 7],
			"to": [9, 21, 7],
			"rotation": {"angle": 0, "axis": "y", "origin": [11, 0, 7]},
			"faces": {
				"north": {"uv": [2.5, 0, 0, 5.0625], "texture": "#1"},
				"east": {"uv": [0, 0, 0, 4.5], "texture": "#1"},
				"south": {"uv": [0, 0, 2.5, 5.0625], "texture": "#1"},
				"west": {"uv": [0, 0, 0, 4.5], "texture": "#1"},
				"up": {"uv": [0, 0, 4.25, 0], "texture": "#1"},
				"down": {"uv": [0, 0, 4.25, 0], "texture": "#1"}
			}
		},
		{
			"from": [9, 21, 7],
			"to": [17, 30, 12],
			"rotation": {"angle": 0, "axis": "y", "origin": [7, 0, 7]},
			"faces": {
				"north": {"uv": [0, 13.1875, 2.5625, 16], "texture": "#1"},
				"east": {"uv": [0, 0, 0, 4.5], "texture": "#1"},
				"south": {"uv": [9.125, 0, 8.5, 4.5], "texture": "#1"},
				"west": {"uv": [0, 0, 0, 4.5], "texture": "#1"},
				"up": {"uv": [2.0625, 13.5, 0, 15.375], "texture": "#1"},
				"down": {"uv": [0.0625, 0, 0, 0], "texture": "#1"}
			}
		},
		{
			"from": [1, 21, 7],
			"to": [9, 30, 12],
			"rotation": {"angle": 0, "axis": "y", "origin": [11, 0, 7]},
			"faces": {
				"north": {"uv": [2.5625, 13.1875, 0, 16], "texture": "#1"},
				"east": {"uv": [0, 0, 0, 4.5], "texture": "#1"},
				"south": {"uv": [8.5, 0, 8.8125, 4.5], "texture": "#1"},
				"west": {"uv": [0, 0, 0, 4.5], "texture": "#1"},
				"up": {"uv": [0, 13.5, 2.0625, 15.375], "texture": "#1"},
				"down": {"uv": [0, 0.25, 0, 0], "texture": "#1"}
			}
		}
	],
	"display": {
		"thirdperson_righthand": {
			"rotation": [68, 0, 0],
			"translation": [0, -3, -4.75],
			"scale": [0.36, 0.36, 0.41]
		},
		"thirdperson_lefthand": {
			"rotation": [68, 0, 0],
			"translation": [0, -3, -4.75],
			"scale": [0.36, 0.36, 0.41]
		},
		"firstperson_righthand": {
			"translation": [0, 0, 2.5],
			"scale": [0.51, 0.54, 0.56]
		},
		"firstperson_lefthand": {
			"translation": [0, 0, 2.5],
			"scale": [0.51, 0.54, 0.56]
		},
		"gui": {
			"rotation": [-154.82, 47.29, 179.22],
			"translation": [0.5, -5.25, 0],
			"scale": [0.5, 0.5, 0.5]
		},
		"head": {
			"translation": [0, -16, -2.75],
			"scale": [0.4707, 0.40039, 1]
		}
	}
}