{
	"credit": "Made by samus2002",
	"textures": {
		"0": "archer:archer_texture/backstep2",
		"particle": "archer:archer_texture/backstep2"
	},
	"elements": [
		{
			"from": [-12, 8, -12],
			"to": [28, 8, 28],
			"rotation": {"angle": 0, "axis": "y", "origin": [8, 8, 8]},
			"faces": {
				"north": {"uv": [0, 0, 16, 0], "texture": "#0"},
				"east": {"uv": [0, 0, 16, 0], "texture": "#0"},
				"south": {"uv": [0, 0, 16, 0], "texture": "#0"},
				"west": {"uv": [0, 0, 16, 0], "texture": "#0"},
				"up": {"uv": [0, 0, 16, 16], "texture": "#0"},
				"down": {"uv": [0, 0, 16, 16], "texture": "#0"}
			}
		}
	],
	"display": {
		"head": {
			"translation": [0, -43.25, 0],
			"scale": [4, 4, 4]
		}
	}
}