{
	"credit": "Made by samus2002",
	"texture_size": [128, 128],
	"textures": {
		"1": "archer:archer_texture/bluetexture",
		"particle": "archer:archer_texture/bluetexture"
	},
	"elements": [
		{
			"from": [-7, 0, -7],
			"to": [24, 0, 25],
			"faces": {
				"north": {"uv": [0, 0, 16, 0], "texture": "#1"},
				"east": {"uv": [0, 0, 16, 0], "texture": "#1"},
				"south": {"uv": [0, 0, 16, 0], "texture": "#1"},
				"west": {"uv": [0, 0, 16, 0], "texture": "#1"},
				"up": {"uv": [0, 0, 6.25, 6], "texture": "#1"},
				"down": {"uv": [0, 0, 6.25, 6], "texture": "#1"}
			}
		}
	],
	"display": {
		"head": {
			"translation": [0, -3.25, -6.75],
			"scale": [4, 4, 4]
		}
	}
}