{
	"credit": "Made by samus2002",
	"texture_size": [64, 64],
	"textures": {
		"0": "archer:archer_texture/hunters_focus_2",
		"particle": "archer:archer_texture/hunters_focus_2"
	},
	"elements": [
		{
			"from": [-6, -6, 8],
			"to": [22, 22, 8],
			"rotation": {"angle": 0, "axis": "y", "origin": [8, 8, 8]},
			"faces": {
				"north": {"uv": [0, 0, 7, 7], "texture": "#0"},
				"east": {"uv": [8.5, 1.5, 11.25, 8.25], "texture": "#0"},
				"south": {"uv": [7, 0, 0, 7], "texture": "#0"},
				"west": {"uv": [8.5, 1.5, 11.25, 8.25], "texture": "#0"},
				"up": {"uv": [8.5, 1.5, 11.25, 8.25], "texture": "#0"},
				"down": {"uv": [8.5, 1.5, 11.25, 8.25], "texture": "#0"}
			}
		}
	],
	"display": {
		"head": {
			"translation": [-1, 13.5, -0.25],
			"scale": [2, 2, 2]
		}
	}
}