{
	"credit": "Made by samus2002",
	"texture_size": [64, 64],
	"textures": {
		"0": "archer:archer_texture/javelin",
		"particle": "archer:archer_texture/javelin"
	},
	"elements": [
		{
			"from": [7.5, 7.5, -4.5],
			"to": [8.5, 8.5, 18.5],
			"rotation": {"angle": 0, "axis": "y", "origin": [8, 8, 8]},
			"faces": {
				"north": {"uv": [3, 3.5, 3.25, 3.75], "texture": "#0"},
				"east": {"uv": [2.5, 0, 8.25, 0.25], "texture": "#0"},
				"south": {"uv": [3.5, 3.5, 3.75, 3.75], "texture": "#0"},
				"west": {"uv": [2.5, 0.5, 8.25, 0.75], "texture": "#0"},
				"up": {"uv": [2.75, 6.75, 2.5, 1], "texture": "#0"},
				"down": {"uv": [0.25, 3, 0, 8.75], "texture": "#0"}
			}
		},
		{
			"from": [8, 8.5, 12.5],
			"to": [8, 10.5, 20.5],
			"rotation": {"angle": 0, "axis": "y", "origin": [7.5, 8, 8]},
			"faces": {
				"north": {"uv": [2.25, 3, 2.25, 3.5], "texture": "#0"},
				"east": {"uv": [3, 2, 5, 2.5], "texture": "#0"},
				"south": {"uv": [2.25, 3.75, 2.25, 4.25], "texture": "#0"},
				"west": {"uv": [3, 2.75, 5, 3.25], "texture": "#0"},
				"up": {"uv": [0.5, 6, 0.5, 4], "texture": "#0"},
				"down": {"uv": [0.75, 4, 0.75, 6], "texture": "#0"}
			}
		},
		{
			"from": [8, 5.5, -9.5],
			"to": [8, 10.5, -0.5],
			"rotation": {"angle": 0, "axis": "y", "origin": [7.5, 8, 8]},
			"faces": {
				"north": {"uv": [1, 4, 1, 5.25], "texture": "#0"},
				"east": {"uv": [0, 0, 2.25, 1.25], "texture": "#0"},
				"south": {"uv": [1.25, 4, 1.25, 5.25], "texture": "#0"},
				"west": {"uv": [0, 1.5, 2.25, 2.75], "texture": "#0"},
				"up": {"uv": [1.5, 6.25, 1.5, 4], "texture": "#0"},
				"down": {"uv": [1.75, 4, 1.75, 6.25], "texture": "#0"}
			}
		},
		{
			"from": [5.75, 8.25, -9.5],
			"to": [10.75, 8.25, -0.5],
			"rotation": {"angle": 0, "axis": "y", "origin": [8, 8, -5]},
			"faces": {
				"north": {"uv": [1, 4, 1, 5.25], "rotation": 90, "texture": "#0"},
				"east": {"uv": [1.75, 4, 1.75, 6.25], "rotation": 270, "texture": "#0"},
				"south": {"uv": [1.25, 4, 1.25, 5.25], "rotation": 270, "texture": "#0"},
				"west": {"uv": [1.5, 6.25, 1.5, 4], "rotation": 270, "texture": "#0"},
				"up": {"uv": [0, 0, 2.25, 1.25], "rotation": 270, "texture": "#0"},
				"down": {"uv": [0, 1.5, 2.25, 2.75], "rotation": 270, "texture": "#0"}
			}
		},
		{
			"from": [8, 4.5, 1.5],
			"to": [8, 7.5, 7.5],
			"rotation": {"angle": 0, "axis": "y", "origin": [7.5, 8, 8]},
			"faces": {
				"north": {"uv": [2, 4, 2, 4.75], "texture": "#0"},
				"east": {"uv": [0.5, 3, 2, 3.75], "texture": "#0"},
				"south": {"uv": [3, 4, 3, 4.75], "texture": "#0"},
				"west": {"uv": [3, 1, 4.5, 1.75], "texture": "#0"},
				"up": {"uv": [3.25, 5.5, 3.25, 4], "texture": "#0"},
				"down": {"uv": [3.5, 4, 3.5, 5.5], "texture": "#0"}
			}
		}
	],
	"display": {
		"head": {
			"translation": [0, -19.25, 53.25],
			"scale": [4, 4, 4]
		}
	}
}