{
	"credit": "Made by samus2002",
	"texture_size": [128, 128],
	"textures": {
		"0": "archer:archer_texture/dragon_arrow",
		"particle": "archer:archer_texture/dragon_arrow"
	},
	"elements": [
		{
			"from": [7.725, 2.575, -15],
			"to": [7.725, 14.575, 31],
			"rotation": {"angle": -45, "axis": "z", "origin": [7.75, 7.75, 8]},
			"faces": {
				"north": {"uv": [0, 3.25, 0, 4.75], "texture": "#0"},
				"east": {"uv": [5.625, 6.625, 0, 5.25], "texture": "#0"},
				"south": {"uv": [0.125, 3.25, 0.125, 4.75], "texture": "#0"},
				"west": {"uv": [0, 6.625, 5.625, 5.25], "texture": "#0"},
				"up": {"uv": [0.25, 9, 0.25, 3.25], "texture": "#0"},
				"down": {"uv": [0.375, 3.25, 0.375, 9], "texture": "#0"}
			}
		},
		{
			"from": [1.225, 8.075, -15],
			"to": [13.225, 8.075, 31],
			"rotation": {"angle": -45, "axis": "z", "origin": [7.75, 7.75, 8]},
			"faces": {
				"north": {"uv": [0, 3.25, 0, 4.75], "rotation": 90, "texture": "#0"},
				"east": {"uv": [0.375, 3.25, 0.375, 9], "rotation": 270, "texture": "#0"},
				"south": {"uv": [0.125, 3.25, 0.125, 4.75], "rotation": 270, "texture": "#0"},
				"west": {"uv": [0.25, 9, 0.25, 3.25], "rotation": 270, "texture": "#0"},
				"up": {"uv": [5.625, 5.25, 0, 6.625], "rotation": 270, "texture": "#0"},
				"down": {"uv": [0, 5.25, 5.625, 6.625], "rotation": 270, "texture": "#0"}
			}
		}
	],
	"display": {
		"head": {
			"rotation": [0, 180, 0],
			"translation": [0, -18.25, 15.5],
			"scale": [1.3, 1.3, 1.3]
		}
	}
}