{
	"credit": "Made with Blockbench",
	"texture_size": [8, 8],
	"textures": {
		"1": "texture",
		"2": "./eyes",
		"particle": "./eyes"
	},
	"elements": [
		{
			"from": [5.4, 0, 0],
			"to": [7.4, 4, 1],
			"faces": {
				"north": {"uv": [0, 0, 4, 8], "texture": "#2"},
				"east": {"uv": [0, 8, 2, 16], "texture": "#2"},
				"south": {"uv": [4, 0, 8, 8], "texture": "#2"},
				"west": {"uv": [8, 0, 10, 8], "texture": "#2"},
				"up": {"uv": [6, 10, 2, 8], "texture": "#2"},
				"down": {"uv": [10, 8, 6, 10], "texture": "#2"}
			}
		},
		{
			"from": [-0.85, 0, 0],
			"to": [1.15, 4, 1],
			"rotation": {"angle": 0, "axis": "y", "origin": [-6.25, 0, 0]},
			"faces": {
				"north": {"uv": [8, 0, 16, 12], "texture": "#1"},
				"east": {"uv": [8.5, 1.25, 9.75, 1], "texture": "#1"},
				"south": {"uv": [8, 0, 16, 11.75], "texture": "#1"},
				"west": {"uv": [12.75, 11.25, 14.75, 9.5], "texture": "#1"},
				"up": {"uv": [13.25, 1.25, 11.25, 0.75], "texture": "#1"},
				"down": {"uv": [13.25, 9.5, 11.5, 11], "texture": "#1"}
			}
		}
	],
	"display": {
		"thirdperson_righthand": {
			"translation": [3.25, 5.75, 6.25],
			"scale": [0.7, 0.7, 0.7]
		},
		"thirdperson_lefthand": {
			"translation": [-3, 5.75, 6.25],
			"scale": [0.7, 0.7, 0.7]
		},
		"firstperson_righthand": {
			"translation": [9.25, 9.25, 1]
		},
		"firstperson_lefthand": {
			"translation": [2, 9.75, 0]
		},
		"ground": {
			"translation": [5.75, 11.75, 6.75]
		},
		"gui": {
			"rotation": [177, 1, -179.91],
			"translation": [-6.75, 7.75, 0],
			"scale": [1.5, 1.5, 1.5]
		},
		"head": {
			"translation": [3.75, 1.7, 1.25],
			"scale": [0.79, 0.83, 0.97]
		},
		"fixed": {
			"translation": [4.75, 6.25, 8]
		}
	}
}