{
	"credit": "Made with Blockbench",
	"texture_size": [64, 64],
	"textures": {
		"0": "./main",
		"particle": "./main"
	},
	"elements": [
		{
			"from": [12, 27, 8],
			"to": [16, 31, 9],
			"rotation": {"angle": -45, "axis": "z", "origin": [9, 23, 7]},
			"faces": {
				"north": {"uv": [6.75, 3.5, 7.5, 4.75], "texture": "#0"},
				"east": {"uv": [4.25, 7.5, 4.5, 8.75], "texture": "#0"},
				"south": {"uv": [6.75, 4.75, 7.5, 6], "texture": "#0"},
				"west": {"uv": [7.5, 4.25, 7.75, 5.5], "texture": "#0"},
				"up": {"uv": [7.75, 7.75, 7, 7.5], "texture": "#0"},
				"down": {"uv": [8.5, 0, 7.75, 0.25], "texture": "#0"}
			}
		},
		{
			"from": [4, 23, 8],
			"to": [8, 27, 9],
			"rotation": {"angle": 45, "axis": "z", "origin": [7, 23, 7]},
			"faces": {
				"north": {"uv": [7.5, 3.5, 6.75, 4.75], "texture": "#0"},
				"east": {"uv": [7.75, 4.25, 7.5, 5.5], "texture": "#0"},
				"south": {"uv": [7.5, 4.75, 6.75, 6], "texture": "#0"},
				"west": {"uv": [4.5, 7.5, 4.25, 8.75], "texture": "#0"},
				"up": {"uv": [7, 7.75, 7.75, 7.5], "texture": "#0"},
				"down": {"uv": [7.75, 0, 8.5, 0.25], "texture": "#0"}
			}
		},
		{
			"from": [9, 24, 7],
			"to": [13, 28, 7],
			"rotation": {"angle": -45, "axis": "y", "origin": [7, 23, 7]},
			"faces": {
				"north": {"uv": [5, 6.5, 6, 7.5], "texture": "#0"},
				"east": {"uv": [0, 0, 0, 1], "texture": "#0"},
				"south": {"uv": [6.75, 0, 7.75, 1], "texture": "#0"},
				"west": {"uv": [0, 0, 0, 1], "texture": "#0"},
				"up": {"uv": [1, 0, 0, 0], "texture": "#0"},
				"down": {"uv": [1, 0, 0, 0], "texture": "#0"}
			}
		},
		{
			"from": [9, 24, 13],
			"to": [12, 25, 14],
			"rotation": {"angle": 0, "axis": "y", "origin": [7, 23, 7]},
			"faces": {
				"north": {"uv": [7.75, 0.25, 8.5, 0.5], "texture": "#0"},
				"east": {"uv": [7.75, 5.25, 8, 5.5], "texture": "#0"},
				"south": {"uv": [7.75, 0.5, 8.5, 0.75], "texture": "#0"},
				"west": {"uv": [7.5, 7.75, 7.75, 8], "texture": "#0"},
				"up": {"uv": [8.5, 1, 7.75, 0.75], "texture": "#0"},
				"down": {"uv": [8.5, 3, 7.75, 3.25], "texture": "#0"}
			}
		},
		{
			"from": [16, 21, 9],
			"to": [18, 23, 9],
			"rotation": {"angle": 0, "axis": "y", "origin": [16, 23, 0]},
			"faces": {
				"north": {"uv": [5, 7.5, 4.5, 8], "texture": "#0"},
				"east": {"uv": [0, 0, 0, 0.5], "texture": "#0"},
				"south": {"uv": [5.5, 7.5, 5, 8], "texture": "#0"},
				"west": {"uv": [0, 0, 0, 0.5], "texture": "#0"},
				"up": {"uv": [0, 0, 0.5, 0], "texture": "#0"},
				"down": {"uv": [0, 0, 0.5, 0], "texture": "#0"}
			}
		},
		{
			"from": [2, 21, 9],
			"to": [4, 23, 9],
			"rotation": {"angle": 0, "axis": "y", "origin": [0, 23, 0]},
			"faces": {
				"north": {"uv": [4.5, 7.5, 5, 8], "texture": "#0"},
				"east": {"uv": [0, 0, 0, 0.5], "texture": "#0"},
				"south": {"uv": [5, 7.5, 5.5, 8], "texture": "#0"},
				"west": {"uv": [0, 0, 0, 0.5], "texture": "#0"},
				"up": {"uv": [0.5, 0, 0, 0], "texture": "#0"},
				"down": {"uv": [0.5, 0, 0, 0], "texture": "#0"}
			}
		},
		{
			"from": [15, 19, 9],
			"to": [20, 21, 9],
			"rotation": {"angle": 0, "axis": "y", "origin": [16, 23, 0]},
			"faces": {
				"north": {"uv": [8.75, 1, 7.5, 1.5], "texture": "#0"},
				"east": {"uv": [0, 0, 0, 0.5], "texture": "#0"},
				"south": {"uv": [8.75, 1.5, 7.5, 2], "texture": "#0"},
				"west": {"uv": [0, 0, 0, 0.5], "texture": "#0"},
				"up": {"uv": [0, 0, 1.25, 0], "texture": "#0"},
				"down": {"uv": [0, 0, 1.25, 0], "texture": "#0"}
			}
		},
		{
			"from": [2, 19, 9],
			"to": [7, 21, 9],
			"rotation": {"angle": 0, "axis": "y", "origin": [0, 23, 0]},
			"faces": {
				"north": {"uv": [7.5, 1, 8.75, 1.5], "texture": "#0"},
				"east": {"uv": [0, 0, 0, 0.5], "texture": "#0"},
				"south": {"uv": [7.5, 1.5, 8.75, 2], "texture": "#0"},
				"west": {"uv": [0, 0, 0, 0.5], "texture": "#0"},
				"up": {"uv": [1.25, 0, 0, 0], "texture": "#0"},
				"down": {"uv": [1.25, 0, 0, 0], "texture": "#0"}
			}
		},
		{
			"from": [12, 17, 10],
			"to": [16, 19, 10],
			"rotation": {"angle": 22.5, "axis": "z", "origin": [16, 23, 0]},
			"faces": {
				"north": {"uv": [8.5, 2, 7.5, 2.5], "texture": "#0"},
				"east": {"uv": [0, 0, 0, 0.5], "texture": "#0"},
				"south": {"uv": [8.5, 2.5, 7.5, 3], "texture": "#0"},
				"west": {"uv": [0, 0, 0, 0.5], "texture": "#0"},
				"up": {"uv": [0, 0, 1, 0], "texture": "#0"},
				"down": {"uv": [0, 0, 1, 0], "texture": "#0"}
			}
		},
		{
			"from": [4, 19, 10],
			"to": [8, 21, 10],
			"rotation": {"angle": -22.5, "axis": "z", "origin": [0, 23, 0]},
			"faces": {
				"north": {"uv": [7.5, 2, 8.5, 2.5], "texture": "#0"},
				"east": {"uv": [0, 0, 0, 0.5], "texture": "#0"},
				"south": {"uv": [7.5, 2.5, 8.5, 3], "texture": "#0"},
				"west": {"uv": [0, 0, 0, 0.5], "texture": "#0"},
				"up": {"uv": [1, 0, 0, 0], "texture": "#0"},
				"down": {"uv": [1, 0, 0, 0], "texture": "#0"}
			}
		},
		{
			"from": [5, 16, 10],
			"to": [11, 18, 10],
			"rotation": {"angle": -22.5, "axis": "z", "origin": [0, 23, 0]},
			"faces": {
				"north": {"uv": [7, 6, 8.5, 6.5], "texture": "#0"},
				"east": {"uv": [0, 0, 0, 0.5], "texture": "#0"},
				"south": {"uv": [7, 6.5, 8.5, 7], "texture": "#0"},
				"west": {"uv": [0, 0, 0, 0.5], "texture": "#0"},
				"up": {"uv": [1.5, 0, 0, 0], "texture": "#0"},
				"down": {"uv": [1.5, 0, 0, 0], "texture": "#0"}
			}
		},
		{
			"from": [9, 14, 10],
			"to": [15, 16, 10],
			"rotation": {"angle": 22.5, "axis": "z", "origin": [16, 23, 0]},
			"faces": {
				"north": {"uv": [8.5, 6, 7, 6.5], "texture": "#0"},
				"east": {"uv": [0, 0, 0, 0.5], "texture": "#0"},
				"south": {"uv": [8.5, 6.5, 7, 7], "texture": "#0"},
				"west": {"uv": [0, 0, 0, 0.5], "texture": "#0"},
				"up": {"uv": [0, 0, 1.5, 0], "texture": "#0"},
				"down": {"uv": [0, 0, 1.5, 0], "texture": "#0"}
			}
		},
		{
			"from": [9.5, 5.5, 10.125],
			"to": [11.5, 5.5, 12.125],
			"rotation": {"angle": 45, "axis": "x", "origin": [6.5, 16.5, 15.125]},
			"faces": {
				"north": {"uv": [16, 0.5, 15.5, 0], "texture": "#0"},
				"east": {"uv": [16, 0.5, 15.5, 0], "texture": "#0"},
				"south": {"uv": [16, 0.5, 15.5, 0], "texture": "#0"},
				"west": {"uv": [16, 0.5, 15.5, 0], "texture": "#0"},
				"up": {"uv": [16, 0.5, 15.5, 0], "texture": "#0"},
				"down": {"uv": [16, 0.5, 15.5, 0], "texture": "#0"}
			}
		},
		{
			"from": [9.5, 10.27177, 5.79277],
			"to": [11.5, 10.27177, 7.79277],
			"rotation": {"angle": 22.5, "axis": "x", "origin": [6.5, 21.27177, 10.79277]},
			"faces": {
				"north": {"uv": [16, 1, 15.5, 0.5], "texture": "#0"},
				"east": {"uv": [16, 1, 15.5, 0.5], "texture": "#0"},
				"south": {"uv": [16, 1, 15.5, 0.5], "texture": "#0"},
				"west": {"uv": [16, 1, 15.5, 0.5], "texture": "#0"},
				"up": {"uv": [16, 1, 15.5, 0.5], "texture": "#0"},
				"down": {"uv": [16, 1, 15.5, 0.5], "texture": "#0"}
			}
		},
		{
			"from": [9.5, 13.02243, -2.03576],
			"to": [11.5, 13.02243, 1.96424],
			"rotation": {"angle": 0, "axis": "x", "origin": [6.5, 24.02243, 4.96424]},
			"faces": {
				"north": {"uv": [15.5, 1, 15, 0], "texture": "#0"},
				"east": {"uv": [15.5, 1, 15, 0], "texture": "#0"},
				"south": {"uv": [15.5, 1, 15, 0], "texture": "#0"},
				"west": {"uv": [15.5, 1, 15, 0], "texture": "#0"},
				"up": {"uv": [15.5, 1, 15, 0], "texture": "#0"},
				"down": {"uv": [15.5, 0, 15, 1], "texture": "#0"}
			}
		},
		{
			"from": [9.5, 13.33323, -12.47326],
			"to": [13.5, 13.33323, -6.47326],
			"rotation": {"angle": -22.5, "axis": "x", "origin": [6.5, 24.33323, -3.47326]},
			"faces": {
				"north": {"uv": [16, 2.5, 15, 1], "texture": "#0"},
				"east": {"uv": [16, 2.5, 15, 1], "texture": "#0"},
				"south": {"uv": [16, 2.5, 15, 1], "texture": "#0"},
				"west": {"uv": [16, 2.5, 15, 1], "texture": "#0"},
				"up": {"uv": [16, 2.5, 15, 1], "texture": "#0"},
				"down": {"uv": [16, 1, 15, 2.5], "texture": "#0"}
			}
		},
		{
			"from": [7.5, 13.02243, 0.96424],
			"to": [9.5, 13.02243, 2.96424],
			"rotation": {"angle": 0, "axis": "x", "origin": [4.5, 24.02243, 5.96424]},
			"faces": {
				"north": {"uv": [15.5, 0.5, 15, 0], "texture": "#0"},
				"east": {"uv": [15.5, 0.5, 15, 0], "texture": "#0"},
				"south": {"uv": [15.5, 0.5, 15, 0], "texture": "#0"},
				"west": {"uv": [15.5, 0.5, 15, 0], "texture": "#0"},
				"up": {"uv": [15.5, 0.5, 15, 0], "texture": "#0"},
				"down": {"uv": [15.5, 0.5, 15, 0], "texture": "#0"}
			}
		},
		{
			"from": [11.5, 13.02243, -1.03576],
			"to": [13.5, 13.02243, 0.96424],
			"rotation": {"angle": 0, "axis": "x", "origin": [8.5, 24.02243, 3.96424]},
			"faces": {
				"north": {"uv": [15.5, 1, 15, 0.5], "texture": "#0"},
				"east": {"uv": [15.5, 1, 15, 0.5], "texture": "#0"},
				"south": {"uv": [15.5, 1, 15, 0.5], "texture": "#0"},
				"west": {"uv": [15.5, 1, 15, 0.5], "texture": "#0"},
				"up": {"uv": [15.5, 1, 15, 0.5], "texture": "#0"},
				"down": {"uv": [15.5, 1, 15, 0.5], "texture": "#0"}
			}
		},
		{
			"from": [4, 0, 6],
			"to": [8, 11, 6],
			"rotation": {"angle": 0, "axis": "y", "origin": [0, 23, 0]},
			"faces": {
				"north": {"uv": [0, 4.25, 1, 6.5], "texture": "#0"},
				"east": {"uv": [0, 0, 0, 2.25], "texture": "#0"},
				"south": {"uv": [1, 4.25, 0, 6.5], "texture": "#0"},
				"west": {"uv": [0, 0, 0, 2.25], "texture": "#0"},
				"up": {"uv": [1, 0, 0, 0], "texture": "#0"},
				"down": {"uv": [1, 0, 0, 0], "texture": "#0"}
			}
		},
		{
			"from": [13, 2, 6],
			"to": [17, 11, 6],
			"rotation": {"angle": 0, "axis": "y", "origin": [16, 23, 0]},
			"faces": {
				"north": {"uv": [1, 4.25, 0, 6.5], "texture": "#0"},
				"east": {"uv": [0, 0, 0, 2.25], "texture": "#0"},
				"south": {"uv": [0, 4.25, 1, 6.5], "texture": "#0"},
				"west": {"uv": [0, 0, 0, 2.25], "texture": "#0"},
				"up": {"uv": [0, 0, 1, 0], "texture": "#0"},
				"down": {"uv": [0, 0, 1, 0], "texture": "#0"}
			}
		},
		{
			"from": [4, -6, 15],
			"to": [5, 11, 17],
			"rotation": {"angle": 0, "axis": "y", "origin": [16, 15, 0]},
			"faces": {
				"north": {"uv": [1.25, 6.5, 1, 10.75], "texture": "#0"},
				"east": {"uv": [2.5, 4.25, 2, 8.5], "texture": "#0"},
				"south": {"uv": [1.5, 6.5, 1.25, 10.75], "texture": "#0"},
				"west": {"uv": [2.5, 4.25, 2, 8.5], "texture": "#0"},
				"up": {"uv": [5.5, 8, 5.75, 7.5], "texture": "#0"},
				"down": {"uv": [5.75, 7.5, 6, 8], "texture": "#0"}
			}
		},
		{
			"from": [16, -6, 15],
			"to": [17, 11, 17],
			"rotation": {"angle": 0, "axis": "y", "origin": [0, 15, 0]},
			"faces": {
				"north": {"uv": [1, 6.5, 1.25, 10.75], "texture": "#0"},
				"east": {"uv": [2, 4.25, 2.5, 8.5], "texture": "#0"},
				"south": {"uv": [1.25, 6.5, 1.5, 10.75], "texture": "#0"},
				"west": {"uv": [2, 4.25, 2.5, 8.5], "texture": "#0"},
				"up": {"uv": [5.75, 8, 5.5, 7.5], "texture": "#0"},
				"down": {"uv": [6, 7.5, 5.75, 8], "texture": "#0"}
			}
		},
		{
			"from": [4, -4, 13],
			"to": [5, 11, 15],
			"rotation": {"angle": 0, "axis": "y", "origin": [16, 15, 0]},
			"faces": {
				"north": {"uv": [1.75, 6.5, 1.5, 10.25], "texture": "#0"},
				"east": {"uv": [3, 4.25, 3.5, 8], "texture": "#0"},
				"south": {"uv": [2, 6.5, 1.75, 10.25], "texture": "#0"},
				"west": {"uv": [3.5, 4.25, 3, 8], "texture": "#0"},
				"up": {"uv": [7.75, 3.75, 8, 3.25], "texture": "#0"},
				"down": {"uv": [7.75, 3.75, 8, 4.25], "texture": "#0"}
			}
		},
		{
			"from": [16, -4, 13],
			"to": [17, 11, 15],
			"rotation": {"angle": 0, "axis": "y", "origin": [0, 15, 0]},
			"faces": {
				"north": {"uv": [1.5, 6.5, 1.75, 10.25], "texture": "#0"},
				"east": {"uv": [3, 4.25, 3.5, 8], "texture": "#0"},
				"south": {"uv": [1.75, 6.5, 2, 10.25], "texture": "#0"},
				"west": {"uv": [3.5, 4.25, 3, 8], "texture": "#0"},
				"up": {"uv": [8, 3.75, 7.75, 3.25], "texture": "#0"},
				"down": {"uv": [8, 3.75, 7.75, 4.25], "texture": "#0"}
			}
		},
		{
			"from": [4, -2, 11],
			"to": [5, 11, 13],
			"rotation": {"angle": 0, "axis": "y", "origin": [16, 15, 0]},
			"faces": {
				"north": {"uv": [6.25, 6.5, 6, 9.75], "texture": "#0"},
				"east": {"uv": [4, 4.25, 4.5, 7.5], "texture": "#0"},
				"south": {"uv": [7, 6, 6.75, 9.25], "texture": "#0"},
				"west": {"uv": [4.5, 4.25, 4, 7.5], "texture": "#0"},
				"up": {"uv": [7.75, 4.75, 8, 4.25], "texture": "#0"},
				"down": {"uv": [7.75, 4.75, 8, 5.25], "texture": "#0"}
			}
		},
		{
			"from": [16, -2, 11],
			"to": [17, 11, 13],
			"rotation": {"angle": 0, "axis": "y", "origin": [0, 15, 0]},
			"faces": {
				"north": {"uv": [6, 6.5, 6.25, 9.75], "texture": "#0"},
				"east": {"uv": [4, 4.25, 4.5, 7.5], "texture": "#0"},
				"south": {"uv": [6.75, 6, 7, 9.25], "texture": "#0"},
				"west": {"uv": [4.5, 4.25, 4, 7.5], "texture": "#0"},
				"up": {"uv": [8, 4.75, 7.75, 4.25], "texture": "#0"},
				"down": {"uv": [8, 4.75, 7.75, 5.25], "texture": "#0"}
			}
		},
		{
			"from": [16, 1, 9],
			"to": [17, 11, 11],
			"rotation": {"angle": 0, "axis": "y", "origin": [0, 15, 0]},
			"faces": {
				"north": {"uv": [6.25, 6.75, 6.5, 9.25], "texture": "#0"},
				"east": {"uv": [6.25, 4.25, 6.75, 6.75], "texture": "#0"},
				"south": {"uv": [6.5, 6.75, 6.75, 9.25], "texture": "#0"},
				"west": {"uv": [6.75, 4.5, 6.25, 6.5], "texture": "#0"},
				"up": {"uv": [7.25, 8.25, 7, 7.75], "texture": "#0"},
				"down": {"uv": [7.5, 7.75, 7.25, 8.25], "texture": "#0"}
			}
		},
		{
			"from": [4, 1, 9],
			"to": [5, 11, 11],
			"rotation": {"angle": 0, "axis": "y", "origin": [16, 15, 0]},
			"faces": {
				"north": {"uv": [6.5, 6.75, 6.25, 9.25], "texture": "#0"},
				"east": {"uv": [6.25, 4.5, 6.75, 6.5], "texture": "#0"},
				"south": {"uv": [6.75, 6.75, 6.5, 9.25], "texture": "#0"},
				"west": {"uv": [6.75, 4.25, 6.25, 6.75], "texture": "#0"},
				"up": {"uv": [7, 8.25, 7.25, 7.75], "texture": "#0"},
				"down": {"uv": [7.25, 7.75, 7.5, 8.25], "texture": "#0"}
			}
		},
		{
			"from": [5, -6, 16],
			"to": [16, 11, 17],
			"rotation": {"angle": 0, "axis": "y", "origin": [0, 15, 0]},
			"faces": {
				"north": {"uv": [2.75, 0, 5.5, 4.25], "texture": "#0"},
				"east": {"uv": [0.5, 6.5, 0.75, 10.75], "texture": "#0"},
				"south": {"uv": [2.75, 0, 5.5, 4.25], "texture": "#0"},
				"west": {"uv": [1.25, 6.5, 1, 10.75], "texture": "#0"},
				"up": {"uv": [9.75, 7.25, 7, 7], "texture": "#0"},
				"down": {"uv": [9.75, 7.25, 7, 7.5], "texture": "#0"}
			}
		},
		{
			"from": [16, -6, 15],
			"to": [17, 11, 17],
			"rotation": {"angle": 0, "axis": "y", "origin": [0, 15, 0]},
			"faces": {
				"north": {"uv": [1, 6.5, 1.25, 10.75], "texture": "#0"},
				"east": {"uv": [2, 4.25, 2.5, 8.5], "texture": "#0"},
				"south": {"uv": [1.25, 6.5, 1.5, 10.75], "texture": "#0"},
				"west": {"uv": [2, 4.25, 2.5, 8.5], "texture": "#0"},
				"up": {"uv": [5.75, 8, 5.5, 7.5], "texture": "#0"},
				"down": {"uv": [6, 7.5, 5.75, 8], "texture": "#0"}
			}
		}
	],
	"display": {
		"thirdperson_righthand": {
			"rotation": [62, 0, 0],
			"translation": [0, -1, 0.75],
			"scale": [0.46, 0.43, 0.45]
		},
		"thirdperson_lefthand": {
			"rotation": [62, 0, 0],
			"translation": [0, -1, 0.75],
			"scale": [0.46, 0.43, 0.45]
		},
		"firstperson_righthand": {
			"rotation": [62, 0, 0],
			"translation": [0, -1, 0.75],
			"scale": [0.46, 0.43, 0.45]
		},
		"firstperson_lefthand": {
			"rotation": [62, 0, 0],
			"translation": [0, -1, 0.75],
			"scale": [0.46, 0.43, 0.45]
		},
		"gui": {
			"rotation": [-154.82, 47.29, 179.22],
			"translation": [0, -1.75, 0],
			"scale": [0.48, 0.48, 0.48]
		},
		"head": {
			"translation": [-2.5, -9, -2.75],
			"scale": [1.00391, 0.96875, 1]
		},
		"fixed": {
			"translation": [0, -2, 0]
		}
	}
}