{
	"credit": "Made with Blockbench",
	"textures": {
		"1": "./kairaeyes",
		"2": "./crown",
		"particle": "./kairaeyes"
	},
	"elements": [
		{
			"from": [10, -5, 25],
			"to": [19, -1, 25],
			"rotation": {"angle": 0, "axis": "y", "origin": [14, -1, 9]},
			"faces": {
				"north": {"uv": [13.625, 0.625, 16, 4.5], "texture": "#2"},
				"east": {"uv": [0, 0, 0, 4], "texture": "#2"},
				"south": {"uv": [13.625, 0.625, 16, 4.5], "texture": "#2"},
				"west": {"uv": [0, 0, 0, 4], "texture": "#2"},
				"up": {"uv": [0, 0, 8, 0], "texture": "#2"},
				"down": {"uv": [0, 0, 8, 0], "texture": "#2"}
			}
		},
		{
			"from": [1, -5, 25],
			"to": [10, -1, 25],
			"rotation": {"angle": 0, "axis": "y", "origin": [6, -1, 9]},
			"faces": {
				"north": {"uv": [16, 0.625, 13.625, 4.5], "texture": "#2"},
				"east": {"uv": [0, 0, 0, 4], "texture": "#2"},
				"south": {"uv": [16, 0.625, 13.625, 4.5], "texture": "#2"},
				"west": {"uv": [0, 0, 0, 4], "texture": "#2"},
				"up": {"uv": [8, 0, 0, 0], "texture": "#2"},
				"down": {"uv": [8, 0, 0, 0], "texture": "#2"}
			}
		},
		{
			"from": [14.95, 0, 7],
			"to": [18.95, 4, 7],
			"rotation": {"angle": 0, "axis": "y", "origin": [14, 0, 7]},
			"faces": {
				"north": {"uv": [0, 7.875, 8, 11.125], "texture": "#2"},
				"east": {"uv": [0, 0, 0, 4], "texture": "#2"},
				"south": {"uv": [8, 8, 0, 11.125], "texture": "#2"},
				"west": {"uv": [0, 0, 0, 4], "texture": "#2"},
				"up": {"uv": [8, 0, 0, 0], "texture": "#2"},
				"down": {"uv": [8, 0, 0, 0], "texture": "#2"}
			}
		},
		{
			"from": [1.05, 0, 7],
			"to": [5.05, 4, 7],
			"rotation": {"angle": 0, "axis": "y", "origin": [6, 0, 7]},
			"faces": {
				"north": {"uv": [8, 7.875, 0, 11.125], "texture": "#2"},
				"east": {"uv": [0, 0, 0, 4], "texture": "#2"},
				"south": {"uv": [0, 8, 8, 11.125], "texture": "#2"},
				"west": {"uv": [0, 0, 0, 4], "texture": "#2"},
				"up": {"uv": [0, 0, 8, 0], "texture": "#2"},
				"down": {"uv": [0, 0, 8, 0], "texture": "#2"}
			}
		},
		{
			"from": [6.575, -6.075, 8.425],
			"to": [8.35, -3.05, 8.425],
			"rotation": {"angle": 0, "axis": "y", "origin": [10.375, -6.4, 8.425]},
			"faces": {
				"north": {"uv": [2.49687, 0.25625, 13.65312, 15.875], "texture": "#1"},
				"east": {"uv": [0, 0, 0, 4], "texture": "#1"},
				"south": {"uv": [0, 8, 8, 11.125], "texture": "#1"},
				"west": {"uv": [0, 0, 0, 4], "texture": "#1"},
				"up": {"uv": [0, 0, 8, 0], "texture": "#1"},
				"down": {"uv": [0, 0, 8, 0], "texture": "#1"}
			}
		},
		{
			"from": [1, 0, 7],
			"to": [1, 4, 14],
			"rotation": {"angle": 0, "axis": "y", "origin": [10, 0, 7]},
			"faces": {
				"north": {"uv": [0, 0, 0, 4], "texture": "#2"},
				"east": {"uv": [8, 8, 0, 11.375], "texture": "#2"},
				"south": {"uv": [0, 0, 0, 4], "texture": "#2"},
				"west": {"uv": [0, 7.875, 7.25, 11.125], "texture": "#2"},
				"up": {"uv": [0, 0, 8, 0], "rotation": 90, "texture": "#2"},
				"down": {"uv": [0, 0, 8, 0], "rotation": 270, "texture": "#2"}
			}
		},
		{
			"from": [19, 0, 7],
			"to": [19, 4, 14],
			"rotation": {"angle": 0, "axis": "y", "origin": [10, 0, 7]},
			"faces": {
				"north": {"uv": [0, 0, 0, 4], "texture": "#2"},
				"east": {"uv": [7.25, 7.875, 0, 11.125], "texture": "#2"},
				"south": {"uv": [0, 0, 0, 4], "texture": "#2"},
				"west": {"uv": [0, 8, 8, 11.375], "texture": "#2"},
				"up": {"uv": [0, 0, 8, 0], "rotation": 90, "texture": "#2"},
				"down": {"uv": [0, 0, 8, 0], "rotation": 270, "texture": "#2"}
			}
		},
		{
			"from": [19, -4, 17],
			"to": [19, -1, 25],
			"rotation": {"angle": 0, "axis": "y", "origin": [10, 0, 7]},
			"faces": {
				"north": {"uv": [0, 0, 0, 4], "texture": "#2"},
				"east": {"uv": [7, 13.875, 0, 16], "texture": "#2"},
				"south": {"uv": [0, 0, 0, 4], "texture": "#2"},
				"west": {"uv": [0, 13.875, 7, 16], "texture": "#2"},
				"up": {"uv": [0, 0, 8, 0], "rotation": 90, "texture": "#2"},
				"down": {"uv": [0, 0, 8, 0], "rotation": 270, "texture": "#2"}
			}
		},
		{
			"from": [1, -4, 17],
			"to": [1, -1, 25],
			"rotation": {"angle": 0, "axis": "y", "origin": [10, 0, 7]},
			"faces": {
				"north": {"uv": [0, 0, 0, 4], "texture": "#2"},
				"east": {"uv": [7, 13.875, 0, 16], "texture": "#2"},
				"south": {"uv": [0, 0, 0, 4], "texture": "#2"},
				"west": {"uv": [0, 13.875, 7, 16], "texture": "#2"},
				"up": {"uv": [0, 0, 8, 0], "rotation": 90, "texture": "#2"},
				"down": {"uv": [0, 0, 8, 0], "rotation": 270, "texture": "#2"}
			}
		},
		{
			"from": [0.99, 1.2, 12],
			"to": [0.99, 6.2, 19],
			"rotation": {"angle": 22.5, "axis": "x", "origin": [10, 0, 7]},
			"faces": {
				"north": {"uv": [0, 0, 0, 4], "texture": "#2"},
				"east": {"uv": [16, 8.125, 8.375, 11.25], "texture": "#2"},
				"south": {"uv": [0, 0, 0, 4], "texture": "#2"},
				"west": {"uv": [8.375, 8.125, 15.875, 11.5], "texture": "#2"},
				"up": {"uv": [0, 0, 8, 0], "rotation": 90, "texture": "#2"},
				"down": {"uv": [0, 0, 8, 0], "rotation": 270, "texture": "#2"}
			}
		},
		{
			"from": [19.01, 1.2, 12],
			"to": [19.01, 6.2, 19],
			"rotation": {"angle": 22.5, "axis": "x", "origin": [10, 0, 7]},
			"faces": {
				"north": {"uv": [0, 0, 0, 4], "texture": "#2"},
				"east": {"uv": [15.875, 8.125, 8.375, 11.5], "texture": "#2"},
				"south": {"uv": [0, 0, 0, 4], "texture": "#2"},
				"west": {"uv": [8.375, 8.125, 16, 11.25], "texture": "#2"},
				"up": {"uv": [0, 0, 8, 0], "rotation": 90, "texture": "#2"},
				"down": {"uv": [0, 0, 8, 0], "rotation": 270, "texture": "#2"}
			}
		},
		{
			"from": [10, -1, 7],
			"to": [15, 6, 7],
			"rotation": {"angle": 0, "axis": "y", "origin": [7, 0, 7]},
			"faces": {
				"north": {"uv": [0, 0, 4.625, 7], "texture": "#2"},
				"east": {"uv": [0, 0, 0, 7], "texture": "#2"},
				"south": {"uv": [4.75, 0, 0, 7.125], "texture": "#2"},
				"west": {"uv": [0, 0, 0, 7], "texture": "#2"},
				"up": {"uv": [9, 0, 0, 0], "texture": "#2"},
				"down": {"uv": [9, 0, 0, 0], "texture": "#2"}
			}
		},
		{
			"from": [5, -1, 7],
			"to": [10, 6, 7],
			"rotation": {"angle": 0, "axis": "y", "origin": [13, 0, 7]},
			"faces": {
				"north": {"uv": [4.625, 0, 0, 7], "texture": "#2"},
				"east": {"uv": [0, 0, 0, 7], "texture": "#2"},
				"south": {"uv": [0, 0, 4.75, 7.125], "texture": "#2"},
				"west": {"uv": [0, 0, 0, 7], "texture": "#2"},
				"up": {"uv": [0, 0, 9, 0], "texture": "#2"},
				"down": {"uv": [0, 0, 9, 0], "texture": "#2"}
			}
		}
	],
	"display": {
		"thirdperson_righthand": {
			"rotation": [62, 0, 0],
			"translation": [0, 1, 3.25],
			"scale": [0.37993, 0.43, 0.59454]
		},
		"thirdperson_lefthand": {
			"rotation": [62, 0, 0],
			"translation": [0, 1, 3.25],
			"scale": [0.37993, 0.43, 0.59454]
		},
		"firstperson_righthand": {
			"rotation": [62, 0, 0],
			"translation": [0, 1, 3.25],
			"scale": [0.46, 0.43, 0.45]
		},
		"ground": {
			"translation": [-3, 13.25, -6]
		},
		"gui": {
			"rotation": [-154.82, 47.29, 179.22],
			"translation": [-2.75, 2, 0],
			"scale": [0.55, 0.55, 0.55]
		},
		"head": {
			"translation": [-2, 9.25, -6.75],
			"scale": [0.89453, 0.99414, 0.82227]
		},
		"fixed": {
			"translation": [-2.25, 6, -16.75]
		}
	}
}