{"textures":{"0":"modelengine:entity/dragon_beam"},"elements":[{"from":[5.2,5.2,-16.0],"to":[10.8,10.8,32.0],"faces":{"east":{"uv":[0.0,6.5,16.0,9.5],"tintindex":0,"rotation":0,"texture":"#0"},"south":{"uv":[0.0,0.0,5.6,5.6],"tintindex":0,"rotation":0,"texture":"#0"},"north":{"uv":[0.0,0.0,5.6,5.6],"tintindex":0,"rotation":0,"texture":"#0"},"west":{"uv":[0.0,6.5,16.0,9.5],"tintindex":0,"rotation":0,"texture":"#0"},"up":{"uv":[0.0,6.5,16.0,9.5],"tintindex":0,"rotation":90,"texture":"#0"},"down":{"uv":[0.0,6.5,16.0,9.5],"tintindex":0,"rotation":90,"texture":"#0"}}}],"display":{"gui":{"rotation":[30,225,0]}}}