{"textures":{"0":"modelengine:entity/ps_ec_soul_demonic_vfx_1"},"elements":[{"from":[-4.0,7.9,-3.0],"to":[20.0,7.9,21.0],"faces":{"up":{"uv":[1.2307693,15.384616,0.61538464,14.769231],"tintindex":0,"rotation":0,"texture":"#0"},"down":{"uv":[15.384616,0.61538464,14.769231,1.2307693],"tintindex":0,"rotation":0,"texture":"#0"}}},{"from":[-4.0,8.0,-3.0],"to":[20.0,8.0,21.0],"faces":{"up":{"uv":[3.0769231,15.384616,2.4615386,14.769231],"tintindex":0,"rotation":0,"texture":"#0"},"down":{"uv":[15.384616,2.4615386,14.769231,3.0769231],"tintindex":0,"rotation":0,"texture":"#0"}},"rotation":{"origin":[8.0,8.0,9.0],"angle":45.0,"axis":"y"}},{"from":[-4.0,8.1,-3.0],"to":[20.0,8.1,21.0],"faces":{"up":{"uv":[0.61538464,15.384616,0.0,14.769231],"tintindex":0,"rotation":0,"texture":"#0"},"down":{"uv":[15.384616,0.0,14.769231,0.61538464],"tintindex":0,"rotation":0,"texture":"#0"}}},{"from":[-4.0,7.95,-3.0],"to":[20.0,7.95,21.0],"faces":{"up":{"uv":[2.4615386,15.384616,1.8461539,14.769231],"tintindex":0,"rotation":0,"texture":"#0"},"down":{"uv":[15.384616,1.8461539,14.769231,2.4615386],"tintindex":0,"rotation":0,"texture":"#0"}},"rotation":{"origin":[8.0,8.0,9.0],"angle":-22.5,"axis":"y"}},{"from":[-4.0,8.05,-3.0],"to":[20.0,8.05,21.0],"faces":{"up":{"uv":[1.8461539,15.384616,1.2307693,14.769231],"tintindex":0,"rotation":0,"texture":"#0"},"down":{"uv":[15.384616,1.2307693,14.769231,1.8461539],"tintindex":0,"rotation":0,"texture":"#0"}},"rotation":{"origin":[8.0,8.0,9.0],"angle":-22.5,"axis":"y"}}],"display":{"gui":{"rotation":[30,225,0]}}}